ISO-10303-21;
HEADER;
FILE_DESCRIPTION (( 'STEP AP214' ),
    '1' );
FILE_NAME ('R0508.step',
    '2022-07-28T08:33:15',
    ( '' ),
    ( '' ),
    'SwSTEP 2.0',
    'SolidWorks 2020',
    '' );
FILE_SCHEMA (( 'AUTOMOTIVE_DESIGN' ));
ENDSEC;

DATA;
#1 = ADVANCED_FACE ( 'NONE', ( #4111 ), #470, .F. ) ;
#2 = ORIENTED_EDGE ( 'NONE', *, *, #10149, .F. ) ;
#3 = VECTOR ( 'NONE', #11388, 1000.000000000000114 ) ;
#4 = CARTESIAN_POINT ( 'NONE',  ( -0.09300910346929261441, 0.9810000000000003162, 0.2949679026787432323 ) ) ;
#5 = B_SPLINE_SURFACE_WITH_KNOTS ( 'NONE', 3, 1, ( 
 ( #320, #4690 ),
 ( #2922, #10291 ),
 ( #9378, #3231 ),
 ( #4076, #4307 ) ),
 .UNSPECIFIED., .F., .F., .F.,
 ( 4, 4 ),
 ( 2, 2 ),
 ( 8.000000000000000000, 9.000000000000000000 ),
 ( 0.0000000000000000000, 1.000000000000000000 ),
 .UNSPECIFIED. ) ;
#6 = DIRECTION ( 'NONE',  ( -0.0000000000000000000, -1.000000000000000000, -0.0000000000000000000 ) ) ;
#7 = PRESENTATION_STYLE_ASSIGNMENT (( #4610 ) ) ;
#8 = EDGE_LOOP ( 'NONE', ( #8849, #9779, #8742, #5878 ) ) ;
#9 = VERTEX_POINT ( 'NONE', #1332 ) ;
#10 = CARTESIAN_POINT ( 'NONE',  ( -0.05402736683254578953, 0.9810000000000003162, 0.3018989930937056032 ) ) ;
#11 =( GEOMETRIC_REPRESENTATION_CONTEXT ( 3 ) GLOBAL_UNCERTAINTY_ASSIGNED_CONTEXT ( ( #7202 ) ) GLOBAL_UNIT_ASSIGNED_CONTEXT ( ( #4861, #765, #817 ) ) REPRESENTATION_CONTEXT ( 'NONE', 'WORKASPACE' ) );
#12 = COLOUR_RGB ( '',0.2235294117647058654, 0.2235294117647058654, 0.2235294117647058654 ) ;
#13 =( LENGTH_UNIT ( ) NAMED_UNIT ( * ) SI_UNIT ( .MILLI., .METRE. ) );
#14 = CARTESIAN_POINT ( 'NONE',  ( -0.1943822964821611265, 0.9800000000000004263, 0.2373467447659422525 ) ) ;
#15 = ORIENTED_EDGE ( 'NONE', *, *, #7710, .F. ) ;
#16 = ADVANCED_FACE ( 'NONE', ( #3206 ), #10618, .F. ) ;
#17 = CARTESIAN_POINT ( 'NONE',  ( -0.5799999999999994049, 0.9800000000000004263, 0.5300000000000001377 ) ) ;
#18 = CARTESIAN_POINT ( 'NONE',  ( -0.1952843293647865686, 0.9810000000000003162, 0.3022228729883505438 ) ) ;
#19 = ORIENTED_EDGE ( 'NONE', *, *, #5274, .F. ) ;
#20 = CARTESIAN_POINT ( 'NONE',  ( -0.1110602552199796422, 0.9800000000000004263, 0.3404863979962016729 ) ) ;
#21 = ORIENTED_EDGE ( 'NONE', *, *, #9136, .F. ) ;
#22 =( NAMED_UNIT ( * ) SI_UNIT ( $, .STERADIAN. ) SOLID_ANGLE_UNIT ( ) );
#23 = CARTESIAN_POINT ( 'NONE',  ( -0.1810518865645341369, 0.9810000000000003162, 0.2508545032507597528 ) ) ;
#24 = CARTESIAN_POINT ( 'NONE',  ( 0.1417074885652207239, 0.9810000000000003162, 0.3478794537793541419 ) ) ;
#25 = ORIENTED_EDGE ( 'NONE', *, *, #9076, .F. ) ;
#26 = ORIENTED_EDGE ( 'NONE', *, *, #10361, .F. ) ;
#27 = DIRECTION ( 'NONE',  ( -0.007092178509966642896, 0.0000000000000000000, 0.9999748501857348426 ) ) ;
#28 = EDGE_CURVE ( 'NONE', #7688, #10775, #1450, .T. ) ;
#29 = CARTESIAN_POINT ( 'NONE',  ( -0.1410897765776967239, 0.9810000000000003162, 0.2441713755496451588 ) ) ;
#30 = EDGE_LOOP ( 'NONE', ( #1813, #4755, #6666, #5105 ) ) ;
#31 = B_SPLINE_CURVE_WITH_KNOTS ( 'NONE', 3,
 ( #5928, #9590, #8701, #3791 ),
 .UNSPECIFIED., .F., .F.,
 ( 4, 4 ),
 ( 1.000000000000000000, 2.000000000000000000 ),
 .UNSPECIFIED. ) ;
#32 = CARTESIAN_POINT ( 'NONE',  ( 0.3817097946182765877, -1.000000000000000444, 0.5500000000000000444 ) ) ;
#33 = CARTESIAN_POINT ( 'NONE',  ( -0.2385925549333033080, 0.9810000000000003162, 0.2199287419381709685 ) ) ;
#34 = ORIENTED_EDGE ( 'NONE', *, *, #8567, .F. ) ;
#35 = STYLED_ITEM ( 'NONE', ( #8335 ), #4313 ) ;
#36 = CARTESIAN_POINT ( 'NONE',  ( -0.1615075172667808645, 0.9800000000000004263, 0.2953399093373641482 ) ) ;
#37 = DIRECTION ( 'NONE',  ( -0.0000000000000000000, -1.000000000000000000, -0.0000000000000000000 ) ) ;
#38 = EDGE_CURVE ( 'NONE', #872, #10989, #486, .T. ) ;
#39 = FILL_AREA_STYLE_COLOUR ( '', #4752 ) ;
#40 = DIRECTION ( 'NONE',  ( -0.0000000000000000000, 1.000000000000000000, -0.0000000000000000000 ) ) ;
#41 = CARTESIAN_POINT ( 'NONE',  ( -0.1324238690058055501, 0.9800000000000004263, 0.2354726564968886993 ) ) ;
#42 =( NAMED_UNIT ( * ) PLANE_ANGLE_UNIT ( ) SI_UNIT ( $, .RADIAN. ) );
#43 = CARTESIAN_POINT ( 'NONE',  ( 0.5800000000000001821, 0.9999999999999995559, 0.5300000000000000266 ) ) ;
#44 = LINE ( 'NONE', #10969, #528 ) ;
#45 = LINE ( 'NONE', #2821, #4796 ) ;
#46 = EDGE_CURVE ( 'NONE', #2690, #10821, #9773, .T. ) ;
#47 = ORIENTED_EDGE ( 'NONE', *, *, #11799, .F. ) ;
#48 = CARTESIAN_POINT ( 'NONE',  ( -0.09249217796259767699, 0.9810000000000003162, 0.2367436611642649014 ) ) ;
#49 = CARTESIAN_POINT ( 'NONE',  ( -0.2142054138241698269, 0.9800000000000004263, 0.2651503489356676901 ) ) ;
#50 = PLANE ( 'NONE',  #5794 ) ;
#51 = DIRECTION ( 'NONE',  ( -0.0000000000000000000, -1.000000000000000000, -0.0000000000000000000 ) ) ;
#52 = CARTESIAN_POINT ( 'NONE',  ( -0.1033061269104909724, 0.9810000000000003162, 0.2441014208557291121 ) ) ;
#53 = CARTESIAN_POINT ( 'NONE',  ( -0.05373332265115360329, 0.9810000000000003162, 0.2604396889007068450 ) ) ;
#54 = ORIENTED_EDGE ( 'NONE', *, *, #665, .T. ) ;
#55 = CARTESIAN_POINT ( 'NONE',  ( -0.2254477106681113119, 0.9810000000000003162, 0.3457318635279222896 ) ) ;
#56 =( NAMED_UNIT ( * ) PLANE_ANGLE_UNIT ( ) SI_UNIT ( $, .RADIAN. ) );
#57 = CARTESIAN_POINT ( 'NONE',  ( -0.5799999999999994049, 1.000000000000000444, 0.01999999999999999695 ) ) ;
#58 = ORIENTED_EDGE ( 'NONE', *, *, #6826, .T. ) ;
#59 = ADVANCED_FACE ( 'NONE', ( #4287 ), #1070, .T. ) ;
#60 = ORIENTED_EDGE ( 'NONE', *, *, #10320, .T. ) ;
#61 = UNCERTAINTY_MEASURE_WITH_UNIT (LENGTH_MEASURE( 1.000000000000000082E-05 ), #2464, 'distance_accuracy_value', 'NONE');
#62 = DIRECTION ( 'NONE',  ( 0.9999748501857349536, -0.0000000000000000000, 0.007092178509959435988 ) ) ;
#63 = CARTESIAN_POINT ( 'NONE',  ( -0.1144412211968475201, 0.9810000000000003162, 0.3040699766448613506 ) ) ;
#64 = DIRECTION ( 'NONE',  ( 0.9999748501857348426, 0.0000000000000000000, 0.007092178509965165779 ) ) ;
#65 = DIRECTION ( 'NONE',  ( 0.3451999324527419977, 0.0000000000000000000, -0.9385291719678309219 ) ) ;
#66 = FILL_AREA_STYLE_COLOUR ( '', #11400 ) ;
#67 = ORIENTED_EDGE ( 'NONE', *, *, #5473, .T. ) ;
#68 = VERTEX_POINT ( 'NONE', #6454 ) ;
#69 = ORIENTED_EDGE ( 'NONE', *, *, #2266, .F. ) ;
#70 = EDGE_CURVE ( 'NONE', #1002, #6785, #10127, .T. ) ;
#71 = DIRECTION ( 'NONE',  ( 0.0000000000000000000, 0.0000000000000000000, -1.000000000000000000 ) ) ;
#72 = CARTESIAN_POINT ( 'NONE',  ( 0.05044595173453347153, 0.9800000000000004263, 0.3197577475172901362 ) ) ;
#73 = CARTESIAN_POINT ( 'NONE',  ( -0.2699999999999994071, -0.9800000000000004263, 0.5300000000000001377 ) ) ;
#74 = VERTEX_POINT ( 'NONE', #1841 ) ;
#75 = ORIENTED_EDGE ( 'NONE', *, *, #7170, .T. ) ;
#76 =( LENGTH_UNIT ( ) NAMED_UNIT ( * ) SI_UNIT ( .MILLI., .METRE. ) );
#77 = CARTESIAN_POINT ( 'NONE',  ( 0.01679171835792092615, 0.9800000000000004263, 0.2226354991997891719 ) ) ;
#78 = UNCERTAINTY_MEASURE_WITH_UNIT (LENGTH_MEASURE( 1.000000000000000082E-05 ), #4770, 'distance_accuracy_value', 'NONE');
#79 = VERTEX_POINT ( 'NONE', #4587 ) ;
#80 = VECTOR ( 'NONE', #5395, 1000.000000000000000 ) ;
#81 = AXIS2_PLACEMENT_3D ( 'NONE', #5650, #11179, #1050 ) ;
#82 = CARTESIAN_POINT ( 'NONE',  ( -0.1063201597271762333, 0.9810000000000003162, 0.3007222812923620592 ) ) ;
#83 = FILL_AREA_STYLE ('',( #7394 ) ) ;
#84 = ORIENTED_EDGE ( 'NONE', *, *, #990, .T. ) ;
#85 = FILL_AREA_STYLE ('',( #5857 ) ) ;
#86 = EDGE_CURVE ( 'NONE', #2063, #7211, #10068, .T. ) ;
#87 = CARTESIAN_POINT ( 'NONE',  ( -0.2592827593950957632, 0.9810000000000003162, 0.2398758267129963151 ) ) ;
#88 =( LENGTH_UNIT ( ) NAMED_UNIT ( * ) SI_UNIT ( .MILLI., .METRE. ) );
#89 = MECHANICAL_DESIGN_GEOMETRIC_PRESENTATION_REPRESENTATION (  '', ( #10327 ), #6672 ) ;
#90 = B_SPLINE_SURFACE_WITH_KNOTS ( 'NONE', 3, 1, ( 
 ( #9214, #5671 ),
 ( #5736, #3010 ),
 ( #8451, #3188 ),
 ( #6821, #4035 ) ),
 .UNSPECIFIED., .F., .F., .F.,
 ( 4, 4 ),
 ( 2, 2 ),
 ( 3.000000000000000000, 4.000000000000000000 ),
 ( 0.0000000000000000000, 1.000000000000000000 ),
 .UNSPECIFIED. ) ;
#91 = COLOUR_RGB ( '',0.2235294117647058654, 0.2235294117647058654, 0.2235294117647058654 ) ;
#92 =( NAMED_UNIT ( * ) PLANE_ANGLE_UNIT ( ) SI_UNIT ( $, .RADIAN. ) );
#93 = CARTESIAN_POINT ( 'NONE',  ( 0.2699999999999994071, -0.9800000000000004263, 0.01999999999999999695 ) ) ;
#94 = FILL_AREA_STYLE_COLOUR ( '', #11091 ) ;
#95 = PRESENTATION_STYLE_ASSIGNMENT (( #9279 ) ) ;
#96 = EDGE_CURVE ( 'NONE', #1002, #11000, #7235, .T. ) ;
#97 = MECHANICAL_DESIGN_GEOMETRIC_PRESENTATION_REPRESENTATION (  '', ( #10521 ), #8796 ) ;
#98 = DIRECTION ( 'NONE',  ( 0.0000000000000000000, 0.0000000000000000000, -1.000000000000000000 ) ) ;
#99 = VECTOR ( 'NONE', #10064, 1000.000000000000000 ) ;
#100 = ORIENTED_EDGE ( 'NONE', *, *, #11294, .T. ) ;
#101 = PRESENTATION_LAYER_ASSIGNMENT (  '', '', ( #5723 ) ) ;
#102 = CARTESIAN_POINT ( 'NONE',  ( -0.1471725697378032105, 0.9810000000000003162, 0.2038625962271659597 ) ) ;
#103 = DIRECTION ( 'NONE',  ( -0.9999748501857348426, 0.0000000000000000000, -0.007092178509963322636 ) ) ;
#104 = ADVANCED_FACE ( 'NONE', ( #10845 ), #6383, .T. ) ;
#105 = EDGE_CURVE ( 'NONE', #3548, #10272, #7189, .T. ) ;
#106 = FILL_AREA_STYLE ('',( #4719 ) ) ;
#107 =( NAMED_UNIT ( * ) PLANE_ANGLE_UNIT ( ) SI_UNIT ( $, .RADIAN. ) );
#108 = MECHANICAL_DESIGN_GEOMETRIC_PRESENTATION_REPRESENTATION (  '', ( #5336 ), #8424 ) ;
#109 = VECTOR ( 'NONE', #5217, 1000.000000000000000 ) ;
#110 = ORIENTED_EDGE ( 'NONE', *, *, #6952, .T. ) ;
#111 = COLOUR_RGB ( '',0.2235294117647058654, 0.2235294117647058654, 0.2235294117647058654 ) ;
#112 =( LENGTH_UNIT ( ) NAMED_UNIT ( * ) SI_UNIT ( .MILLI., .METRE. ) );
#113 = PRESENTATION_LAYER_ASSIGNMENT (  '', '', ( #11860 ) ) ;
#114 = CARTESIAN_POINT ( 'NONE',  ( -0.07423695592823374712, 0.9810000000000003162, 0.2210944105017747796 ) ) ;
#115 = VERTEX_POINT ( 'NONE', #9048 ) ;
#116 = ORIENTED_EDGE ( 'NONE', *, *, #733, .T. ) ;
#117 = CARTESIAN_POINT ( 'NONE',  ( 0.04664905852358595256, 0.9810000000000003162, 0.2944254066842557638 ) ) ;
#118 = FACE_OUTER_BOUND ( 'NONE', #1599, .T. ) ;
#119 = SURFACE_STYLE_FILL_AREA ( #4065 ) ;
#120 =( NAMED_UNIT ( * ) SI_UNIT ( $, .STERADIAN. ) SOLID_ANGLE_UNIT ( ) );
#121 = CARTESIAN_POINT ( 'NONE',  ( -0.5799999999999994049, 0.9999999999999995559, 0.02000000000000005246 ) ) ;
#122 = ADVANCED_FACE ( 'NONE', ( #3668 ), #8986, .F. ) ;
#123 = ORIENTED_EDGE ( 'NONE', *, *, #8902, .T. ) ;
#124 = CARTESIAN_POINT ( 'NONE',  ( 0.05933959860277125686, 0.9800000000000004263, 0.2381205000656923532 ) ) ;
#125 = VERTEX_POINT ( 'NONE', #1018 ) ;
#126 =( LENGTH_UNIT ( ) NAMED_UNIT ( * ) SI_UNIT ( .MILLI., .METRE. ) );
#127 = ORIENTED_EDGE ( 'NONE', *, *, #6908, .F. ) ;
#128 = CARTESIAN_POINT ( 'NONE',  ( -0.1536917246690985839, 0.9810000000000003162, 0.2030885112069311660 ) ) ;
#129 = DIRECTION ( 'NONE',  ( 0.9276759462742570905, -0.0000000000000000000, 0.3733863129577216222 ) ) ;
#130 = CARTESIAN_POINT ( 'NONE',  ( -0.2126059009832764746, 0.9810000000000003162, 0.2430402872325851393 ) ) ;
#131 = CARTESIAN_POINT ( 'NONE',  ( -0.2288457337151711679, 0.9810000000000003162, 0.3392091131190770881 ) ) ;
#132 = CARTESIAN_POINT ( 'NONE',  ( -0.08337896074994888274, 0.9810000000000003162, 0.3207448641368762510 ) ) ;
#133 = ADVANCED_FACE ( 'NONE', ( #4709 ), #7603, .T. ) ;
#134 = ORIENTED_EDGE ( 'NONE', *, *, #9845, .F. ) ;
#135 = ORIENTED_EDGE ( 'NONE', *, *, #11592, .T. ) ;
#136 = FACE_OUTER_BOUND ( 'NONE', #8072, .T. ) ;
#137 = FILL_AREA_STYLE ('',( #6815 ) ) ;
#138 = VERTEX_POINT ( 'NONE', #6524 ) ;
#139 = AXIS2_PLACEMENT_3D ( 'NONE', #11282, #4907, #1033 ) ;
#140 = FILL_AREA_STYLE_COLOUR ( '', #9383 ) ;
#141 = VECTOR ( 'NONE', #2590, 1000.000000000000114 ) ;
#142 = CARTESIAN_POINT ( 'NONE',  ( 0.2020913198551982648, 0.9810000000000003162, 0.2951663720982054540 ) ) ;
#143 = ORIENTED_EDGE ( 'NONE', *, *, #3357, .T. ) ;
#144 =( LENGTH_UNIT ( ) NAMED_UNIT ( * ) SI_UNIT ( .MILLI., .METRE. ) );
#145 = FILL_AREA_STYLE_COLOUR ( '', #11148 ) ;
#146 = CARTESIAN_POINT ( 'NONE',  ( 0.04773351886878311745, 0.9810000000000003162, 0.2944330980640477158 ) ) ;
#147 = SURFACE_STYLE_FILL_AREA ( #7288 ) ;
#148 = SURFACE_SIDE_STYLE ('',( #6336 ) ) ;
#149 = CARTESIAN_POINT ( 'NONE',  ( -0.09669995412308492189, 0.9800000000000004263, 0.2142804768750715683 ) ) ;
#150 =( LENGTH_UNIT ( ) NAMED_UNIT ( * ) SI_UNIT ( .MILLI., .METRE. ) );
#151 = CARTESIAN_POINT ( 'NONE',  ( -0.08036022082143226553, 0.9810000000000003162, 0.2249761669736695668 ) ) ;
#152 =( NAMED_UNIT ( * ) SI_UNIT ( $, .STERADIAN. ) SOLID_ANGLE_UNIT ( ) );
#153 = SURFACE_SIDE_STYLE ('',( #10905 ) ) ;
#154 = CARTESIAN_POINT ( 'NONE',  ( -0.3002429360482282150, 0.9800000000000004263, 0.2333466181219198132 ) ) ;
#155 = ADVANCED_FACE ( 'NONE', ( #10195 ), #10234, .F. ) ;
#156 =( GEOMETRIC_REPRESENTATION_CONTEXT ( 3 ) GLOBAL_UNCERTAINTY_ASSIGNED_CONTEXT ( ( #7074 ) ) GLOBAL_UNIT_ASSIGNED_CONTEXT ( ( #6438, #7511, #1819 ) ) REPRESENTATION_CONTEXT ( 'NONE', 'WORKASPACE' ) );
#157 = STYLED_ITEM ( 'NONE', ( #5848 ), #4023 ) ;
#158 = FILL_AREA_STYLE ('',( #3974 ) ) ;
#159 = PRESENTATION_STYLE_ASSIGNMENT (( #7608 ) ) ;
#160 = VERTEX_POINT ( 'NONE', #10257 ) ;
#161 = FACE_OUTER_BOUND ( 'NONE', #6139, .T. ) ;
#162 = DIRECTION ( 'NONE',  ( -0.007092178509962896761, 0.0000000000000000000, 0.9999748501857348426 ) ) ;
#163 = CARTESIAN_POINT ( 'NONE',  ( -0.08882898268744554571, 0.9800000000000004263, 0.3359910364165828445 ) ) ;
#164 = CARTESIAN_POINT ( 'NONE',  ( -0.05373332265115360329, 0.9810000000000003162, 0.2604396889007068450 ) ) ;
#165 =( GEOMETRIC_REPRESENTATION_CONTEXT ( 3 ) GLOBAL_UNCERTAINTY_ASSIGNED_CONTEXT ( ( #7941 ) ) GLOBAL_UNIT_ASSIGNED_CONTEXT ( ( #1857, #1794, #9113 ) ) REPRESENTATION_CONTEXT ( 'NONE', 'WORKASPACE' ) );
#166 = SURFACE_STYLE_FILL_AREA ( #8462 ) ;
#167 = LINE ( 'NONE', #7548, #947 ) ;
#168 = CARTESIAN_POINT ( 'NONE',  ( 0.1331548678188466117, 0.9800000000000004263, 0.2285218485012402434 ) ) ;
#169 = FACE_OUTER_BOUND ( 'NONE', #9847, .T. ) ;
#170 = ORIENTED_EDGE ( 'NONE', *, *, #8359, .F. ) ;
#171 = DIRECTION ( 'NONE',  ( 0.9999748501857348426, -0.0000000000000000000, 0.007092178509964028668 ) ) ;
#172 = ADVANCED_FACE ( 'NONE', ( #7664 ), #4538, .F. ) ;
#173 = EDGE_CURVE ( 'NONE', #3710, #8201, #5333, .T. ) ;
#174 = PRESENTATION_STYLE_ASSIGNMENT (( #4785 ) ) ;
#175 = MECHANICAL_DESIGN_GEOMETRIC_PRESENTATION_REPRESENTATION (  '', ( #960 ), #4826 ) ;
#176 = B_SPLINE_CURVE_WITH_KNOTS ( 'NONE', 3,
 ( #8556, #6697, #7460, #11321 ),
 .UNSPECIFIED., .F., .F.,
 ( 4, 4 ),
 ( 11.00000000000000000, 12.00000000000000000 ),
 .UNSPECIFIED. ) ;
#177 = CARTESIAN_POINT ( 'NONE',  ( -0.08496510301447242341, 0.9800000000000004263, 0.3098158819495590577 ) ) ;
#178 =( NAMED_UNIT ( * ) SI_UNIT ( $, .STERADIAN. ) SOLID_ANGLE_UNIT ( ) );
#179 = ORIENTED_EDGE ( 'NONE', *, *, #4106, .F. ) ;
#180 = ORIENTED_EDGE ( 'NONE', *, *, #2794, .T. ) ;
#181 = UNCERTAINTY_MEASURE_WITH_UNIT (LENGTH_MEASURE( 1.000000000000000082E-05 ), #5164, 'distance_accuracy_value', 'NONE');
#182 = VECTOR ( 'NONE', #7297, 1000.000000000000227 ) ;
#183 = CARTESIAN_POINT ( 'NONE',  ( -0.1754919095275360719, 0.9800000000000004263, 0.2952407270366810832 ) ) ;
#184 = CARTESIAN_POINT ( 'NONE',  ( -0.08403495647966546800, 0.9810000000000003162, 0.2428083957821410011 ) ) ;
#185 = VECTOR ( 'NONE', #6218, 1000.000000000000000 ) ;
#186 = SURFACE_STYLE_FILL_AREA ( #8474 ) ;
#187 = VECTOR ( 'NONE', #5016, 1000.000000000000000 ) ;
#188 = LINE ( 'NONE', #5699, #8301 ) ;
#189 = SURFACE_STYLE_USAGE ( .BOTH. , #4002 ) ;
#190 = ORIENTED_EDGE ( 'NONE', *, *, #10991, .T. ) ;
#191 = FILL_AREA_STYLE ('',( #2004 ) ) ;
#192 =( NAMED_UNIT ( * ) PLANE_ANGLE_UNIT ( ) SI_UNIT ( $, .RADIAN. ) );
#193 = CARTESIAN_POINT ( 'NONE',  ( -0.2030867450043408462, 0.9800000000000004263, 0.3211176000878182557 ) ) ;
#194 = ORIENTED_EDGE ( 'NONE', *, *, #5379, .T. ) ;
#195 = VECTOR ( 'NONE', #7051, 1000.000000000000114 ) ;
#196 = UNCERTAINTY_MEASURE_WITH_UNIT (LENGTH_MEASURE( 1.000000000000000082E-05 ), #8572, 'distance_accuracy_value', 'NONE');
#197 = VERTEX_POINT ( 'NONE', #4361 ) ;
#198 = VECTOR ( 'NONE', #3039, 1000.000000000000000 ) ;
#199 = EDGE_CURVE ( 'NONE', #11144, #9989, #8059, .T. ) ;
#200 = FILL_AREA_STYLE ('',( #5710 ) ) ;
#201 = CARTESIAN_POINT ( 'NONE',  ( -0.5999999999999994227, 0.9999999999999995559, 0.5500000000000000444 ) ) ;
#202 = DIRECTION ( 'NONE',  ( -0.0000000000000000000, -1.000000000000000000, -0.0000000000000000000 ) ) ;
#203 = CARTESIAN_POINT ( 'NONE',  ( -0.3145688328394649069, 0.9800000000000004263, 0.2135930948889443459 ) ) ;
#204 = ORIENTED_EDGE ( 'NONE', *, *, #8238, .T. ) ;
#205 = VERTEX_POINT ( 'NONE', #1466 ) ;
#206 = MECHANICAL_DESIGN_GEOMETRIC_PRESENTATION_REPRESENTATION (  '', ( #5429 ), #1188 ) ;
#207 = CARTESIAN_POINT ( 'NONE',  ( -0.1268544847074608295, 0.9810000000000003162, 0.2455460728015328442 ) ) ;
#208 = DIRECTION ( 'NONE',  ( -0.9999748501857348426, -0.0000000000000000000, -0.007092178509965753851 ) ) ;
#209 = ORIENTED_EDGE ( 'NONE', *, *, #820, .F. ) ;
#210 =( NAMED_UNIT ( * ) PLANE_ANGLE_UNIT ( ) SI_UNIT ( $, .RADIAN. ) );
#211 =( NAMED_UNIT ( * ) PLANE_ANGLE_UNIT ( ) SI_UNIT ( $, .RADIAN. ) );
#212 = ORIENTED_EDGE ( 'NONE', *, *, #6402, .T. ) ;
#213 = ADVANCED_FACE ( 'NONE', ( #6240 ), #11707, .F. ) ;
#214 =( NAMED_UNIT ( * ) SI_UNIT ( $, .STERADIAN. ) SOLID_ANGLE_UNIT ( ) );
#215 = CARTESIAN_POINT ( 'NONE',  ( -0.08863871572542110500, 0.9800000000000004263, 0.2212002248946726146 ) ) ;
#216 =( LENGTH_UNIT ( ) NAMED_UNIT ( * ) SI_UNIT ( .MILLI., .METRE. ) );
#217 = AXIS2_PLACEMENT_3D ( 'NONE', #4776, #8284, #7413 ) ;
#218 = CARTESIAN_POINT ( 'NONE',  ( 0.04106010932227362187, 0.9800000000000004263, 0.2159390019685702433 ) ) ;
#219 = CARTESIAN_POINT ( 'NONE',  ( -0.1810518865645341369, 0.9810000000000003162, 0.2508545032507597528 ) ) ;
#220 =( NAMED_UNIT ( * ) SI_UNIT ( $, .STERADIAN. ) SOLID_ANGLE_UNIT ( ) );
#221 = FACE_BOUND ( 'NONE', #8726, .T. ) ;
#222 = CARTESIAN_POINT ( 'NONE',  ( -0.08890631878235376317, 0.9800000000000004263, 0.3450626039033539150 ) ) ;
#223 = FACE_OUTER_BOUND ( 'NONE', #7487, .T. ) ;
#224 = CARTESIAN_POINT ( 'NONE',  ( 0.2022169666217112638, 0.9800000000000004263, 0.2264811313939439630 ) ) ;
#225 = SURFACE_STYLE_USAGE ( .BOTH. , #1982 ) ;
#226 = CARTESIAN_POINT ( 'NONE',  ( -0.5799999999999994049, 0.9800000000000004263, 0.01999999999999999695 ) ) ;
#227 = SURFACE_STYLE_USAGE ( .BOTH. , #9525 ) ;
#228 = LINE ( 'NONE', #3198, #687 ) ;
#229 = ORIENTED_EDGE ( 'NONE', *, *, #11529, .T. ) ;
#230 =( LENGTH_UNIT ( ) NAMED_UNIT ( * ) SI_UNIT ( .MILLI., .METRE. ) );
#231 = EDGE_CURVE ( 'NONE', #11517, #7771, #1945, .T. ) ;
#232 = SURFACE_SIDE_STYLE ('',( #8516 ) ) ;
#233 = CARTESIAN_POINT ( 'NONE',  ( -0.1032296201172143435, 0.9810000000000003162, 0.2333142037774335042 ) ) ;
#234 = B_SPLINE_CURVE_WITH_KNOTS ( 'NONE', 3,
 ( #10398, #2191, #6842, #9424 ),
 .UNSPECIFIED., .F., .F.,
 ( 4, 4 ),
 ( 11.00000000000000000, 12.00000000000000000 ),
 .UNSPECIFIED. ) ;
#235 = ORIENTED_EDGE ( 'NONE', *, *, #2075, .T. ) ;
#236 =( NAMED_UNIT ( * ) SI_UNIT ( $, .STERADIAN. ) SOLID_ANGLE_UNIT ( ) );
#237 =( NAMED_UNIT ( * ) SI_UNIT ( $, .STERADIAN. ) SOLID_ANGLE_UNIT ( ) );
#238 = ORIENTED_EDGE ( 'NONE', *, *, #5358, .T. ) ;
#239 = ORIENTED_EDGE ( 'NONE', *, *, #96, .T. ) ;
#240 =( NAMED_UNIT ( * ) SI_UNIT ( $, .STERADIAN. ) SOLID_ANGLE_UNIT ( ) );
#241 = LINE ( 'NONE', #9540, #753 ) ;
#242 = FILL_AREA_STYLE ('',( #7377 ) ) ;
#243 = ADVANCED_FACE ( 'NONE', ( #5275 ), #3453, .F. ) ;
#244 = EDGE_CURVE ( 'NONE', #667, #2061, #10152, .T. ) ;
#245 = CARTESIAN_POINT ( 'NONE',  ( -0.07423503210791476681, 0.9800000000000004263, 0.2959588769480394621 ) ) ;
#246 = MECHANICAL_DESIGN_GEOMETRIC_PRESENTATION_REPRESENTATION (  '', ( #3914 ), #10084 ) ;
#247 = DIRECTION ( 'NONE',  ( 0.007092178509963351259, 0.0000000000000000000, -0.9999748501857348426 ) ) ;
#248 = ORIENTED_EDGE ( 'NONE', *, *, #8866, .F. ) ;
#249 = PRESENTATION_STYLE_ASSIGNMENT (( #3109 ) ) ;
#250 =( NAMED_UNIT ( * ) PLANE_ANGLE_UNIT ( ) SI_UNIT ( $, .RADIAN. ) );
#251 = VERTEX_POINT ( 'NONE', #1754 ) ;
#252 = CARTESIAN_POINT ( 'NONE',  ( -0.1760709587560318201, 0.9810000000000003162, 0.3402332756990598117 ) ) ;
#253 = ADVANCED_FACE ( 'NONE', ( #1864 ), #8314, .T. ) ;
#254 = VERTEX_POINT ( 'NONE', #6542 ) ;
#255 = B_SPLINE_CURVE_WITH_KNOTS ( 'NONE', 3,
 ( #2718, #1862, #9066, #973 ),
 .UNSPECIFIED., .F., .F.,
 ( 4, 4 ),
 ( 7.000000000000000000, 8.000000000000000000 ),
 .UNSPECIFIED. ) ;
#256 = FILL_AREA_STYLE ('',( #2856 ) ) ;
#257 = SURFACE_STYLE_FILL_AREA ( #11243 ) ;
#258 = CARTESIAN_POINT ( 'NONE',  ( -0.1096344792239592331, 0.9810000000000003162, 0.2384157093606849576 ) ) ;
#259 = SURFACE_STYLE_USAGE ( .BOTH. , #8544 ) ;
#260 = CARTESIAN_POINT ( 'NONE',  ( -0.1952843293647865686, 0.9810000000000003162, 0.3022228729883505438 ) ) ;
#261 = ORIENTED_EDGE ( 'NONE', *, *, #1585, .T. ) ;
#262 = VERTEX_POINT ( 'NONE', #6423 ) ;
#263 = SURFACE_STYLE_FILL_AREA ( #2932 ) ;
#264 = ADVANCED_FACE ( 'NONE', ( #3686 ), #9296, .F. ) ;
#265 = FILL_AREA_STYLE ('',( #2633 ) ) ;
#266 = VERTEX_POINT ( 'NONE', #5756 ) ;
#267 =( NAMED_UNIT ( * ) SI_UNIT ( $, .STERADIAN. ) SOLID_ANGLE_UNIT ( ) );
#268 = CARTESIAN_POINT ( 'NONE',  ( -0.2537452636489530011, 0.9800000000000004263, 0.2251241722602221051 ) ) ;
#269 = ORIENTED_EDGE ( 'NONE', *, *, #8699, .T. ) ;
#270 = DIRECTION ( 'NONE',  ( -0.0000000000000000000, -1.000000000000000000, -0.0000000000000000000 ) ) ;
#271 = FILL_AREA_STYLE_COLOUR ( '', #10311 ) ;
#272 =( NAMED_UNIT ( * ) PLANE_ANGLE_UNIT ( ) SI_UNIT ( $, .RADIAN. ) );
#273 = PLANE ( 'NONE',  #10887 ) ;
#274 = CARTESIAN_POINT ( 'NONE',  ( -0.5999999999999994227, 0.9999999999999995559, 0.5500000000000000444 ) ) ;
#275 = CARTESIAN_POINT ( 'NONE',  ( -0.09348784744999619201, 0.9810000000000003162, 0.2195281732170089595 ) ) ;
#276 = AXIS2_PLACEMENT_3D ( 'NONE', #1527, #7994, #7088 ) ;
#277 = CARTESIAN_POINT ( 'NONE',  ( -0.005569245625948512218, 0.9810000000000003162, 0.2662191137651554462 ) ) ;
#278 = EDGE_CURVE ( 'NONE', #6011, #1801, #4908, .T. ) ;
#279 = PLANE ( 'NONE',  #11753 ) ;
#280 = CARTESIAN_POINT ( 'NONE',  ( -0.1880171699530121254, 0.9810000000000003162, 0.2653360853072996850 ) ) ;
#281 = SURFACE_SIDE_STYLE ('',( #8455 ) ) ;
#282 = CARTESIAN_POINT ( 'NONE',  ( -0.2499999999999994171, 0.9999999999999995559, 0.0000000000000000000 ) ) ;
#283 = SURFACE_STYLE_USAGE ( .BOTH. , #7792 ) ;
#284 = DIRECTION ( 'NONE',  ( -0.3427414958247868015, -0.0000000000000000000, -0.9394297563095324044 ) ) ;
#285 = ORIENTED_EDGE ( 'NONE', *, *, #2106, .F. ) ;
#286 = LINE ( 'NONE', #8810, #4348 ) ;
#287 = VECTOR ( 'NONE', #6396, 1000.000000000000000 ) ;
#288 = CARTESIAN_POINT ( 'NONE',  ( -0.1411336527627564119, 0.9800000000000004263, 0.2503577795607858092 ) ) ;
#289 = CARTESIAN_POINT ( 'NONE',  ( -0.1615075172667808645, 0.9810000000000003162, 0.2953399093373641482 ) ) ;
#290 = ORIENTED_EDGE ( 'NONE', *, *, #5003, .T. ) ;
#291 = EDGE_CURVE ( 'NONE', #4503, #4789, #5255, .T. ) ;
#292 = PRESENTATION_LAYER_ASSIGNMENT (  '', '', ( #6282 ) ) ;
#293 = AXIS2_PLACEMENT_3D ( 'NONE', #5352, #580, #8017 ) ;
#294 = B_SPLINE_SURFACE_WITH_KNOTS ( 'NONE', 3, 1, ( 
 ( #5898, #445 ),
 ( #2082, #8606 ),
 ( #4991, #9624 ),
 ( #1359, #6751 ) ),
 .UNSPECIFIED., .F., .F., .F.,
 ( 4, 4 ),
 ( 2, 2 ),
 ( 7.000000000000000000, 8.000000000000000000 ),
 ( 0.0000000000000000000, 1.000000000000000000 ),
 .UNSPECIFIED. ) ;
#295 = STYLED_ITEM ( 'NONE', ( #10250 ), #9097 ) ;
#296 = CARTESIAN_POINT ( 'NONE',  ( 0.09822897624322909915, 0.9800000000000004263, 0.3616698184917169212 ) ) ;
#297 = CARTESIAN_POINT ( 'NONE',  ( -0.1411336527627564119, 0.9800000000000004263, 0.2503577795607858092 ) ) ;
#298 = VERTEX_POINT ( 'NONE', #8583 ) ;
#299 = ORIENTED_EDGE ( 'NONE', *, *, #7723, .F. ) ;
#300 = UNCERTAINTY_MEASURE_WITH_UNIT (LENGTH_MEASURE( 1.000000000000000082E-05 ), #6045, 'distance_accuracy_value', 'NONE');
#301 = SURFACE_STYLE_USAGE ( .BOTH. , #7562 ) ;
#302 = CARTESIAN_POINT ( 'NONE',  ( -0.08682324149588735440, 0.9810000000000003162, 0.2254502209576159932 ) ) ;
#303 =( GEOMETRIC_REPRESENTATION_CONTEXT ( 3 ) GLOBAL_UNCERTAINTY_ASSIGNED_CONTEXT ( ( #9499 ) ) GLOBAL_UNIT_ASSIGNED_CONTEXT ( ( #3250, #8147, #6321 ) ) REPRESENTATION_CONTEXT ( 'NONE', 'WORKASPACE' ) );
#304 = STYLED_ITEM ( 'NONE', ( #8998 ), #3450 ) ;
#305 =( GEOMETRIC_REPRESENTATION_CONTEXT ( 3 ) GLOBAL_UNCERTAINTY_ASSIGNED_CONTEXT ( ( #6297 ) ) GLOBAL_UNIT_ASSIGNED_CONTEXT ( ( #10752, #4367, #6249 ) ) REPRESENTATION_CONTEXT ( 'NONE', 'WORKASPACE' ) );
#306 = PRESENTATION_STYLE_ASSIGNMENT (( #1167 ) ) ;
#307 = CARTESIAN_POINT ( 'NONE',  ( -0.1511068893563066173, 0.9810000000000003162, 0.3462591151635236453 ) ) ;
#308 = B_SPLINE_CURVE_WITH_KNOTS ( 'NONE', 3,
 ( #430, #4063, #9607, #1342 ),
 .UNSPECIFIED., .F., .F.,
 ( 4, 4 ),
 ( 19.00000000000000000, 20.00000000000000000 ),
 .UNSPECIFIED. ) ;
#309 =( NAMED_UNIT ( * ) PLANE_ANGLE_UNIT ( ) SI_UNIT ( $, .RADIAN. ) );
#310 = ORIENTED_EDGE ( 'NONE', *, *, #8024, .T. ) ;
#311 = CARTESIAN_POINT ( 'NONE',  ( 0.09802132204498795187, 0.9800000000000004263, 0.3399779926670717933 ) ) ;
#312 = SURFACE_STYLE_FILL_AREA ( #5646 ) ;
#313 = ORIENTED_EDGE ( 'NONE', *, *, #1840, .F. ) ;
#314 = AXIS2_PLACEMENT_3D ( 'NONE', #9295, #8467, #7424 ) ;
#315 = LINE ( 'NONE', #2144, #3219 ) ;
#316 = ADVANCED_FACE ( 'NONE', ( #3212 ), #10986, .F. ) ;
#317 =( GEOMETRIC_REPRESENTATION_CONTEXT ( 3 ) GLOBAL_UNCERTAINTY_ASSIGNED_CONTEXT ( ( #3620 ) ) GLOBAL_UNIT_ASSIGNED_CONTEXT ( ( #8182, #9182, #10092 ) ) REPRESENTATION_CONTEXT ( 'NONE', 'WORKASPACE' ) );
#318 = UNCERTAINTY_MEASURE_WITH_UNIT (LENGTH_MEASURE( 1.000000000000000082E-05 ), #6522, 'distance_accuracy_value', 'NONE');
#319 = AXIS2_PLACEMENT_3D ( 'NONE', #4712, #786, #1678 ) ;
#320 = CARTESIAN_POINT ( 'NONE',  ( -0.08882898268744554571, 0.9810000000000003162, 0.3359910364165828445 ) ) ;
#321 = DIRECTION ( 'NONE',  ( -0.0000000000000000000, -1.000000000000000000, -0.0000000000000000000 ) ) ;
#322 = STYLED_ITEM ( 'NONE', ( #885 ), #1524 ) ;
#323 = CARTESIAN_POINT ( 'NONE',  ( -0.1004230800217317393, 0.9810000000000003162, 0.2224423706627196295 ) ) ;
#324 = COLOUR_RGB ( '',0.2235294117647058654, 0.2235294117647058654, 0.2235294117647058654 ) ;
#325 = CARTESIAN_POINT ( 'NONE',  ( -0.1507804757224739389, 0.9810000000000003162, 0.2031091588234313072 ) ) ;
#326 = CARTESIAN_POINT ( 'NONE',  ( -0.1961392526203776521, 0.9800000000000004263, 0.3146422291645478708 ) ) ;
#327 = ADVANCED_FACE ( 'NONE', ( #7801 ), #9482, .T. ) ;
#328 = VERTEX_POINT ( 'NONE', #5318 ) ;
#329 = ORIENTED_EDGE ( 'NONE', *, *, #3362, .F. ) ;
#330 = CARTESIAN_POINT ( 'NONE',  ( -0.08342466306684383215, 0.9800000000000004263, 0.2172340361602148329 ) ) ;
#331 = SURFACE_STYLE_FILL_AREA ( #137 ) ;
#332 = ORIENTED_EDGE ( 'NONE', *, *, #665, .F. ) ;
#333 = SURFACE_STYLE_FILL_AREA ( #5792 ) ;
#334 = ADVANCED_FACE ( 'NONE', ( #8111 ), #3324, .F. ) ;
#335 = ORIENTED_EDGE ( 'NONE', *, *, #3437, .F. ) ;
#336 = VECTOR ( 'NONE', #8773, 1000.000000000000000 ) ;
#337 = PLANE ( 'NONE',  #3084 ) ;
#338 = FILL_AREA_STYLE_COLOUR ( '', #8397 ) ;
#339 = PRESENTATION_STYLE_ASSIGNMENT (( #8621 ) ) ;
#340 = CARTESIAN_POINT ( 'NONE',  ( -0.2924698384516813965, 0.9800000000000004263, 0.2552372131047729309 ) ) ;
#341 = DIRECTION ( 'NONE',  ( 0.0000000000000000000, -1.000000000000000000, 0.0000000000000000000 ) ) ;
#342 = DIRECTION ( 'NONE',  ( 0.007092178509964769395, 0.0000000000000000000, -0.9999748501857348426 ) ) ;
#343 = PRESENTATION_LAYER_ASSIGNMENT (  '', '', ( #11328 ) ) ;
#344 = CARTESIAN_POINT ( 'NONE',  ( -0.1063201597271762333, 0.9810000000000003162, 0.3007222812923620592 ) ) ;
#345 =( GEOMETRIC_REPRESENTATION_CONTEXT ( 3 ) GLOBAL_UNCERTAINTY_ASSIGNED_CONTEXT ( ( #10685 ) ) GLOBAL_UNIT_ASSIGNED_CONTEXT ( ( #8469, #1219, #178 ) ) REPRESENTATION_CONTEXT ( 'NONE', 'WORKASPACE' ) );
#346 = SURFACE_STYLE_FILL_AREA ( #9327 ) ;
#347 = SURFACE_SIDE_STYLE ('',( #10541 ) ) ;
#348 = VERTEX_POINT ( 'NONE', #5999 ) ;
#349 =( LENGTH_UNIT ( ) NAMED_UNIT ( * ) SI_UNIT ( .MILLI., .METRE. ) );
#350 = FILL_AREA_STYLE ('',( #10442 ) ) ;
#351 = CARTESIAN_POINT ( 'NONE',  ( 0.06078299116226173332, 0.9810000000000003162, 0.2384922374890695584 ) ) ;
#352 =( NAMED_UNIT ( * ) SI_UNIT ( $, .STERADIAN. ) SOLID_ANGLE_UNIT ( ) );
#353 = CARTESIAN_POINT ( 'NONE',  ( -0.09472170136162934295, 0.9810000000000003162, 0.2322307825001209691 ) ) ;
#354 =( NAMED_UNIT ( * ) SI_UNIT ( $, .STERADIAN. ) SOLID_ANGLE_UNIT ( ) );
#355 = SURFACE_STYLE_USAGE ( .BOTH. , #6784 ) ;
#356 = ORIENTED_EDGE ( 'NONE', *, *, #3788, .T. ) ;
#357 = EDGE_CURVE ( 'NONE', #2195, #9673, #8045, .T. ) ;
#358 =( LENGTH_UNIT ( ) NAMED_UNIT ( * ) SI_UNIT ( .MILLI., .METRE. ) );
#359 = CARTESIAN_POINT ( 'NONE',  ( -0.1032296201172143435, 0.9800000000000004263, 0.2333142037774335042 ) ) ;
#360 = CARTESIAN_POINT ( 'NONE',  ( 0.02929765163022962984, 0.9810000000000003162, 0.2943023443141733475 ) ) ;
#361 = CARTESIAN_POINT ( 'NONE',  ( -0.1031837160412458904, 0.9800000000000004263, 0.2268418735301109546 ) ) ;
#362 = VERTEX_POINT ( 'NONE', #10796 ) ;
#363 = CARTESIAN_POINT ( 'NONE',  ( -0.1681119349228590021, 0.9800000000000004263, 0.3010898646221462083 ) ) ;
#364 = VECTOR ( 'NONE', #6654, 1000.000000000000000 ) ;
#365 = FILL_AREA_STYLE ('',( #1160 ) ) ;
#366 = STYLED_ITEM ( 'NONE', ( #5748 ), #2991 ) ;
#367 =( LENGTH_UNIT ( ) NAMED_UNIT ( * ) SI_UNIT ( .MILLI., .METRE. ) );
#368 = EDGE_LOOP ( 'NONE', ( #9410, #4714, #3415, #8584 ) ) ;
#369 = ORIENTED_EDGE ( 'NONE', *, *, #10458, .T. ) ;
#370 = DIRECTION ( 'NONE',  ( -0.0000000000000000000, -1.000000000000000000, -0.0000000000000000000 ) ) ;
#371 = B_SPLINE_CURVE_WITH_KNOTS ( 'NONE', 3,
 ( #5929, #4838, #8513, #1327, #4962, #2227, #5026 ),
 .UNSPECIFIED., .F., .F.,
 ( 4, 3, 4 ),
 ( 0.0000000000000000000, 1.000000000000000000, 2.000000000000000000 ),
 .UNSPECIFIED. ) ;
#372 = EDGE_CURVE ( 'NONE', #3326, #1049, #4529, .T. ) ;
#373 = STYLED_ITEM ( 'NONE', ( #11252 ), #5525 ) ;
#374 =( GEOMETRIC_REPRESENTATION_CONTEXT ( 3 ) GLOBAL_UNCERTAINTY_ASSIGNED_CONTEXT ( ( #1997 ) ) GLOBAL_UNIT_ASSIGNED_CONTEXT ( ( #13, #2913, #120 ) ) REPRESENTATION_CONTEXT ( 'NONE', 'WORKASPACE' ) );
#375 =( NAMED_UNIT ( * ) PLANE_ANGLE_UNIT ( ) SI_UNIT ( $, .RADIAN. ) );
#376 = COLOUR_RGB ( '',0.2235294117647058654, 0.2235294117647058654, 0.2235294117647058654 ) ;
#377 = DIRECTION ( 'NONE',  ( -0.0000000000000000000, -1.000000000000000000, -0.0000000000000000000 ) ) ;
#378 =( GEOMETRIC_REPRESENTATION_CONTEXT ( 3 ) GLOBAL_UNCERTAINTY_ASSIGNED_CONTEXT ( ( #9374 ) ) GLOBAL_UNIT_ASSIGNED_CONTEXT ( ( #3463, #7950, #6131 ) ) REPRESENTATION_CONTEXT ( 'NONE', 'WORKASPACE' ) );
#379 = ORIENTED_EDGE ( 'NONE', *, *, #8854, .F. ) ;
#380 = SURFACE_STYLE_USAGE ( .BOTH. , #6803 ) ;
#381 = UNCERTAINTY_MEASURE_WITH_UNIT (LENGTH_MEASURE( 1.000000000000000082E-05 ), #10914, 'distance_accuracy_value', 'NONE');
#382 = DIRECTION ( 'NONE',  ( -1.000000000000000000, 0.0000000000000000000, 0.0000000000000000000 ) ) ;
#383 = CARTESIAN_POINT ( 'NONE',  ( -0.1639402752660993612, 0.9810000000000003162, 0.2223558084692126846 ) ) ;
#384 = VECTOR ( 'NONE', #10907, 1000.000000000000227 ) ;
#385 = EDGE_LOOP ( 'NONE', ( #5409, #9867, #1176, #4963 ) ) ;
#386 =( GEOMETRIC_REPRESENTATION_CONTEXT ( 3 ) GLOBAL_UNCERTAINTY_ASSIGNED_CONTEXT ( ( #10334 ) ) GLOBAL_UNIT_ASSIGNED_CONTEXT ( ( #1088, #107, #8225 ) ) REPRESENTATION_CONTEXT ( 'NONE', 'WORKASPACE' ) );
#387 = FACE_OUTER_BOUND ( 'NONE', #6600, .T. ) ;
#388 = VECTOR ( 'NONE', #1861, 1000.000000000000000 ) ;
#389 = CARTESIAN_POINT ( 'NONE',  ( -0.1241748660555041239, 0.9810000000000003162, 0.2140856149943612119 ) ) ;
#390 = DIRECTION ( 'NONE',  ( 0.007092178509963215950, -0.0000000000000000000, -0.9999748501857348426 ) ) ;
#391 = FILL_AREA_STYLE_COLOUR ( '', #7897 ) ;
#392 = MECHANICAL_DESIGN_GEOMETRIC_PRESENTATION_REPRESENTATION (  '', ( #8686 ), #1360 ) ;
#393 = FILL_AREA_STYLE_COLOUR ( '', #4683 ) ;
#394 = ADVANCED_FACE ( 'NONE', ( #7012 ), #8405, .F. ) ;
#395 = ORIENTED_EDGE ( 'NONE', *, *, #6779, .T. ) ;
#396 = ORIENTED_EDGE ( 'NONE', *, *, #9317, .F. ) ;
#397 = SURFACE_STYLE_FILL_AREA ( #8676 ) ;
#398 = DIRECTION ( 'NONE',  ( 0.0000000000000000000, -1.000000000000000000, 0.0000000000000000000 ) ) ;
#399 = ORIENTED_EDGE ( 'NONE', *, *, #8261, .F. ) ;
#400 = CARTESIAN_POINT ( 'NONE',  ( 0.07274796198588512341, 0.9810000000000003162, 0.2335160094338862014 ) ) ;
#401 = VERTEX_POINT ( 'NONE', #1574 ) ;
#402 = ORIENTED_EDGE ( 'NONE', *, *, #2998, .F. ) ;
#403 = LINE ( 'NONE', #8745, #8415 ) ;
#404 = AXIS2_PLACEMENT_3D ( 'NONE', #2001, #5944, #2912 ) ;
#405 = EDGE_CURVE ( 'NONE', #2252, #10272, #9108, .T. ) ;
#406 = DIRECTION ( 'NONE',  ( 0.007092178509970679598, 0.0000000000000000000, -0.9999748501857347316 ) ) ;
#407 = B_SPLINE_SURFACE_WITH_KNOTS ( 'NONE', 3, 1, ( 
 ( #7542, #4960 ),
 ( #4044, #4896 ),
 ( #9523, #1145 ),
 ( #2893, #10380 ) ),
 .UNSPECIFIED., .F., .F., .F.,
 ( 4, 4 ),
 ( 2, 2 ),
 ( 6.000000000000000000, 7.000000000000000000 ),
 ( 0.0000000000000000000, 1.000000000000000000 ),
 .UNSPECIFIED. ) ;
#408 = FACE_BOUND ( 'NONE', #8882, .T. ) ;
#409 = LINE ( 'NONE', #3588, #8746 ) ;
#410 = ORIENTED_EDGE ( 'NONE', *, *, #8172, .F. ) ;
#411 = FACE_OUTER_BOUND ( 'NONE', #1760, .T. ) ;
#412 = CARTESIAN_POINT ( 'NONE',  ( -0.1880171699530121254, 0.9800000000000004263, 0.2653360853072996850 ) ) ;
#413 = CARTESIAN_POINT ( 'NONE',  ( 0.05933959860277125686, 0.9800000000000004263, 0.2381205000656923532 ) ) ;
#414 = VECTOR ( 'NONE', #4132, 1000.000000000000114 ) ;
#415 = EDGE_CURVE ( 'NONE', #732, #8356, #1742, .T. ) ;
#416 = CARTESIAN_POINT ( 'NONE',  ( 0.2077289880150376966, 0.9810000000000003162, 0.3158121704912326133 ) ) ;
#417 = CARTESIAN_POINT ( 'NONE',  ( -0.07339973933240424853, 0.9800000000000004263, 0.2661489930300927065 ) ) ;
#418 = DIRECTION ( 'NONE',  ( 0.0000000000000000000, -0.0000000000000000000, 1.000000000000000000 ) ) ;
#419 = CARTESIAN_POINT ( 'NONE',  ( -0.2909312565452122357, 0.9800000000000004263, 0.2545462710318336930 ) ) ;
#420 = LINE ( 'NONE', #4967, #2315 ) ;
#421 = VECTOR ( 'NONE', #802, 1000.000000000000000 ) ;
#422 = EDGE_LOOP ( 'NONE', ( #5405, #7166, #1628, #612 ) ) ;
#423 = CARTESIAN_POINT ( 'NONE',  ( -0.2254477106681113119, 0.9810000000000003162, 0.3457318635279222896 ) ) ;
#424 = EDGE_CURVE ( 'NONE', #1866, #9989, #1924, .T. ) ;
#425 = SURFACE_STYLE_USAGE ( .BOTH. , #10730 ) ;
#426 = VERTEX_POINT ( 'NONE', #8280 ) ;
#427 = ORIENTED_EDGE ( 'NONE', *, *, #2617, .T. ) ;
#428 = UNCERTAINTY_MEASURE_WITH_UNIT (LENGTH_MEASURE( 1.000000000000000082E-05 ), #4753, 'distance_accuracy_value', 'NONE');
#429 = DIRECTION ( 'NONE',  ( -0.0000000000000000000, -1.000000000000000000, -0.0000000000000000000 ) ) ;
#430 = CARTESIAN_POINT ( 'NONE',  ( 0.1658271787583907586, 0.9800000000000004263, 0.3111769386675978244 ) ) ;
#431 = CARTESIAN_POINT ( 'NONE',  ( -0.1181541937166796646, 0.9800000000000004263, 0.2228365073095896765 ) ) ;
#432 = CARTESIAN_POINT ( 'NONE',  ( 0.2020913198551982648, 0.9800000000000004263, 0.2951663720982054540 ) ) ;
#433 = VERTEX_POINT ( 'NONE', #1848 ) ;
#434 = EDGE_CURVE ( 'NONE', #10760, #6634, #10201, .T. ) ;
#435 =( NAMED_UNIT ( * ) PLANE_ANGLE_UNIT ( ) SI_UNIT ( $, .RADIAN. ) );
#436 = CARTESIAN_POINT ( 'NONE',  ( -0.1635385772153754302, 0.9800000000000004263, 0.2206950029482555031 ) ) ;
#437 = ORIENTED_EDGE ( 'NONE', *, *, #4713, .T. ) ;
#438 = CARTESIAN_POINT ( 'NONE',  ( 0.1107144256405065003, 0.9810000000000003162, 0.2323392796703987184 ) ) ;
#439 = FILL_AREA_STYLE ('',( #6806 ) ) ;
#440 = VERTEX_POINT ( 'NONE', #4592 ) ;
#441 = B_SPLINE_CURVE_WITH_KNOTS ( 'NONE', 3,
 ( #5384, #8287, #6352, #7246 ),
 .UNSPECIFIED., .F., .F.,
 ( 4, 4 ),
 ( 0.0000000000000000000, 1.000000000000000000 ),
 .UNSPECIFIED. ) ;
#442 = UNCERTAINTY_MEASURE_WITH_UNIT (LENGTH_MEASURE( 1.000000000000000082E-05 ), #9568, 'distance_accuracy_value', 'NONE');
#443 = AXIS2_PLACEMENT_3D ( 'NONE', #6933, #11673, #2454 ) ;
#444 = DIRECTION ( 'NONE',  ( -0.0000000000000000000, -1.000000000000000000, -0.0000000000000000000 ) ) ;
#445 = CARTESIAN_POINT ( 'NONE',  ( -0.1027234132343150808, 0.9800000000000004263, 0.3415333207181004971 ) ) ;
#446 = DIRECTION ( 'NONE',  ( -0.9999748501857348426, 0.0000000000000000000, -0.007092178509963216818 ) ) ;
#447 = CARTESIAN_POINT ( 'NONE',  ( -0.3817097946182765877, 1.000000000000000444, 0.5300000000000001377 ) ) ;
#448 = ORIENTED_EDGE ( 'NONE', *, *, #10387, .F. ) ;
#449 = EDGE_LOOP ( 'NONE', ( #11788, #6425, #9571, #10056 ) ) ;
#450 = DIRECTION ( 'NONE',  ( -0.0000000000000000000, 0.0000000000000000000, 1.000000000000000000 ) ) ;
#451 = CARTESIAN_POINT ( 'NONE',  ( -0.2586451891742486686, 0.9800000000000004263, 0.2581025643573647277 ) ) ;
#452 = ORIENTED_EDGE ( 'NONE', *, *, #2933, .T. ) ;
#453 = FILL_AREA_STYLE_COLOUR ( '', #6711 ) ;
#454 = ORIENTED_EDGE ( 'NONE', *, *, #1585, .F. ) ;
#455 = VERTEX_POINT ( 'NONE', #5486 ) ;
#456 = EDGE_CURVE ( 'NONE', #10807, #11716, #2949, .T. ) ;
#457 = CARTESIAN_POINT ( 'NONE',  ( -0.1144412211968475201, 0.9810000000000003162, 0.3040699766448613506 ) ) ;
#458 = CARTESIAN_POINT ( 'NONE',  ( -0.1032640942626190522, 0.9810000000000003162, 0.2381749497862886977 ) ) ;
#459 = DIRECTION ( 'NONE',  ( -0.007092178509961435257, -0.0000000000000000000, 0.9999748501857348426 ) ) ;
#460 =( NAMED_UNIT ( * ) PLANE_ANGLE_UNIT ( ) SI_UNIT ( $, .RADIAN. ) );
#461 = EDGE_LOOP ( 'NONE', ( #689, #4932, #9455, #11048 ) ) ;
#462 = EDGE_CURVE ( 'NONE', #401, #2417, #9162, .T. ) ;
#463 =( LENGTH_UNIT ( ) NAMED_UNIT ( * ) SI_UNIT ( .MILLI., .METRE. ) );
#464 = DIRECTION ( 'NONE',  ( -0.0000000000000000000, -1.000000000000000000, -0.0000000000000000000 ) ) ;
#465 = FACE_OUTER_BOUND ( 'NONE', #385, .T. ) ;
#466 = CARTESIAN_POINT ( 'NONE',  ( -0.1568111956290721420, 0.9810000000000003162, 0.1976075204554459119 ) ) ;
#467 = VECTOR ( 'NONE', #8702, 1000.000000000000114 ) ;
#468 = DIRECTION ( 'NONE',  ( -0.9999748501857348426, -0.0000000000000000000, -0.007092178509964853529 ) ) ;
#469 = CARTESIAN_POINT ( 'NONE',  ( -0.5999999999999994227, -1.000000000000000444, 0.5300000000000000266 ) ) ;
#470 = PLANE ( 'NONE',  #8811 ) ;
#471 = EDGE_CURVE ( 'NONE', #11716, #8617, #11702, .T. ) ;
#472 = PRESENTATION_STYLE_ASSIGNMENT (( #9532 ) ) ;
#473 =( LENGTH_UNIT ( ) NAMED_UNIT ( * ) SI_UNIT ( .MILLI., .METRE. ) );
#474 = DIRECTION ( 'NONE',  ( 0.9999748501857348426, 0.0000000000000000000, 0.007092178509961338112 ) ) ;
#475 = PRESENTATION_STYLE_ASSIGNMENT (( #7861 ) ) ;
#476 = EDGE_CURVE ( 'NONE', #4435, #2837, #6849, .T. ) ;
#477 = ORIENTED_EDGE ( 'NONE', *, *, #2233, .F. ) ;
#478 = AXIS2_PLACEMENT_3D ( 'NONE', #4560, #9257, #9310 ) ;
#479 = ORIENTED_EDGE ( 'NONE', *, *, #11668, .F. ) ;
#480 = CARTESIAN_POINT ( 'NONE',  ( -0.1279438937094599937, 0.9800000000000004263, 0.2140588837051433935 ) ) ;
#481 = DIRECTION ( 'NONE',  ( -0.0000000000000000000, -0.0000000000000000000, -1.000000000000000000 ) ) ;
#482 =( NAMED_UNIT ( * ) PLANE_ANGLE_UNIT ( ) SI_UNIT ( $, .RADIAN. ) );
#483 = ORIENTED_EDGE ( 'NONE', *, *, #11740, .F. ) ;
#484 = LINE ( 'NONE', #7697, #10441 ) ;
#485 = AXIS2_PLACEMENT_3D ( 'NONE', #822, #3485, #7396 ) ;
#486 = B_SPLINE_CURVE_WITH_KNOTS ( 'NONE', 3,
 ( #5132, #596, #533, #7064 ),
 .UNSPECIFIED., .F., .F.,
 ( 4, 4 ),
 ( 4.000000000000000000, 5.000000000000000000 ),
 .UNSPECIFIED. ) ;
#487 = UNCERTAINTY_MEASURE_WITH_UNIT (LENGTH_MEASURE( 1.000000000000000082E-05 ), #216, 'distance_accuracy_value', 'NONE');
#488 = FILL_AREA_STYLE_COLOUR ( '', #704 ) ;
#489 = ORIENTED_EDGE ( 'NONE', *, *, #5992, .T. ) ;
#490 = LINE ( 'NONE', #7814, #336 ) ;
#491 = DIRECTION ( 'NONE',  ( -0.0000000000000000000, -1.000000000000000000, -0.0000000000000000000 ) ) ;
#492 = VERTEX_POINT ( 'NONE', #8214 ) ;
#493 = PRESENTATION_LAYER_ASSIGNMENT (  '', '', ( #5720 ) ) ;
#494 = VECTOR ( 'NONE', #4822, 1000.000000000000000 ) ;
#495 = PRESENTATION_STYLE_ASSIGNMENT (( #4257 ) ) ;
#496 = B_SPLINE_SURFACE_WITH_KNOTS ( 'NONE', 3, 1, ( 
 ( #7230, #10897 ),
 ( #6043, #4283 ),
 ( #1443, #10719 ),
 ( #5128, #7001 ) ),
 .UNSPECIFIED., .F., .F., .F.,
 ( 4, 4 ),
 ( 2, 2 ),
 ( 1.000000000000000000, 2.000000000000000000 ),
 ( 0.0000000000000000000, 1.000000000000000000 ),
 .UNSPECIFIED. ) ;
#497 = DIRECTION ( 'NONE',  ( -0.0000000000000000000, 1.000000000000000000, -0.0000000000000000000 ) ) ;
#498 = EDGE_CURVE ( 'NONE', #5084, #6905, #2509, .T. ) ;
#499 = FACE_OUTER_BOUND ( 'NONE', #2210, .T. ) ;
#500 = DIRECTION ( 'NONE',  ( 0.0000000000000000000, 0.0000000000000000000, 1.000000000000000000 ) ) ;
#501 = CARTESIAN_POINT ( 'NONE',  ( -0.2142054138241698547, 0.9800000000000004263, 0.2651503489356676901 ) ) ;
#502 = ORIENTED_EDGE ( 'NONE', *, *, #9290, .T. ) ;
#503 = VERTEX_POINT ( 'NONE', #10911 ) ;
#504 = STYLED_ITEM ( 'NONE', ( #7023 ), #6459 ) ;
#505 = AXIS2_PLACEMENT_3D ( 'NONE', #2628, #11786, #6319 ) ;
#506 = CARTESIAN_POINT ( 'NONE',  ( -0.1311624672671914960, 0.9800000000000004263, 0.3013519234333387753 ) ) ;
#507 = COLOUR_RGB ( '',0.2235294117647058654, 0.2235294117647058654, 0.2235294117647058654 ) ;
#508 = ORIENTED_EDGE ( 'NONE', *, *, #7575, .F. ) ;
#509 = CARTESIAN_POINT ( 'NONE',  ( -0.1075612086555313152, 0.9810000000000003162, 0.3474257785267819698 ) ) ;
#510 = ORIENTED_EDGE ( 'NONE', *, *, #10652, .F. ) ;
#511 = ORIENTED_EDGE ( 'NONE', *, *, #2185, .T. ) ;
#512 = COLOUR_RGB ( '',0.2235294117647058654, 0.2235294117647058654, 0.2235294117647058654 ) ;
#513 = EDGE_CURVE ( 'NONE', #1962, #125, #11027, .T. ) ;
#514 = FACE_OUTER_BOUND ( 'NONE', #9491, .T. ) ;
#515 = CARTESIAN_POINT ( 'NONE',  ( 0.1396949596590429665, 0.9810000000000003162, 0.3258133215997177090 ) ) ;
#516 = CARTESIAN_POINT ( 'NONE',  ( -0.1224614342200521788, 0.9800000000000004263, 0.2492164741168255149 ) ) ;
#517 = CARTESIAN_POINT ( 'NONE',  ( 0.1417074885652207239, 0.9800000000000004263, 0.3478794537793541419 ) ) ;
#518 = PRESENTATION_STYLE_ASSIGNMENT (( #4391 ) ) ;
#519 = ORIENTED_EDGE ( 'NONE', *, *, #7354, .T. ) ;
#520 = VECTOR ( 'NONE', #8294, 1000.000000000000000 ) ;
#521 = DIRECTION ( 'NONE',  ( 0.9999748501857348426, -0.0000000000000000000, 0.007092178509964802355 ) ) ;
#522 = CARTESIAN_POINT ( 'NONE',  ( -0.2394708957524849247, 0.9810000000000003162, 0.2649711571210510153 ) ) ;
#523 = CARTESIAN_POINT ( 'NONE',  ( 0.1767154215945662410, 0.9800000000000004263, 0.2031638970050134441 ) ) ;
#524 = FACE_OUTER_BOUND ( 'NONE', #1541, .T. ) ;
#525 = CARTESIAN_POINT ( 'NONE',  ( -0.2246060417348193505, 0.9810000000000003162, 0.2142311431095073326 ) ) ;
#526 = LINE ( 'NONE', #11341, #10889 ) ;
#527 = PRESENTATION_STYLE_ASSIGNMENT (( #3542 ) ) ;
#528 = VECTOR ( 'NONE', #2537, 1000.000000000000000 ) ;
#529 = CARTESIAN_POINT ( 'NONE',  ( -0.09348784744999619201, 0.9810000000000003162, 0.2195281732170089595 ) ) ;
#530 = MECHANICAL_DESIGN_GEOMETRIC_PRESENTATION_REPRESENTATION (  '', ( #4993 ), #9401 ) ;
#531 = FACE_OUTER_BOUND ( 'NONE', #1149, .T. ) ;
#532 = EDGE_CURVE ( 'NONE', #11425, #1829, #6284, .T. ) ;
#533 = CARTESIAN_POINT ( 'NONE',  ( -0.09860253519461897875, 0.9800000000000004263, 0.2204796928894592334 ) ) ;
#534 = CARTESIAN_POINT ( 'NONE',  ( -0.1907102522281630685, 0.9800000000000004263, 0.3353464418983808093 ) ) ;
#535 = VECTOR ( 'NONE', #521, 1000.000000000000000 ) ;
#536 =( LENGTH_UNIT ( ) NAMED_UNIT ( * ) SI_UNIT ( .MILLI., .METRE. ) );
#537 = PRESENTATION_LAYER_ASSIGNMENT (  '', '', ( #3813 ) ) ;
#538 = ORIENTED_EDGE ( 'NONE', *, *, #3864, .F. ) ;
#539 = EDGE_LOOP ( 'NONE', ( #2784, #1522, #5533, #6555 ) ) ;
#540 = UNCERTAINTY_MEASURE_WITH_UNIT (LENGTH_MEASURE( 1.000000000000000082E-05 ), #8151, 'distance_accuracy_value', 'NONE');
#541 =( NAMED_UNIT ( * ) SI_UNIT ( $, .STERADIAN. ) SOLID_ANGLE_UNIT ( ) );
#542 = CARTESIAN_POINT ( 'NONE',  ( -0.1248615691533271205, 0.9810000000000003162, 0.2192796649843538337 ) ) ;
#543 = CARTESIAN_POINT ( 'NONE',  ( -0.2452259207645350048, 0.9800000000000004263, 0.2590815550547360124 ) ) ;
#544 = DIRECTION ( 'NONE',  ( 0.9999748501857348426, 0.0000000000000000000, 0.007092178509964768528 ) ) ;
#545 = MECHANICAL_DESIGN_GEOMETRIC_PRESENTATION_REPRESENTATION (  '', ( #6929 ), #3831 ) ;
#546 = VECTOR ( 'NONE', #429, 1000.000000000000000 ) ;
#547 = EDGE_CURVE ( 'NONE', #1395, #2302, #4521, .T. ) ;
#548 = ORIENTED_EDGE ( 'NONE', *, *, #7375, .T. ) ;
#549 = CARTESIAN_POINT ( 'NONE',  ( 0.1107400636383502196, 0.9810000000000003162, 0.2287244026595042778 ) ) ;
#550 = LINE ( 'NONE', #7810, #109 ) ;
#551 = ORIENTED_EDGE ( 'NONE', *, *, #9396, .T. ) ;
#552 = CARTESIAN_POINT ( 'NONE',  ( -0.1324238690058055501, 0.9810000000000003162, 0.2354726564968886993 ) ) ;
#553 = CARTESIAN_POINT ( 'NONE',  ( 0.1272633901649289634, 0.9800000000000004263, 0.1926910035432770896 ) ) ;
#554 = ORIENTED_EDGE ( 'NONE', *, *, #10050, .F. ) ;
#555 = UNCERTAINTY_MEASURE_WITH_UNIT (LENGTH_MEASURE( 1.000000000000000082E-05 ), #10399, 'distance_accuracy_value', 'NONE');
#556 = VECTOR ( 'NONE', #398, 1000.000000000000000 ) ;
#557 = CARTESIAN_POINT ( 'NONE',  ( -0.1840793830045865109, 0.9800000000000004263, 0.3460252624712996106 ) ) ;
#558 = VECTOR ( 'NONE', #5227, 1000.000000000000000 ) ;
#559 = STYLED_ITEM ( 'NONE', ( #4667 ), #8744 ) ;
#560 = PLANE ( 'NONE',  #9535 ) ;
#561 = LINE ( 'NONE', #11646, #3953 ) ;
#562 = MECHANICAL_DESIGN_GEOMETRIC_PRESENTATION_REPRESENTATION (  '', ( #3839 ), #7903 ) ;
#563 = CARTESIAN_POINT ( 'NONE',  ( 0.5800000000000001821, -1.000000000000000444, 0.01999999999999999695 ) ) ;
#564 =( NAMED_UNIT ( * ) PLANE_ANGLE_UNIT ( ) SI_UNIT ( $, .RADIAN. ) );
#565 = PLANE ( 'NONE',  #7954 ) ;
#566 = FILL_AREA_STYLE ('',( #9861 ) ) ;
#567 = B_SPLINE_CURVE_WITH_KNOTS ( 'NONE', 3,
 ( #10374, #11133, #1972, #3902 ),
 .UNSPECIFIED., .F., .F.,
 ( 4, 4 ),
 ( 5.000000000000000000, 6.000000000000000000 ),
 .UNSPECIFIED. ) ;
#568 = ORIENTED_EDGE ( 'NONE', *, *, #11020, .F. ) ;
#569 = ORIENTED_EDGE ( 'NONE', *, *, #105, .F. ) ;
#570 = VECTOR ( 'NONE', #6222, 1000.000000000000000 ) ;
#571 =( GEOMETRIC_REPRESENTATION_CONTEXT ( 3 ) GLOBAL_UNCERTAINTY_ASSIGNED_CONTEXT ( ( #4061 ) ) GLOBAL_UNIT_ASSIGNED_CONTEXT ( ( #6738, #482, #4858 ) ) REPRESENTATION_CONTEXT ( 'NONE', 'WORKASPACE' ) );
#572 = CARTESIAN_POINT ( 'NONE',  ( -0.2583828538324782764, 0.9810000000000003162, 0.2211141067604965316 ) ) ;
#573 = ORIENTED_EDGE ( 'NONE', *, *, #5859, .T. ) ;
#574 = DIRECTION ( 'NONE',  ( 1.000000000000000000, 0.0000000000000000000, 0.0000000000000000000 ) ) ;
#575 = EDGE_CURVE ( 'NONE', #7612, #1702, #45, .T. ) ;
#576 = STYLED_ITEM ( 'NONE', ( #3346 ), #2118 ) ;
#577 = ORIENTED_EDGE ( 'NONE', *, *, #1156, .F. ) ;
#578 = ORIENTED_EDGE ( 'NONE', *, *, #5568, .F. ) ;
#579 = CARTESIAN_POINT ( 'NONE',  ( -0.2699999999999994071, -1.000000000000000444, 0.5300000000000001377 ) ) ;
#580 = DIRECTION ( 'NONE',  ( -0.007092178509961518523, 0.0000000000000000000, 0.9999748501857348426 ) ) ;
#581 = CARTESIAN_POINT ( 'NONE',  ( 0.1396949596590429665, 0.9800000000000004263, 0.3258133215997177090 ) ) ;
#582 = DIRECTION ( 'NONE',  ( -0.0000000000000000000, -1.000000000000000000, -0.0000000000000000000 ) ) ;
#583 = STYLED_ITEM ( 'NONE', ( #95 ), #5166 ) ;
#584 = SURFACE_SIDE_STYLE ('',( #1606 ) ) ;
#585 = DIRECTION ( 'NONE',  ( -0.0000000000000000000, -1.000000000000000000, -0.0000000000000000000 ) ) ;
#586 = CARTESIAN_POINT ( 'NONE',  ( 0.07199420481020916973, 0.9810000000000003162, 0.3397933990630481182 ) ) ;
#587 = EDGE_LOOP ( 'NONE', ( #7020, #7763, #4135, #11642 ) ) ;
#588 = EDGE_CURVE ( 'NONE', #9689, #4783, #10072, .T. ) ;
#589 = FILL_AREA_STYLE ('',( #9707 ) ) ;
#590 = VECTOR ( 'NONE', #2811, 1000.000000000000000 ) ;
#591 = CARTESIAN_POINT ( 'NONE',  ( -0.2314884647984113697, 0.9800000000000004263, 0.2591789859950905939 ) ) ;
#592 = PRESENTATION_LAYER_ASSIGNMENT (  '', '', ( #2704 ) ) ;
#593 = CARTESIAN_POINT ( 'NONE',  ( -0.2286897739503591098, 0.9810000000000003162, 0.3392102192413882777 ) ) ;
#594 = CARTESIAN_POINT ( 'NONE',  ( -0.1012904573062684277, 0.9800000000000004263, 0.3007579537369385325 ) ) ;
#595 = LINE ( 'NONE', #5083, #11485 ) ;
#596 = CARTESIAN_POINT ( 'NONE',  ( -0.09628212657266393970, 0.9800000000000004263, 0.2195083551922446807 ) ) ;
#597 = FILL_AREA_STYLE ('',( #11572 ) ) ;
#598 = PRESENTATION_LAYER_ASSIGNMENT (  '', '', ( #4857 ) ) ;
#599 = CARTESIAN_POINT ( 'NONE',  ( -0.1876565740791538706, 0.9800000000000004263, 0.2144932019206998997 ) ) ;
#600 = B_SPLINE_SURFACE_WITH_KNOTS ( 'NONE', 3, 1, ( 
 ( #6985, #1428 ),
 ( #2446, #10827 ),
 ( #6138, #9920 ),
 ( #4267, #2386 ) ),
 .UNSPECIFIED., .F., .F., .F.,
 ( 4, 4 ),
 ( 2, 2 ),
 ( 7.000000000000000000, 8.000000000000000000 ),
 ( 0.0000000000000000000, 1.000000000000000000 ),
 .UNSPECIFIED. ) ;
#601 = FACE_OUTER_BOUND ( 'NONE', #4981, .T. ) ;
#602 =( LENGTH_UNIT ( ) NAMED_UNIT ( * ) SI_UNIT ( .MILLI., .METRE. ) );
#603 = ORIENTED_EDGE ( 'NONE', *, *, #1380, .T. ) ;
#604 = ORIENTED_EDGE ( 'NONE', *, *, #899, .F. ) ;
#605 = CARTESIAN_POINT ( 'NONE',  ( -0.09161716421311497105, 0.9800000000000004263, 0.2471477077409179324 ) ) ;
#606 = CARTESIAN_POINT ( 'NONE',  ( -0.2293713139836433546, 0.9800000000000004263, 0.3363459793326300518 ) ) ;
#607 = EDGE_CURVE ( 'NONE', #10747, #11885, #6346, .T. ) ;
#608 = B_SPLINE_CURVE_WITH_KNOTS ( 'NONE', 3,
 ( #5260, #714, #7065, #10728 ),
 .UNSPECIFIED., .F., .F.,
 ( 4, 4 ),
 ( 1.000000000000000000, 2.000000000000000000 ),
 .UNSPECIFIED. ) ;
#609 = CARTESIAN_POINT ( 'NONE',  ( -0.1683899403307217713, 0.9800000000000004263, 0.3402877522229448837 ) ) ;
#610 = MECHANICAL_DESIGN_GEOMETRIC_PRESENTATION_REPRESENTATION (  '', ( #8518 ), #5068 ) ;
#611 = CARTESIAN_POINT ( 'NONE',  ( -0.2385904339955741971, 0.9810000000000003162, 0.2141319608088242399 ) ) ;
#612 = ORIENTED_EDGE ( 'NONE', *, *, #11740, .T. ) ;
#613 = LINE ( 'NONE', #3334, #1570 ) ;
#614 = UNCERTAINTY_MEASURE_WITH_UNIT (LENGTH_MEASURE( 1.000000000000000082E-05 ), #10945, 'distance_accuracy_value', 'NONE');
#615 = FACE_OUTER_BOUND ( 'NONE', #3654, .T. ) ;
#616 =( NAMED_UNIT ( * ) SI_UNIT ( $, .STERADIAN. ) SOLID_ANGLE_UNIT ( ) );
#617 = VERTEX_POINT ( 'NONE', #7408 ) ;
#618 = CARTESIAN_POINT ( 'NONE',  ( -0.1904708755964152622, 0.9800000000000004263, 0.3437443959815647543 ) ) ;
#619 = ADVANCED_FACE ( 'NONE', ( #6409 ), #11077, .T. ) ;
#620 = CARTESIAN_POINT ( 'NONE',  ( 0.05933959860277124299, 0.9810000000000003162, 0.2381205000656923809 ) ) ;
#621 = FILL_AREA_STYLE_COLOUR ( '', #6285 ) ;
#622 = CARTESIAN_POINT ( 'NONE',  ( -0.1096344792239592053, 0.9800000000000004263, 0.2384157093606849298 ) ) ;
#623 = CARTESIAN_POINT ( 'NONE',  ( -0.1278942141534321897, 0.9800000000000004263, 0.2308777433289414260 ) ) ;
#624 = CARTESIAN_POINT ( 'NONE',  ( -0.2129742397133229659, 0.9800000000000004263, 0.2949748889742562219 ) ) ;
#625 = PRESENTATION_STYLE_ASSIGNMENT (( #4195 ) ) ;
#626 = ORIENTED_EDGE ( 'NONE', *, *, #5071, .F. ) ;
#627 = ORIENTED_EDGE ( 'NONE', *, *, #471, .F. ) ;
#628 = DIRECTION ( 'NONE',  ( 1.000000000000000000, 0.0000000000000000000, 0.0000000000000000000 ) ) ;
#629 = EDGE_CURVE ( 'NONE', #2577, #1266, #10140, .T. ) ;
#630 = CARTESIAN_POINT ( 'NONE',  ( 0.04058066527125686607, 0.9800000000000004263, 0.3345095185789770387 ) ) ;
#631 = EDGE_LOOP ( 'NONE', ( #548, #5329, #3578, #9596 ) ) ;
#632 = B_SPLINE_CURVE_WITH_KNOTS ( 'NONE', 3,
 ( #6994, #11671, #11734, #10655 ),
 .UNSPECIFIED., .F., .F.,
 ( 4, 4 ),
 ( 5.000000000000000000, 6.000000000000000000 ),
 .UNSPECIFIED. ) ;
#633 = ORIENTED_EDGE ( 'NONE', *, *, #7524, .F. ) ;
#634 = EDGE_CURVE ( 'NONE', #5852, #7612, #5378, .T. ) ;
#635 = ORIENTED_EDGE ( 'NONE', *, *, #1990, .F. ) ;
#636 = DIRECTION ( 'NONE',  ( 0.007092178509966642896, -0.0000000000000000000, -0.9999748501857348426 ) ) ;
#637 = B_SPLINE_CURVE_WITH_KNOTS ( 'NONE', 3,
 ( #8260, #6389, #9142, #11789 ),
 .UNSPECIFIED., .F., .F.,
 ( 4, 4 ),
 ( 3.000000000000000000, 4.000000000000000000 ),
 .UNSPECIFIED. ) ;
#638 = CARTESIAN_POINT ( 'NONE',  ( 0.0000000000000000000, 0.9810000000000003162, 0.0000000000000000000 ) ) ;
#639 = B_SPLINE_CURVE_WITH_KNOTS ( 'NONE', 3,
 ( #7383, #2622, #10873, #8364 ),
 .UNSPECIFIED., .F., .F.,
 ( 4, 4 ),
 ( 4.000000000000000000, 5.000000000000000000 ),
 .UNSPECIFIED. ) ;
#640 = CARTESIAN_POINT ( 'NONE',  ( 0.09822897624322909915, 0.9800000000000004263, 0.3616698184917169212 ) ) ;
#641 = ADVANCED_FACE ( 'NONE', ( #5814 ), #9256, .F. ) ;
#642 = VECTOR ( 'NONE', #8801, 1000.000000000000000 ) ;
#643 = CARTESIAN_POINT ( 'NONE',  ( -0.2030867450043408462, 0.9800000000000004263, 0.3211176000878182557 ) ) ;
#644 = DIRECTION ( 'NONE',  ( 1.000000000000000000, 0.0000000000000000000, 0.0000000000000000000 ) ) ;
#645 = CARTESIAN_POINT ( 'NONE',  ( -0.1955466647065569052, 0.9810000000000003162, 0.3392113305852193506 ) ) ;
#646 = ORIENTED_EDGE ( 'NONE', *, *, #6385, .F. ) ;
#647 = LINE ( 'NONE', #7789, #6923 ) ;
#648 = DIRECTION ( 'NONE',  ( -0.007092178509962865536, -0.0000000000000000000, 0.9999748501857348426 ) ) ;
#649 = CARTESIAN_POINT ( 'NONE',  ( -0.07654604391173461253, 0.9810000000000003162, 0.3285917061216096502 ) ) ;
#650 = CARTESIAN_POINT ( 'NONE',  ( -0.2249666376086776054, 0.9810000000000003162, 0.2650740264961071180 ) ) ;
#651 = CARTESIAN_POINT ( 'NONE',  ( -0.2284319607863218027, 0.9810000000000003162, 0.3376783662459988955 ) ) ;
#652 = CARTESIAN_POINT ( 'NONE',  ( -0.1558741477235450201, 0.9800000000000004263, 0.2047626817922929832 ) ) ;
#653 = EDGE_CURVE ( 'NONE', #4728, #868, #8807, .T. ) ;
#654 = CARTESIAN_POINT ( 'NONE',  ( -0.1907102522281630685, 0.9810000000000003162, 0.3353464418983808093 ) ) ;
#655 = FILL_AREA_STYLE_COLOUR ( '', #3028 ) ;
#656 = CARTESIAN_POINT ( 'NONE',  ( -0.1324238690058055501, 0.9800000000000004263, 0.2354726564968886993 ) ) ;
#657 = CARTESIAN_POINT ( 'NONE',  ( -0.1942976914693321233, 0.9800000000000004263, 0.3097163158567410313 ) ) ;
#658 = CARTESIAN_POINT ( 'NONE',  ( -0.1012904573062684277, 0.9800000000000004263, 0.3007579537369385325 ) ) ;
#659 = FILL_AREA_STYLE ('',( #11453 ) ) ;
#660 = ORIENTED_EDGE ( 'NONE', *, *, #3964, .T. ) ;
#661 = UNCERTAINTY_MEASURE_WITH_UNIT (LENGTH_MEASURE( 1.000000000000000082E-05 ), #10596, 'distance_accuracy_value', 'NONE');
#662 = FACE_OUTER_BOUND ( 'NONE', #922, .T. ) ;
#663 = SURFACE_STYLE_USAGE ( .BOTH. , #2476 ) ;
#664 = B_SPLINE_CURVE_WITH_KNOTS ( 'NONE', 3,
 ( #3896, #142, #3770, #10302 ),
 .UNSPECIFIED., .F., .F.,
 ( 4, 4 ),
 ( 18.00000000000000000, 19.00000000000000000 ),
 .UNSPECIFIED. ) ;
#665 = EDGE_CURVE ( 'NONE', #3168, #1307, #11138, .T. ) ;
#666 = PRESENTATION_STYLE_ASSIGNMENT (( #3332 ) ) ;
#667 = VERTEX_POINT ( 'NONE', #2043 ) ;
#668 = PLANE ( 'NONE',  #9061 ) ;
#669 = B_SPLINE_SURFACE_WITH_KNOTS ( 'NONE', 3, 1, ( 
 ( #3598, #5612 ),
 ( #11019, #6584 ),
 ( #1971, #7289 ),
 ( #87, #8334 ) ),
 .UNSPECIFIED., .F., .F., .F.,
 ( 4, 4 ),
 ( 2, 2 ),
 ( 3.000000000000000000, 4.000000000000000000 ),
 ( 0.0000000000000000000, 1.000000000000000000 ),
 .UNSPECIFIED. ) ;
#670 = FILL_AREA_STYLE ('',( #7875 ) ) ;
#671 = ORIENTED_EDGE ( 'NONE', *, *, #1869, .F. ) ;
#672 = SURFACE_SIDE_STYLE ('',( #9791 ) ) ;
#673 = PLANE ( 'NONE',  #6084 ) ;
#674 = CARTESIAN_POINT ( 'NONE',  ( -0.2200798139609348725, 0.9810000000000003162, 0.3145764125664764488 ) ) ;
#675 = COLOUR_RGB ( '',0.2235294117647058654, 0.2235294117647058654, 0.2235294117647058654 ) ;
#676 =( GEOMETRIC_REPRESENTATION_CONTEXT ( 3 ) GLOBAL_UNCERTAINTY_ASSIGNED_CONTEXT ( ( #935 ) ) GLOBAL_UNIT_ASSIGNED_CONTEXT ( ( #9559, #5713, #7579 ) ) REPRESENTATION_CONTEXT ( 'NONE', 'WORKASPACE' ) );
#677 = PRESENTATION_LAYER_ASSIGNMENT (  '', '', ( #9350 ) ) ;
#678 = CARTESIAN_POINT ( 'NONE',  ( -0.1334531839170124967, 0.9800000000000004263, 0.2284988029813187493 ) ) ;
#679 = SURFACE_STYLE_FILL_AREA ( #5169 ) ;
#680 = ORIENTED_EDGE ( 'NONE', *, *, #3808, .F. ) ;
#681 = VERTEX_POINT ( 'NONE', #4771 ) ;
#682 = EDGE_CURVE ( 'NONE', #9604, #806, #6714, .T. ) ;
#683 = DIRECTION ( 'NONE',  ( 0.9999748501857348426, -0.0000000000000000000, 0.007092178509963093652 ) ) ;
#684 = ORIENTED_EDGE ( 'NONE', *, *, #1027, .F. ) ;
#685 = AXIS2_PLACEMENT_3D ( 'NONE', #6260, #7333, #9929 ) ;
#686 = VECTOR ( 'NONE', #5253, 1000.000000000000114 ) ;
#687 = VECTOR ( 'NONE', #3915, 1000.000000000000000 ) ;
#688 = VERTEX_POINT ( 'NONE', #4103 ) ;
#689 = ORIENTED_EDGE ( 'NONE', *, *, #9854, .T. ) ;
#690 = CARTESIAN_POINT ( 'NONE',  ( 0.1471528985507288279, 0.9810000000000003162, 0.2427198625404619614 ) ) ;
#691 = EDGE_CURVE ( 'NONE', #10983, #5066, #3015, .T. ) ;
#692 = COLOUR_RGB ( '',0.2235294117647058654, 0.2235294117647058654, 0.2235294117647058654 ) ;
#693 =( GEOMETRIC_REPRESENTATION_CONTEXT ( 3 ) GLOBAL_UNCERTAINTY_ASSIGNED_CONTEXT ( ( #5265 ) ) GLOBAL_UNIT_ASSIGNED_CONTEXT ( ( #6121, #435, #3224 ) ) REPRESENTATION_CONTEXT ( 'NONE', 'WORKASPACE' ) );
#694 = CARTESIAN_POINT ( 'NONE',  ( -0.1027234132343150808, 0.9810000000000003162, 0.3415333207181004971 ) ) ;
#695 = VECTOR ( 'NONE', #10707, 1000.000000000000000 ) ;
#696 = VERTEX_POINT ( 'NONE', #5924 ) ;
#697 =( NAMED_UNIT ( * ) SI_UNIT ( $, .STERADIAN. ) SOLID_ANGLE_UNIT ( ) );
#698 = ADVANCED_FACE ( 'NONE', ( #3078 ), #1980, .F. ) ;
#699 = EDGE_CURVE ( 'NONE', #8775, #5092, #3228, .T. ) ;
#700 = EDGE_CURVE ( 'NONE', #8297, #11599, #315, .T. ) ;
#701 = CARTESIAN_POINT ( 'NONE',  ( -0.1511068893563066173, 0.9810000000000003162, 0.3462591151635236453 ) ) ;
#702 = ORIENTED_EDGE ( 'NONE', *, *, #10631, .F. ) ;
#703 = CARTESIAN_POINT ( 'NONE',  ( 0.1196054746651321610, 0.9800000000000004263, 0.2530081763347153956 ) ) ;
#704 = COLOUR_RGB ( '',0.2235294117647058654, 0.2235294117647058654, 0.2235294117647058654 ) ;
#705 = CARTESIAN_POINT ( 'NONE',  ( -0.2150426304200010186, 0.9800000000000004263, 0.2200957664073498465 ) ) ;
#706 = CARTESIAN_POINT ( 'NONE',  ( 0.1964433901000034455, 0.9810000000000003162, 0.3269388128004312999 ) ) ;
#707 = CARTESIAN_POINT ( 'NONE',  ( 0.2023374446442637586, 0.9810000000000003162, 0.2604635514166620536 ) ) ;
#708 =( NAMED_UNIT ( * ) PLANE_ANGLE_UNIT ( ) SI_UNIT ( $, .RADIAN. ) );
#709 = B_SPLINE_CURVE_WITH_KNOTS ( 'NONE', 3,
 ( #11665, #1601, #758, #6261 ),
 .UNSPECIFIED., .F., .F.,
 ( 4, 4 ),
 ( 18.00000000000000000, 19.00000000000000000 ),
 .UNSPECIFIED. ) ;
#710 =( NAMED_UNIT ( * ) SI_UNIT ( $, .STERADIAN. ) SOLID_ANGLE_UNIT ( ) );
#711 = LINE ( 'NONE', #11687, #11332 ) ;
#712 = SURFACE_SIDE_STYLE ('',( #11023 ) ) ;
#713 = B_SPLINE_CURVE_WITH_KNOTS ( 'NONE', 3,
 ( #1942, #3631, #5584, #9302 ),
 .UNSPECIFIED., .F., .F.,
 ( 4, 4 ),
 ( 4.000000000000000000, 5.000000000000000000 ),
 .UNSPECIFIED. ) ;
#714 = CARTESIAN_POINT ( 'NONE',  ( -0.08741998171941695039, 0.9810000000000003162, 0.2289552598882352019 ) ) ;
#715 = CARTESIAN_POINT ( 'NONE',  ( -0.1754919095275360719, 0.9810000000000003162, 0.2952407270366810832 ) ) ;
#716 = CARTESIAN_POINT ( 'NONE',  ( -0.2919442581832068506, 0.9800000000000004263, 0.2581003468908734111 ) ) ;
#717 = CARTESIAN_POINT ( 'NONE',  ( 0.04484162001813838533, 0.9810000000000003162, 0.2944125876853339041 ) ) ;
#718 = ADVANCED_FACE ( 'NONE', ( #5773 ), #778, .F. ) ;
#719 = VERTEX_POINT ( 'NONE', #8664 ) ;
#720 = CARTESIAN_POINT ( 'NONE',  ( -0.07419584504895446186, 0.9810000000000003162, 0.2152979059030083742 ) ) ;
#721 =( GEOMETRIC_REPRESENTATION_CONTEXT ( 3 ) GLOBAL_UNCERTAINTY_ASSIGNED_CONTEXT ( ( #8076 ) ) GLOBAL_UNIT_ASSIGNED_CONTEXT ( ( #10763, #5289, #8425 ) ) REPRESENTATION_CONTEXT ( 'NONE', 'WORKASPACE' ) );
#722 = CARTESIAN_POINT ( 'NONE',  ( -0.1906467391812632917, 0.9800000000000004263, 0.3062329384880760896 ) ) ;
#723 = LINE ( 'NONE', #9292, #10015 ) ;
#724 = ORIENTED_EDGE ( 'NONE', *, *, #10467, .T. ) ;
#725 = CARTESIAN_POINT ( 'NONE',  ( -0.1031003881603762551, 0.9800000000000004263, 0.2150929045677676954 ) ) ;
#726 = VECTOR ( 'NONE', #2470, 1000.000000000000000 ) ;
#727 = AXIS2_PLACEMENT_3D ( 'NONE', #10849, #4347, #4411 ) ;
#728 = UNCERTAINTY_MEASURE_WITH_UNIT (LENGTH_MEASURE( 1.000000000000000082E-05 ), #6144, 'distance_accuracy_value', 'NONE');
#729 = DIRECTION ( 'NONE',  ( -0.3592492403233704112, -0.0000000000000000000, -0.9332416532319383062 ) ) ;
#730 = B_SPLINE_CURVE_WITH_KNOTS ( 'NONE', 3,
 ( #4101, #11333, #9587, #7788 ),
 .UNSPECIFIED., .F., .F.,
 ( 4, 4 ),
 ( 3.000000000000000000, 4.000000000000000000 ),
 .UNSPECIFIED. ) ;
#731 = CARTESIAN_POINT ( 'NONE',  ( 0.05991642631702527588, 0.9810000000000003162, 0.2587304362004613778 ) ) ;
#732 = VERTEX_POINT ( 'NONE', #3169 ) ;
#733 = EDGE_CURVE ( 'NONE', #11606, #4092, #11469, .T. ) ;
#734 = DIRECTION ( 'NONE',  ( 0.9999748501857348426, 0.0000000000000000000, 0.007092178509962867271 ) ) ;
#735 = CARTESIAN_POINT ( 'NONE',  ( -0.2583828538324782764, 0.9800000000000004263, 0.2211141067604965316 ) ) ;
#736 = FILL_AREA_STYLE_COLOUR ( '', #4158 ) ;
#737 = B_SPLINE_CURVE_WITH_KNOTS ( 'NONE', 3,
 ( #11446, #466, #2120, #7854 ),
 .UNSPECIFIED., .F., .F.,
 ( 4, 4 ),
 ( 1.000000000000000000, 2.000000000000000000 ),
 .UNSPECIFIED. ) ;
#738 = COLOUR_RGB ( '',0.2235294117647058654, 0.2235294117647058654, 0.2235294117647058654 ) ;
#739 = CARTESIAN_POINT ( 'NONE',  ( -0.5999999999999994227, 0.9999999999999995559, 0.02000000000000005246 ) ) ;
#740 = SURFACE_STYLE_USAGE ( .BOTH. , #3343 ) ;
#741 = CARTESIAN_POINT ( 'NONE',  ( -0.2592827593950957632, 0.9810000000000003162, 0.2398758267129963151 ) ) ;
#742 = SURFACE_SIDE_STYLE ('',( #3293 ) ) ;
#743 = VERTEX_POINT ( 'NONE', #7702 ) ;
#744 = ORIENTED_EDGE ( 'NONE', *, *, #9015, .F. ) ;
#745 = FILL_AREA_STYLE_COLOUR ( '', #11719 ) ;
#746 = CARTESIAN_POINT ( 'NONE',  ( -0.09660557314164537612, 0.9800000000000004263, 0.2522852538963212821 ) ) ;
#747 = PRESENTATION_LAYER_ASSIGNMENT (  '', '', ( #11345 ) ) ;
#748 = ORIENTED_EDGE ( 'NONE', *, *, #5042, .T. ) ;
#749 = PRESENTATION_LAYER_ASSIGNMENT (  '', '', ( #1893 ) ) ;
#750 = PRESENTATION_LAYER_ASSIGNMENT (  '', '', ( #5975 ) ) ;
#751 =( NAMED_UNIT ( * ) SI_UNIT ( $, .STERADIAN. ) SOLID_ANGLE_UNIT ( ) );
#752 = ORIENTED_EDGE ( 'NONE', *, *, #46, .F. ) ;
#753 = VECTOR ( 'NONE', #11410, 1000.000000000000000 ) ;
#754 = ORIENTED_EDGE ( 'NONE', *, *, #803, .F. ) ;
#755 = PRESENTATION_STYLE_ASSIGNMENT (( #4498 ) ) ;
#756 = CARTESIAN_POINT ( 'NONE',  ( 0.01684555845657268944, 0.9800000000000004263, 0.2660165733965533796 ) ) ;
#757 = EDGE_CURVE ( 'NONE', #9473, #10303, #8725, .T. ) ;
#758 = CARTESIAN_POINT ( 'NONE',  ( -0.1358136862818299928, 0.9810000000000003162, 0.2149648685892728561 ) ) ;
#759 = STYLED_ITEM ( 'NONE', ( #1896 ), #5499 ) ;
#760 = B_SPLINE_CURVE_WITH_KNOTS ( 'NONE', 3,
 ( #611, #10856, #6292, #11698 ),
 .UNSPECIFIED., .F., .F.,
 ( 4, 4 ),
 ( 5.000000000000000000, 6.000000000000000000 ),
 .UNSPECIFIED. ) ;
#761 = STYLED_ITEM ( 'NONE', ( #5269 ), #4288 ) ;
#762 = CARTESIAN_POINT ( 'NONE',  ( -0.1471323806271166434, 0.9810000000000003162, 0.1981960580990772547 ) ) ;
#763 = FILL_AREA_STYLE ('',( #8020 ) ) ;
#764 = ORIENTED_EDGE ( 'NONE', *, *, #6900, .T. ) ;
#765 =( NAMED_UNIT ( * ) PLANE_ANGLE_UNIT ( ) SI_UNIT ( $, .RADIAN. ) );
#766 = PLANE ( 'NONE',  #2750 ) ;
#767 = VECTOR ( 'NONE', #10188, 1000.000000000000000 ) ;
#768 = MECHANICAL_DESIGN_GEOMETRIC_PRESENTATION_REPRESENTATION (  '', ( #7717 ), #10212 ) ;
#769 =( LENGTH_UNIT ( ) NAMED_UNIT ( * ) SI_UNIT ( .MILLI., .METRE. ) );
#770 = VERTEX_POINT ( 'NONE', #2260 ) ;
#771 = SURFACE_SIDE_STYLE ('',( #9035 ) ) ;
#772 = FILL_AREA_STYLE_COLOUR ( '', #6874 ) ;
#773 = CARTESIAN_POINT ( 'NONE',  ( -0.2030867450043408462, 0.9810000000000003162, 0.3211176000878182557 ) ) ;
#774 = CARTESIAN_POINT ( 'NONE',  ( 0.1933899851099938894, 0.9810000000000003162, 0.2477473868847924199 ) ) ;
#775 = EDGE_CURVE ( 'NONE', #11107, #5361, #5893, .T. ) ;
#776 = PRESENTATION_LAYER_ASSIGNMENT (  '', '', ( #5213 ) ) ;
#777 = CARTESIAN_POINT ( 'NONE',  ( -0.5999999999999994227, 0.9999999999999995559, 0.5500000000000000444 ) ) ;
#778 = B_SPLINE_SURFACE_WITH_KNOTS ( 'NONE', 3, 1, ( 
 ( #7764, #6746 ),
 ( #7815, #4009 ),
 ( #9498, #1236 ),
 ( #8774, #4924 ) ),
 .UNSPECIFIED., .F., .F., .F.,
 ( 4, 4 ),
 ( 2, 2 ),
 ( 4.000000000000000000, 5.000000000000000000 ),
 ( 0.0000000000000000000, 1.000000000000000000 ),
 .UNSPECIFIED. ) ;
#779 = CARTESIAN_POINT ( 'NONE',  ( -0.2254477106681113119, 0.9800000000000004263, 0.3457318635279222896 ) ) ;
#780 = FACE_OUTER_BOUND ( 'NONE', #10082, .T. ) ;
#781 = SURFACE_STYLE_USAGE ( .BOTH. , #712 ) ;
#782 = DIRECTION ( 'NONE',  ( -0.0000000000000000000, -1.000000000000000000, -0.0000000000000000000 ) ) ;
#783 = CARTESIAN_POINT ( 'NONE',  ( -0.2288457337151711679, 0.9810000000000003162, 0.3392091131190770881 ) ) ;
#784 = ADVANCED_FACE ( 'NONE', ( #387 ), #9772, .F. ) ;
#785 = STYLED_ITEM ( 'NONE', ( #6281 ), #5086 ) ;
#786 = DIRECTION ( 'NONE',  ( -0.0000000000000000000, 0.0000000000000000000, 1.000000000000000000 ) ) ;
#787 = MECHANICAL_DESIGN_GEOMETRIC_PRESENTATION_REPRESENTATION (  '', ( #2704 ), #3674 ) ;
#788 = ORIENTED_EDGE ( 'NONE', *, *, #2686, .F. ) ;
#789 = SURFACE_STYLE_FILL_AREA ( #8217 ) ;
#790 = ADVANCED_FACE ( 'NONE', ( #531 ), #2408, .T. ) ;
#791 = DIRECTION ( 'NONE',  ( 0.3625544874979447774, -0.0000000000000000000, -0.9319625762846395212 ) ) ;
#792 = CARTESIAN_POINT ( 'NONE',  ( -0.2291196769592885041, 0.9800000000000004263, 0.3375175211072943826 ) ) ;
#793 = STYLED_ITEM ( 'NONE', ( #2916 ), #4769 ) ;
#794 = FILL_AREA_STYLE ('',( #2421 ) ) ;
#795 = EDGE_CURVE ( 'NONE', #4973, #4728, #595, .T. ) ;
#796 = VERTEX_POINT ( 'NONE', #469 ) ;
#797 = CARTESIAN_POINT ( 'NONE',  ( -0.08863871572542110500, 0.9810000000000003162, 0.2212002248946726146 ) ) ;
#798 = ORIENTED_EDGE ( 'NONE', *, *, #7867, .T. ) ;
#799 =( LENGTH_UNIT ( ) NAMED_UNIT ( * ) SI_UNIT ( .MILLI., .METRE. ) );
#800 = FILL_AREA_STYLE ('',( #1804 ) ) ;
#801 = CARTESIAN_POINT ( 'NONE',  ( -0.1471725697378032105, 0.9810000000000003162, 0.2038625962271659597 ) ) ;
#802 = DIRECTION ( 'NONE',  ( 0.4987484692609973069, 0.0000000000000000000, 0.8667467706370829417 ) ) ;
#803 = EDGE_CURVE ( 'NONE', #6970, #10591, #8105, .T. ) ;
#804 = ORIENTED_EDGE ( 'NONE', *, *, #4590, .T. ) ;
#805 = CARTESIAN_POINT ( 'NONE',  ( -0.1053523166280632278, 0.9810000000000003162, 0.2522232188699653488 ) ) ;
#806 = VERTEX_POINT ( 'NONE', #11622 ) ;
#807 = DIRECTION ( 'NONE',  ( -0.9999748501857348426, -0.0000000000000000000, -0.007092178509962436192 ) ) ;
#808 = ORIENTED_EDGE ( 'NONE', *, *, #7119, .T. ) ;
#809 =( NAMED_UNIT ( * ) SI_UNIT ( $, .STERADIAN. ) SOLID_ANGLE_UNIT ( ) );
#810 = SURFACE_SIDE_STYLE ('',( #8315 ) ) ;
#811 = COLOUR_RGB ( '',0.7529411764705882248, 0.7529411764705882248, 0.7529411764705882248 ) ;
#812 = SURFACE_SIDE_STYLE ('',( #9137 ) ) ;
#813 = FILL_AREA_STYLE ('',( #9087 ) ) ;
#814 = SURFACE_STYLE_USAGE ( .BOTH. , #4694 ) ;
#815 = EDGE_CURVE ( 'NONE', #9673, #10912, #4246, .T. ) ;
#816 = EDGE_LOOP ( 'NONE', ( #7569, #329, #8592, #5451 ) ) ;
#817 =( NAMED_UNIT ( * ) SI_UNIT ( $, .STERADIAN. ) SOLID_ANGLE_UNIT ( ) );
#818 = CARTESIAN_POINT ( 'NONE',  ( -0.1763723712847932723, 0.9810000000000003162, 0.3460799233489056936 ) ) ;
#819 = ORIENTED_EDGE ( 'NONE', *, *, #2075, .F. ) ;
#820 = EDGE_CURVE ( 'NONE', #3871, #11885, #6219, .T. ) ;
#821 = EDGE_LOOP ( 'NONE', ( #502, #2566, #2007, #2206, #3858, #3532, #8881, #5537, #764, #1865 ) ) ;
#822 = CARTESIAN_POINT ( 'NONE',  ( 0.0000000000000000000, 0.9800000000000004263, 0.0000000000000000000 ) ) ;
#823 = DIRECTION ( 'NONE',  ( 0.9999748501857348426, -0.0000000000000000000, 0.007092178509965466754 ) ) ;
#824 = PLANE ( 'NONE',  #10135 ) ;
#825 = CARTESIAN_POINT ( 'NONE',  ( -0.1183484094890636107, 0.9810000000000003162, 0.2447225844659209337 ) ) ;
#826 = PRESENTATION_LAYER_ASSIGNMENT (  '', '', ( #6635 ) ) ;
#827 = FACE_OUTER_BOUND ( 'NONE', #5877, .T. ) ;
#828 =( LENGTH_UNIT ( ) NAMED_UNIT ( * ) SI_UNIT ( .MILLI., .METRE. ) );
#829 = CARTESIAN_POINT ( 'NONE',  ( 0.1107400636383502196, 0.9810000000000003162, 0.2287244026595042778 ) ) ;
#830 = DIRECTION ( 'NONE',  ( 0.9999748501857349536, 0.0000000000000000000, 0.007092178509949110914 ) ) ;
#831 = CARTESIAN_POINT ( 'NONE',  ( -0.08496510301447242341, 0.9800000000000004263, 0.3098158819495590577 ) ) ;
#832 = SURFACE_SIDE_STYLE ('',( #11853 ) ) ;
#833 = ADVANCED_FACE ( 'NONE', ( #6949 ), #863, .T. ) ;
#834 = CARTESIAN_POINT ( 'NONE',  ( 0.04664905852358595256, 0.9800000000000004263, 0.2944254066842557638 ) ) ;
#835 = VERTEX_POINT ( 'NONE', #8038 ) ;
#836 = CARTESIAN_POINT ( 'NONE',  ( -0.2499999999999994171, -0.9799999999999995381, 0.01999999999999999695 ) ) ;
#837 = CARTESIAN_POINT ( 'NONE',  ( -0.1901429103307739343, 0.9800000000000004263, 0.2975023256621182055 ) ) ;
#838 = EDGE_CURVE ( 'NONE', #6905, #433, #1358, .T. ) ;
#839 = CARTESIAN_POINT ( 'NONE',  ( -0.1255615486199370967, 0.9800000000000004263, 0.2446714263089694308 ) ) ;
#840 = FILL_AREA_STYLE_COLOUR ( '', #1915 ) ;
#841 = ORIENTED_EDGE ( 'NONE', *, *, #1618, .F. ) ;
#842 = PRESENTATION_STYLE_ASSIGNMENT (( #11089 ) ) ;
#843 = EDGE_CURVE ( 'NONE', #115, #6374, #711, .T. ) ;
#844 = LINE ( 'NONE', #8124, #2650 ) ;
#845 = CARTESIAN_POINT ( 'NONE',  ( 0.1473528750121374797, 0.9800000000000004263, 0.2145238108256276310 ) ) ;
#846 = ORIENTED_EDGE ( 'NONE', *, *, #11099, .F. ) ;
#847 = ORIENTED_EDGE ( 'NONE', *, *, #10671, .T. ) ;
#848 = LINE ( 'NONE', #6545, #3267 ) ;
#849 = CARTESIAN_POINT ( 'NONE',  ( -0.2532414347988080627, 0.9800000000000004263, 0.2163935594339158885 ) ) ;
#850 = PLANE ( 'NONE',  #11178 ) ;
#851 = DIRECTION ( 'NONE',  ( -0.0000000000000000000, -1.000000000000000000, -0.0000000000000000000 ) ) ;
#852 = CYLINDRICAL_SURFACE ( 'NONE', #8155, 0.02000000000000000042 ) ;
#853 = COLOUR_RGB ( '',0.2235294117647058654, 0.2235294117647058654, 0.2235294117647058654 ) ;
#854 = ORIENTED_EDGE ( 'NONE', *, *, #2081, .F. ) ;
#855 =( NAMED_UNIT ( * ) PLANE_ANGLE_UNIT ( ) SI_UNIT ( $, .RADIAN. ) );
#856 = PRESENTATION_STYLE_ASSIGNMENT (( #3699 ) ) ;
#857 = ORIENTED_EDGE ( 'NONE', *, *, #9290, .F. ) ;
#858 = PLANE ( 'NONE',  #5552 ) ;
#859 = PRESENTATION_LAYER_ASSIGNMENT (  '', '', ( #11274 ) ) ;
#860 = ORIENTED_EDGE ( 'NONE', *, *, #1313, .T. ) ;
#861 = ADVANCED_FACE ( 'NONE', ( #5994 ), #9659, .F. ) ;
#862 = MECHANICAL_DESIGN_GEOMETRIC_PRESENTATION_REPRESENTATION (  '', ( #6086 ), #9546 ) ;
#863 = B_SPLINE_SURFACE_WITH_KNOTS ( 'NONE', 3, 1, ( 
 ( #11569, #3319 ),
 ( #6159, #9830 ),
 ( #6892, #8928 ),
 ( #654, #5311 ) ),
 .UNSPECIFIED., .F., .F., .F.,
 ( 4, 4 ),
 ( 2, 2 ),
 ( 4.000000000000000000, 5.000000000000000000 ),
 ( 0.0000000000000000000, 1.000000000000000000 ),
 .UNSPECIFIED. ) ;
#864 = DIRECTION ( 'NONE',  ( -0.0000000000000000000, -1.000000000000000000, -0.0000000000000000000 ) ) ;
#865 = CARTESIAN_POINT ( 'NONE',  ( 0.04773351886878312439, 0.9800000000000004263, 0.2944330980640477158 ) ) ;
#866 = CARTESIAN_POINT ( 'NONE',  ( -0.08342431176475927079, 0.9810000000000003162, 0.3271392145014476172 ) ) ;
#867 = ORIENTED_EDGE ( 'NONE', *, *, #2531, .T. ) ;
#868 = VERTEX_POINT ( 'NONE', #4517 ) ;
#869 = STYLED_ITEM ( 'NONE', ( #883 ), #3158 ) ;
#870 = SURFACE_STYLE_USAGE ( .BOTH. , #9092 ) ;
#871 = STYLED_ITEM ( 'NONE', ( #6214 ), #8895 ) ;
#872 = VERTEX_POINT ( 'NONE', #3492 ) ;
#873 = CARTESIAN_POINT ( 'NONE',  ( 0.1196054746651321610, 0.9800000000000004263, 0.2530081763347153956 ) ) ;
#874 = VERTEX_POINT ( 'NONE', #4659 ) ;
#875 = EDGE_CURVE ( 'NONE', #9660, #10411, #2812, .T. ) ;
#876 = AXIS2_PLACEMENT_3D ( 'NONE', #274, #341, #4145 ) ;
#877 = CARTESIAN_POINT ( 'NONE',  ( -0.1461948790893620176, 0.9810000000000003162, 0.2511017215875920860 ) ) ;
#878 = CARTESIAN_POINT ( 'NONE',  ( 0.1660348399979919010, 0.9800000000000004263, 0.3328687438566483858 ) ) ;
#879 = LINE ( 'NONE', #4581, #1447 ) ;
#880 = STYLED_ITEM ( 'NONE', ( #1602 ), #3349 ) ;
#881 =( GEOMETRIC_REPRESENTATION_CONTEXT ( 3 ) GLOBAL_UNCERTAINTY_ASSIGNED_CONTEXT ( ( #614 ) ) GLOBAL_UNIT_ASSIGNED_CONTEXT ( ( #10945, #9086, #4633 ) ) REPRESENTATION_CONTEXT ( 'NONE', 'WORKASPACE' ) );
#882 = CARTESIAN_POINT ( 'NONE',  ( -0.1147336061947704378, 0.9810000000000003162, 0.3452953411902958680 ) ) ;
#883 = PRESENTATION_STYLE_ASSIGNMENT (( #4705 ) ) ;
#884 = B_SPLINE_CURVE_WITH_KNOTS ( 'NONE', 3,
 ( #8872, #652, #10785, #9949 ),
 .UNSPECIFIED., .F., .F.,
 ( 4, 4 ),
 ( 5.000000000000000000, 6.000000000000000000 ),
 .UNSPECIFIED. ) ;
#885 = PRESENTATION_STYLE_ASSIGNMENT (( #3780 ) ) ;
#886 = LINE ( 'NONE', #9046, #3658 ) ;
#887 = PRESENTATION_STYLE_ASSIGNMENT (( #9157 ) ) ;
#888 = MECHANICAL_DESIGN_GEOMETRIC_PRESENTATION_REPRESENTATION (  '', ( #504 ), #693 ) ;
#889 =( GEOMETRIC_REPRESENTATION_CONTEXT ( 3 ) GLOBAL_UNCERTAINTY_ASSIGNED_CONTEXT ( ( #7991 ) ) GLOBAL_UNIT_ASSIGNED_CONTEXT ( ( #8947, #10865, #7435 ) ) REPRESENTATION_CONTEXT ( 'NONE', 'WORKASPACE' ) );
#890 = PRESENTATION_LAYER_ASSIGNMENT (  '', '', ( #4568 ) ) ;
#891 = DIRECTION ( 'NONE',  ( -0.0000000000000000000, -1.000000000000000000, -0.0000000000000000000 ) ) ;
#892 = CARTESIAN_POINT ( 'NONE',  ( 0.5800000000000001821, -1.000000000000000444, 0.01999999999999999695 ) ) ;
#893 = EDGE_LOOP ( 'NONE', ( #3048, #1287, #1891, #9564 ) ) ;
#894 =( NAMED_UNIT ( * ) SI_UNIT ( $, .STERADIAN. ) SOLID_ANGLE_UNIT ( ) );
#895 = CARTESIAN_POINT ( 'NONE',  ( -0.1876565740791538706, 0.9800000000000004263, 0.2144932019206998719 ) ) ;
#896 = PRESENTATION_LAYER_ASSIGNMENT (  '', '', ( #4975 ) ) ;
#897 = PRESENTATION_STYLE_ASSIGNMENT (( #10078 ) ) ;
#898 = AXIS2_PLACEMENT_3D ( 'NONE', #8680, #7776, #10425 ) ;
#899 = EDGE_CURVE ( 'NONE', #1755, #8719, #9215, .T. ) ;
#900 = FILL_AREA_STYLE ('',( #5496 ) ) ;
#901 =( NAMED_UNIT ( * ) PLANE_ANGLE_UNIT ( ) SI_UNIT ( $, .RADIAN. ) );
#902 = DIRECTION ( 'NONE',  ( 0.0000000000000000000, -1.000000000000000000, 0.0000000000000000000 ) ) ;
#903 = CARTESIAN_POINT ( 'NONE',  ( 0.1658271787583907586, 0.9800000000000004263, 0.3111769386675978244 ) ) ;
#904 = VECTOR ( 'NONE', #5220, 1000.000000000000000 ) ;
#905 = VERTEX_POINT ( 'NONE', #9953 ) ;
#906 = ORIENTED_EDGE ( 'NONE', *, *, #6900, .F. ) ;
#907 = UNCERTAINTY_MEASURE_WITH_UNIT (LENGTH_MEASURE( 1.000000000000000082E-05 ), #3552, 'distance_accuracy_value', 'NONE');
#908 = CARTESIAN_POINT ( 'NONE',  ( -0.2583828538324782764, 0.9810000000000003162, 0.2211141067604965316 ) ) ;
#909 = FILL_AREA_STYLE_COLOUR ( '', #7048 ) ;
#910 = ADVANCED_FACE ( 'NONE', ( #780 ), #5616, .F. ) ;
#911 = FILL_AREA_STYLE ('',( #11818 ) ) ;
#912 = CARTESIAN_POINT ( 'NONE',  ( -0.08681088979673344530, 0.9800000000000004263, 0.2237086702488154111 ) ) ;
#913 = VECTOR ( 'NONE', #11209, 1000.000000000000000 ) ;
#914 = ORIENTED_EDGE ( 'NONE', *, *, #2197, .F. ) ;
#915 = VECTOR ( 'NONE', #6453, 1000.000000000000114 ) ;
#916 = CARTESIAN_POINT ( 'NONE',  ( -0.1494660812824138152, 0.9800000000000004263, 0.3183265555675406366 ) ) ;
#917 = FACE_OUTER_BOUND ( 'NONE', #4666, .T. ) ;
#918 = ORIENTED_EDGE ( 'NONE', *, *, #3506, .F. ) ;
#919 = CARTESIAN_POINT ( 'NONE',  ( 0.04919997201009356641, 0.9810000000000003162, 0.3425237802703828272 ) ) ;
#920 = EDGE_CURVE ( 'NONE', #6394, #2195, #3505, .T. ) ;
#921 = MECHANICAL_DESIGN_GEOMETRIC_PRESENTATION_REPRESENTATION (  '', ( #7695 ), #8841 ) ;
#922 = EDGE_LOOP ( 'NONE', ( #1030, #11319, #2220, #11542 ) ) ;
#923 = CARTESIAN_POINT ( 'NONE',  ( -0.09660557314164537612, 0.9800000000000004263, 0.2522852538963212821 ) ) ;
#924 = CARTESIAN_POINT ( 'NONE',  ( -0.2810581327235270876, 0.9810000000000003162, 0.2277378766252798892 ) ) ;
#925 = FILL_AREA_STYLE_COLOUR ( '', #11532 ) ;
#926 = CARTESIAN_POINT ( 'NONE',  ( -0.08135865735505859453, 0.9810000000000003162, 0.2191462949316740905 ) ) ;
#927 = CARTESIAN_POINT ( 'NONE',  ( 0.008049363051064835003, 0.9810000000000003162, 0.2319726427754881526 ) ) ;
#928 = ORIENTED_EDGE ( 'NONE', *, *, #11703, .F. ) ;
#929 = ORIENTED_EDGE ( 'NONE', *, *, #1800, .F. ) ;
#930 = COLOUR_RGB ( '',0.2235294117647058654, 0.2235294117647058654, 0.2235294117647058654 ) ;
#931 = VECTOR ( 'NONE', #11218, 1000.000000000000227 ) ;
#932 =( NAMED_UNIT ( * ) SI_UNIT ( $, .STERADIAN. ) SOLID_ANGLE_UNIT ( ) );
#933 = EDGE_CURVE ( 'NONE', #4805, #5649, #11915, .T. ) ;
#934 = FACE_OUTER_BOUND ( 'NONE', #9615, .T. ) ;
#935 = UNCERTAINTY_MEASURE_WITH_UNIT (LENGTH_MEASURE( 1.000000000000000082E-05 ), #9559, 'distance_accuracy_value', 'NONE');
#936 = VERTEX_POINT ( 'NONE', #11022 ) ;
#937 = CARTESIAN_POINT ( 'NONE',  ( -0.1870085991865436392, 0.9800000000000004263, 0.3027234756487630629 ) ) ;
#938 = CARTESIAN_POINT ( 'NONE',  ( -0.2450518885332119978, 0.9800000000000004263, 0.2198829300390642283 ) ) ;
#939 = ORIENTED_EDGE ( 'NONE', *, *, #6482, .T. ) ;
#941 = STYLED_ITEM ( 'NONE', ( #518 ), #5457 ) ;
#940 = CARTESIAN_POINT ( 'NONE',  ( -0.05345531724329093126, 0.9810000000000003162, 0.2212418012999091965 ) ) ;
#942 = FACE_OUTER_BOUND ( 'NONE', #6361, .T. ) ;
#943 = VECTOR ( 'NONE', #6372, 1000.000000000000114 ) ;
#944 = CARTESIAN_POINT ( 'NONE',  ( -0.1147336061947704378, 0.9810000000000003162, 0.3452953411902958680 ) ) ;
#945 = CARTESIAN_POINT ( 'NONE',  ( -0.1681119349228590021, 0.9800000000000004263, 0.3010898646221462083 ) ) ;
#946 = DIRECTION ( 'NONE',  ( 0.9999748501857348426, 0.0000000000000000000, 0.007092178509963323503 ) ) ;
#947 = VECTOR ( 'NONE', #6657, 1000.000000000000000 ) ;
#948 = SURFACE_SIDE_STYLE ('',( #2100 ) ) ;
#949 = PLANE ( 'NONE',  #2828 ) ;
#950 = COLOUR_RGB ( '',0.2235294117647058654, 0.2235294117647058654, 0.2235294117647058654 ) ;
#951 = SURFACE_STYLE_FILL_AREA ( #10194 ) ;
#952 =( NAMED_UNIT ( * ) PLANE_ANGLE_UNIT ( ) SI_UNIT ( $, .RADIAN. ) );
#953 = EDGE_CURVE ( 'NONE', #7925, #440, #10561, .T. ) ;
#954 = CARTESIAN_POINT ( 'NONE',  ( -0.1285643283174331131, 0.9810000000000003162, 0.2520585909991285845 ) ) ;
#955 = VECTOR ( 'NONE', #4070, 1000.000000000000000 ) ;
#956 = FACE_OUTER_BOUND ( 'NONE', #8822, .T. ) ;
#957 = DIRECTION ( 'NONE',  ( -0.3427414958247868015, -0.0000000000000000000, -0.9394297563095324044 ) ) ;
#958 = CARTESIAN_POINT ( 'NONE',  ( -0.2150426304200010186, 0.9810000000000003162, 0.2200957664073498465 ) ) ;
#959 = MECHANICAL_DESIGN_GEOMETRIC_PRESENTATION_REPRESENTATION (  '', ( #6175 ), #11166 ) ;
#960 = STYLED_ITEM ( 'NONE', ( #625 ), #2062 ) ;
#961 = ORIENTED_EDGE ( 'NONE', *, *, #6471, .F. ) ;
#962 = FILL_AREA_STYLE ('',( #6348 ) ) ;
#963 =( NAMED_UNIT ( * ) PLANE_ANGLE_UNIT ( ) SI_UNIT ( $, .RADIAN. ) );
#964 = LINE ( 'NONE', #8347, #4483 ) ;
#965 = CARTESIAN_POINT ( 'NONE',  ( -0.08407883266472754302, 0.9810000000000003162, 0.2489947997936306223 ) ) ;
#966 = DIRECTION ( 'NONE',  ( -0.9999748501857348426, 0.0000000000000000000, -0.007092178509964802355 ) ) ;
#967 = SURFACE_STYLE_USAGE ( .BOTH. , #3615 ) ;
#968 = SURFACE_STYLE_FILL_AREA ( #900 ) ;
#969 = ORIENTED_EDGE ( 'NONE', *, *, #1761, .F. ) ;
#970 = MECHANICAL_DESIGN_GEOMETRIC_PRESENTATION_REPRESENTATION (  '', ( #785 ), #9452 ) ;
#971 = DIRECTION ( 'NONE',  ( 0.0000000000000000000, 0.0000000000000000000, -1.000000000000000000 ) ) ;
#972 = B_SPLINE_SURFACE_WITH_KNOTS ( 'NONE', 3, 1, ( 
 ( #10992, #10816 ),
 ( #1638, #1759 ),
 ( #6245, #849 ),
 ( #3398, #735 ) ),
 .UNSPECIFIED., .F., .F., .F.,
 ( 4, 4 ),
 ( 2, 2 ),
 ( 5.000000000000000000, 6.000000000000000000 ),
 ( 0.0000000000000000000, 1.000000000000000000 ),
 .UNSPECIFIED. ) ;
#973 = CARTESIAN_POINT ( 'NONE',  ( 0.2101081641215258311, 0.9800000000000004263, 0.2352132453259013212 ) ) ;
#974 = SURFACE_SIDE_STYLE ('',( #10988 ) ) ;
#975 = EDGE_CURVE ( 'NONE', #7221, #10272, #5373, .T. ) ;
#976 = ORIENTED_EDGE ( 'NONE', *, *, #9618, .F. ) ;
#977 = EDGE_LOOP ( 'NONE', ( #8471, #5291, #11675, #9176 ) ) ;
#978 = SURFACE_STYLE_FILL_AREA ( #10220 ) ;
#979 = PRESENTATION_STYLE_ASSIGNMENT (( #3038 ) ) ;
#980 = PRESENTATION_LAYER_ASSIGNMENT (  '', '', ( #8137 ) ) ;
#981 =( NAMED_UNIT ( * ) PLANE_ANGLE_UNIT ( ) SI_UNIT ( $, .RADIAN. ) );
#982 = CARTESIAN_POINT ( 'NONE',  ( -0.1383858290365907184, 0.9800000000000004263, 0.2459321912224008977 ) ) ;
#983 = CARTESIAN_POINT ( 'NONE',  ( -0.08342466306684383215, 0.9810000000000003162, 0.2172340361602148329 ) ) ;
#984 = ORIENTED_EDGE ( 'NONE', *, *, #2578, .T. ) ;
#985 = SURFACE_STYLE_USAGE ( .BOTH. , #5459 ) ;
#986 = CARTESIAN_POINT ( 'NONE',  ( -0.1262595874407420882, 0.9800000000000004263, 0.2386357279820021660 ) ) ;
#987 = ORIENTED_EDGE ( 'NONE', *, *, #7891, .T. ) ;
#988 = PRESENTATION_STYLE_ASSIGNMENT (( #10229 ) ) ;
#989 = MECHANICAL_DESIGN_GEOMETRIC_PRESENTATION_REPRESENTATION (  '', ( #4857 ), #4673 ) ;
#990 = EDGE_CURVE ( 'NONE', #11599, #5463, #7602, .T. ) ;
#991 = ORIENTED_EDGE ( 'NONE', *, *, #1726, .F. ) ;
#992 = B_SPLINE_CURVE_WITH_KNOTS ( 'NONE', 3,
 ( #218, #6702, #6928, #11383 ),
 .UNSPECIFIED., .F., .F.,
 ( 4, 4 ),
 ( 33.00000000000000000, 34.00000000000000000 ),
 .UNSPECIFIED. ) ;
#993 = LINE ( 'NONE', #4871, #2247 ) ;
#994 = FILL_AREA_STYLE ('',( #7272 ) ) ;
#995 = LINE ( 'NONE', #258, #1661 ) ;
#996 = CARTESIAN_POINT ( 'NONE',  ( 0.07199420481020916973, 0.9810000000000003162, 0.3397933990630481182 ) ) ;
#997 = CARTESIAN_POINT ( 'NONE',  ( -0.08342466306684383215, 0.9810000000000003162, 0.2172340361602148329 ) ) ;
#998 = COLOUR_RGB ( '',0.2235294117647058654, 0.2235294117647058654, 0.2235294117647058654 ) ;
#999 = CARTESIAN_POINT ( 'NONE',  ( -0.1507804757224739389, 0.9810000000000003162, 0.2031091588234313072 ) ) ;
#1000 = EDGE_CURVE ( 'NONE', #5469, #8657, #5102, .T. ) ;
#1001 = ORIENTED_EDGE ( 'NONE', *, *, #11816, .T. ) ;
#1002 = VERTEX_POINT ( 'NONE', #5014 ) ;
#1003 = SURFACE_STYLE_USAGE ( .BOTH. , #6814 ) ;
#1004 = ORIENTED_EDGE ( 'NONE', *, *, #5445, .T. ) ;
#1005 = EDGE_CURVE ( 'NONE', #5988, #8907, #3783, .T. ) ;
#1006 = CARTESIAN_POINT ( 'NONE',  ( 0.1614073093588321850, 0.9810000000000003162, 0.2207690926835037259 ) ) ;
#1007 = VERTEX_POINT ( 'NONE', #10484 ) ;
#1008 = CARTESIAN_POINT ( 'NONE',  ( -0.005361591329906875009, 0.9800000000000004263, 0.2879109258001376626 ) ) ;
#1009 =( NAMED_UNIT ( * ) SI_UNIT ( $, .STERADIAN. ) SOLID_ANGLE_UNIT ( ) );
#1010 =( LENGTH_UNIT ( ) NAMED_UNIT ( * ) SI_UNIT ( .MILLI., .METRE. ) );
#1011 = EDGE_CURVE ( 'NONE', #11599, #10877, #11387, .T. ) ;
#1012 = DIRECTION ( 'NONE',  ( 0.007092178509960132479, 0.0000000000000000000, -0.9999748501857348426 ) ) ;
#1013 =( NAMED_UNIT ( * ) SI_UNIT ( $, .STERADIAN. ) SOLID_ANGLE_UNIT ( ) );
#1014 = DIRECTION ( 'NONE',  ( 0.8667467706370830527, 0.0000000000000000000, -0.4987484692609973069 ) ) ;
#1015 = CARTESIAN_POINT ( 'NONE',  ( -0.2129742397133229659, 0.9800000000000004263, 0.2949748889742561664 ) ) ;
#1016 = LINE ( 'NONE', #10965, #3856 ) ;
#1017 = SURFACE_SIDE_STYLE ('',( #4464 ) ) ;
#1018 = CARTESIAN_POINT ( 'NONE',  ( -0.05434685182712482854, 0.9810000000000003162, 0.3469453718815403986 ) ) ;
#1019 = PRESENTATION_STYLE_ASSIGNMENT (( #7468 ) ) ;
#1020 = DIRECTION ( 'NONE',  ( -0.0000000000000000000, -1.000000000000000000, -0.0000000000000000000 ) ) ;
#1021 = SURFACE_SIDE_STYLE ('',( #7538 ) ) ;
#1022 = DIRECTION ( 'NONE',  ( -0.0000000000000000000, -1.000000000000000000, -0.0000000000000000000 ) ) ;
#1023 = ORIENTED_EDGE ( 'NONE', *, *, #11689, .F. ) ;
#1024 = CARTESIAN_POINT ( 'NONE',  ( -0.2919442581832068506, 0.9810000000000003162, 0.2581003468908734111 ) ) ;
#1025 = LINE ( 'NONE', #7193, #3086 ) ;
#1026 = PRESENTATION_STYLE_ASSIGNMENT (( #3679 ) ) ;
#1027 = EDGE_CURVE ( 'NONE', #3635, #9, #7729, .T. ) ;
#1028 = CARTESIAN_POINT ( 'NONE',  ( -0.1633696208034960129, 0.9800000000000004263, 0.2206962012474259494 ) ) ;
#1029 = DIRECTION ( 'NONE',  ( 0.007092178509962038073, 0.0000000000000000000, -0.9999748501857348426 ) ) ;
#1030 = ORIENTED_EDGE ( 'NONE', *, *, #653, .F. ) ;
#1031 = CARTESIAN_POINT ( 'NONE',  ( -0.1364681303799113177, 0.9800000000000004263, 0.2339362862551814248 ) ) ;
#1032 =( NAMED_UNIT ( * ) SI_UNIT ( $, .STERADIAN. ) SOLID_ANGLE_UNIT ( ) );
#1033 = DIRECTION ( 'NONE',  ( 0.0000000000000000000, -0.0000000000000000000, -1.000000000000000000 ) ) ;
#1034 = FILL_AREA_STYLE ('',( #3744 ) ) ;
#1035 = ORIENTED_EDGE ( 'NONE', *, *, #9513, .T. ) ;
#1036 = ORIENTED_EDGE ( 'NONE', *, *, #4847, .T. ) ;
#1037 = UNCERTAINTY_MEASURE_WITH_UNIT (LENGTH_MEASURE( 1.000000000000000082E-05 ), #1388, 'distance_accuracy_value', 'NONE');
#1038 = CARTESIAN_POINT ( 'NONE',  ( -0.1238896801354045646, 0.9810000000000003162, 0.2325178102166123029 ) ) ;
#1039 = ADVANCED_FACE ( 'NONE', ( #6707 ), #9155, .F. ) ;
#1040 = CARTESIAN_POINT ( 'NONE',  ( 0.06816912314175932464, 0.9800000000000004263, 0.2164927691375066743 ) ) ;
#1041 = PRESENTATION_STYLE_ASSIGNMENT (( #9301 ) ) ;
#1042 = B_SPLINE_CURVE_WITH_KNOTS ( 'NONE', 3,
 ( #4019, #3237, #4877, #4995 ),
 .UNSPECIFIED., .F., .F.,
 ( 4, 4 ),
 ( 8.000000000000000000, 9.000000000000000000 ),
 .UNSPECIFIED. ) ;
#1043 = LINE ( 'NONE', #10934, #1394 ) ;
#1044 = ORIENTED_EDGE ( 'NONE', *, *, #1726, .T. ) ;
#1045 = LINE ( 'NONE', #7630, #9620 ) ;
#1046 = ORIENTED_EDGE ( 'NONE', *, *, #9542, .T. ) ;
#1047 = CARTESIAN_POINT ( 'NONE',  ( -0.1271894467118268313, 0.9810000000000003162, 0.2377973058347565283 ) ) ;
#1048 = UNCERTAINTY_MEASURE_WITH_UNIT (LENGTH_MEASURE( 1.000000000000000082E-05 ), #473, 'distance_accuracy_value', 'NONE');
#1049 = VERTEX_POINT ( 'NONE', #5672 ) ;
#1050 = DIRECTION ( 'NONE',  ( -0.3625544875035015546, 0.0000000000000000000, 0.9319625762824778059 ) ) ;
#1051 = FILL_AREA_STYLE ('',( #5715 ) ) ;
#1052 = EDGE_CURVE ( 'NONE', #11607, #2415, #1938, .T. ) ;
#1053 = CARTESIAN_POINT ( 'NONE',  ( -0.2141639342374535293, 0.9810000000000003162, 0.2593018577486319587 ) ) ;
#1054 = VERTEX_POINT ( 'NONE', #8452 ) ;
#1055 = ORIENTED_EDGE ( 'NONE', *, *, #11912, .F. ) ;
#1056 = CARTESIAN_POINT ( 'NONE',  ( -0.2278327320775205556, 0.9800000000000004263, 0.3356550372596888154 ) ) ;
#1057 = UNCERTAINTY_MEASURE_WITH_UNIT (LENGTH_MEASURE( 1.000000000000000082E-05 ), #4102, 'distance_accuracy_value', 'NONE');
#1058 = ORIENTED_EDGE ( 'NONE', *, *, #11322, .F. ) ;
#1059 = PRESENTATION_LAYER_ASSIGNMENT (  '', '', ( #2217 ) ) ;
#1060 = CARTESIAN_POINT ( 'NONE',  ( -0.07180022649168252280, 0.9810000000000003162, 0.2440389313270088789 ) ) ;
#1061 = LINE ( 'NONE', #8328, #3440 ) ;
#1062 = ORIENTED_EDGE ( 'NONE', *, *, #3624, .T. ) ;
#1063 = CARTESIAN_POINT ( 'NONE',  ( -0.1511068893563066173, 0.9810000000000003162, 0.3462591151635236453 ) ) ;
#1064 = DIRECTION ( 'NONE',  ( 0.9999748501857348426, -0.0000000000000000000, 0.007092178509960132479 ) ) ;
#1065 =( LENGTH_UNIT ( ) NAMED_UNIT ( * ) SI_UNIT ( .MILLI., .METRE. ) );
#1066 = MECHANICAL_DESIGN_GEOMETRIC_PRESENTATION_REPRESENTATION (  '', ( #6282 ), #10131 ) ;
#1067 =( NAMED_UNIT ( * ) SI_UNIT ( $, .STERADIAN. ) SOLID_ANGLE_UNIT ( ) );
#1068 = EDGE_CURVE ( 'NONE', #1241, #9123, #10284, .T. ) ;
#1069 = CARTESIAN_POINT ( 'NONE',  ( -0.08682324149588735440, 0.9800000000000004263, 0.2254502209576159932 ) ) ;
#1070 = B_SPLINE_SURFACE_WITH_KNOTS ( 'NONE', 3, 1, ( 
 ( #7920, #3151 ),
 ( #10497, #3545 ),
 ( #5312, #5482 ),
 ( #4519, #2532 ) ),
 .UNSPECIFIED., .F., .F., .F.,
 ( 4, 4 ),
 ( 2, 2 ),
 ( 5.000000000000000000, 6.000000000000000000 ),
 ( 0.0000000000000000000, 1.000000000000000000 ),
 .UNSPECIFIED. ) ;
#1071 = MECHANICAL_DESIGN_GEOMETRIC_PRESENTATION_REPRESENTATION (  '', ( #11648 ), #2231 ) ;
#1072 = CARTESIAN_POINT ( 'NONE',  ( -0.08397118691812412161, 0.9800000000000004263, 0.3401066420994613426 ) ) ;
#1073 = B_SPLINE_CURVE_WITH_KNOTS ( 'NONE', 3,
 ( #8946, #3290, #10817, #9735 ),
 .UNSPECIFIED., .F., .F.,
 ( 4, 4 ),
 ( 5.000000000000000000, 6.000000000000000000 ),
 .UNSPECIFIED. ) ;
#1074 = PRESENTATION_LAYER_ASSIGNMENT (  '', '', ( #1283 ) ) ;
#1075 = VECTOR ( 'NONE', #9653, 1000.000000000000000 ) ;
#1076 =( LENGTH_UNIT ( ) NAMED_UNIT ( * ) SI_UNIT ( .MILLI., .METRE. ) );
#1077 = CARTESIAN_POINT ( 'NONE',  ( -0.1870085991865436392, 0.9810000000000003162, 0.3027234756487630629 ) ) ;
#1078 = COLOUR_RGB ( '',0.2235294117647058654, 0.2235294117647058654, 0.2235294117647058654 ) ;
#1079 = ORIENTED_EDGE ( 'NONE', *, *, #8688, .F. ) ;
#1080 = COLOUR_RGB ( '',0.2235294117647058654, 0.2235294117647058654, 0.2235294117647058654 ) ;
#1081 = CARTESIAN_POINT ( 'NONE',  ( -0.1507804757224739389, 0.9810000000000003162, 0.2031091588234313072 ) ) ;
#1082 = PLANE ( 'NONE',  #4041 ) ;
#1083 = DIRECTION ( 'NONE',  ( -1.000000000000000000, 0.0000000000000000000, -0.0000000000000000000 ) ) ;
#1084 = CARTESIAN_POINT ( 'NONE',  ( 0.0000000000000000000, -0.9800000000000004263, 0.0000000000000000000 ) ) ;
#1085 = CARTESIAN_POINT ( 'NONE',  ( -0.08407883266472754302, 0.9800000000000004263, 0.2489947997936306223 ) ) ;
#1086 = PRESENTATION_STYLE_ASSIGNMENT (( #2766 ) ) ;
#1087 = CARTESIAN_POINT ( 'NONE',  ( -0.1313250672471208136, 0.9810000000000003162, 0.3242780088867004973 ) ) ;
#1088 =( LENGTH_UNIT ( ) NAMED_UNIT ( * ) SI_UNIT ( .MILLI., .METRE. ) );
#1089 = STYLED_ITEM ( 'NONE', ( #4971 ), #6690 ) ;
#1090 = ORIENTED_EDGE ( 'NONE', *, *, #3052, .F. ) ;
#1091 = COLOUR_RGB ( '',0.2235294117647058654, 0.2235294117647058654, 0.2235294117647058654 ) ;
#1092 = CARTESIAN_POINT ( 'NONE',  ( -0.1031402085636232285, 0.9810000000000003162, 0.2207074561072388530 ) ) ;
#1093 = STYLED_ITEM ( 'NONE', ( #4126 ), #784 ) ;
#1094 = ORIENTED_EDGE ( 'NONE', *, *, #7790, .F. ) ;
#1095 = EDGE_CURVE ( 'NONE', #6638, #3709, #6710, .T. ) ;
#1096 = PRESENTATION_LAYER_ASSIGNMENT (  '', '', ( #7661 ) ) ;
#1097 = SURFACE_STYLE_FILL_AREA ( #6728 ) ;
#1098 = SURFACE_STYLE_USAGE ( .BOTH. , #4850 ) ;
#1099 = EDGE_LOOP ( 'NONE', ( #1480, #9551, #3055, #5507 ) ) ;
#1100 = ORIENTED_EDGE ( 'NONE', *, *, #6163, .T. ) ;
#1101 = COLOUR_RGB ( '',0.2235294117647058654, 0.2235294117647058654, 0.2235294117647058654 ) ;
#1102 = CARTESIAN_POINT ( 'NONE',  ( -0.2688206351089372226, 0.9810000000000003162, 0.2139175574339311214 ) ) ;
#1103 = CARTESIAN_POINT ( 'NONE',  ( -0.09249217796259767699, 0.9810000000000003162, 0.2367436611642648736 ) ) ;
#1104 = STYLED_ITEM ( 'NONE', ( #6510 ), #6852 ) ;
#1105 = PLANE ( 'NONE',  #10199 ) ;
#1106 = SURFACE_SIDE_STYLE ('',( #9364 ) ) ;
#1107 = DIRECTION ( 'NONE',  ( -0.0000000000000000000, -1.000000000000000000, -0.0000000000000000000 ) ) ;
#1108 = EDGE_LOOP ( 'NONE', ( #2931, #7751, #10290, #1408, #7905, #3682, #2959, #3821 ) ) ;
#1109 = CARTESIAN_POINT ( 'NONE',  ( 0.06006257676284807584, 0.9800000000000004263, 0.2381256276848210951 ) ) ;
#1110 = COLOUR_RGB ( '',0.2235294117647058654, 0.2235294117647058654, 0.2235294117647058654 ) ;
#1111 = ADVANCED_FACE ( 'NONE', ( #3072 ), #8748, .F. ) ;
#1112 = FILL_AREA_STYLE_COLOUR ( '', #8096 ) ;
#1113 = EDGE_LOOP ( 'NONE', ( #7711, #10832, #10089, #7935 ) ) ;
#1114 = DIRECTION ( 'NONE',  ( -0.3427414958530334288, -0.0000000000000000000, -0.9394297562992270922 ) ) ;
#1115 = ORIENTED_EDGE ( 'NONE', *, *, #6024, .F. ) ;
#1116 = CARTESIAN_POINT ( 'NONE',  ( -0.1573411102404881079, 0.9810000000000003162, 0.2081835649905804664 ) ) ;
#1117 = DIRECTION ( 'NONE',  ( 1.000000000000000000, 0.0000000000000000000, -0.0000000000000000000 ) ) ;
#1118 = STYLED_ITEM ( 'NONE', ( #4056 ), #7604 ) ;
#1119 = LINE ( 'NONE', #8488, #8806 ) ;
#1121 = COLOUR_RGB ( '',0.2235294117647058654, 0.2235294117647058654, 0.2235294117647058654 ) ;
#1120 = CARTESIAN_POINT ( 'NONE',  ( 0.04773351886878311745, 0.9810000000000003162, 0.2944330980640477158 ) ) ;
#1122 =( NAMED_UNIT ( * ) SI_UNIT ( $, .STERADIAN. ) SOLID_ANGLE_UNIT ( ) );
#1123 = CARTESIAN_POINT ( 'NONE',  ( -0.1754919095275360719, 0.9810000000000003162, 0.2952407270366810832 ) ) ;
#1124 = ORIENTED_EDGE ( 'NONE', *, *, #7790, .T. ) ;
#1125 = ORIENTED_EDGE ( 'NONE', *, *, #7214, .F. ) ;
#1126 = CARTESIAN_POINT ( 'NONE',  ( -0.1314404726750542929, 0.9810000000000003162, 0.3405498110341374507 ) ) ;
#1127 = DIRECTION ( 'NONE',  ( 0.3475765303544178786, -0.0000000000000000000, -0.9376516173647782004 ) ) ;
#1128 = ORIENTED_EDGE ( 'NONE', *, *, #1751, .F. ) ;
#1129 = AXIS2_PLACEMENT_3D ( 'NONE', #7349, #10893, #9881 ) ;
#1130 = ORIENTED_EDGE ( 'NONE', *, *, #2095, .F. ) ;
#1131 = EDGE_CURVE ( 'NONE', #4021, #4542, #6403, .T. ) ;
#1132 = CARTESIAN_POINT ( 'NONE',  ( -0.2006224538167004912, 0.9810000000000003162, 0.3346782651888739468 ) ) ;
#1133 =( NAMED_UNIT ( * ) SI_UNIT ( $, .STERADIAN. ) SOLID_ANGLE_UNIT ( ) );
#1134 = LINE ( 'NONE', #1970, #7637 ) ;
#1135 = CARTESIAN_POINT ( 'NONE',  ( -0.2924698384516813965, 0.9810000000000003162, 0.2552372131047729309 ) ) ;
#1136 = COLOUR_RGB ( '',0.2235294117647058654, 0.2235294117647058654, 0.2235294117647058654 ) ;
#1137 = PRESENTATION_STYLE_ASSIGNMENT (( #7401 ) ) ;
#1138 = CARTESIAN_POINT ( 'NONE',  ( -0.09628212657266393970, 0.9810000000000003162, 0.2195083551922446807 ) ) ;
#1139 = CARTESIAN_POINT ( 'NONE',  ( -0.3817097946182765877, 0.9999999999999995559, 0.5500000000000000444 ) ) ;
#1140 = DIRECTION ( 'NONE',  ( 0.0000000000000000000, 0.0000000000000000000, 1.000000000000000000 ) ) ;
#1141 = COLOUR_RGB ( '',0.2235294117647058654, 0.2235294117647058654, 0.2235294117647058654 ) ;
#1142 = DIRECTION ( 'NONE',  ( -0.007092178509965356599, -0.0000000000000000000, 0.9999748501857348426 ) ) ;
#1143 = EDGE_CURVE ( 'NONE', #10649, #2302, #8860, .T. ) ;
#1144 = ORIENTED_EDGE ( 'NONE', *, *, #6300, .F. ) ;
#1145 = CARTESIAN_POINT ( 'NONE',  ( 0.2249009493879411126, 0.9800000000000004263, 0.2902670444421400764 ) ) ;
#1146 = LINE ( 'NONE', #9524, #6491 ) ;
#1147 = FILL_AREA_STYLE_COLOUR ( '', #950 ) ;
#1148 = CARTESIAN_POINT ( 'NONE',  ( -0.005569245625948512218, 0.9800000000000004263, 0.2662191137651554462 ) ) ;
#1149 = EDGE_LOOP ( 'NONE', ( #3651, #8420, #1595, #5585 ) ) ;
#1150 = B_SPLINE_CURVE_WITH_KNOTS ( 'NONE', 3,
 ( #5434, #7125, #1567, #2639 ),
 .UNSPECIFIED., .F., .F.,
 ( 4, 4 ),
 ( 12.00000000000000000, 13.00000000000000000 ),
 .UNSPECIFIED. ) ;
#1151 = VECTOR ( 'NONE', #1516, 1000.000000000000000 ) ;
#1152 = FACE_OUTER_BOUND ( 'NONE', #5784, .T. ) ;
#1153 = MECHANICAL_DESIGN_GEOMETRIC_PRESENTATION_REPRESENTATION (  '', ( #10401 ), #7721 ) ;
#1154 =( LENGTH_UNIT ( ) NAMED_UNIT ( * ) SI_UNIT ( .MILLI., .METRE. ) );
#1155 = ORIENTED_EDGE ( 'NONE', *, *, #4953, .T. ) ;
#1156 = EDGE_CURVE ( 'NONE', #5222, #5345, #7130, .T. ) ;
#1157 = STYLED_ITEM ( 'NONE', ( #11617 ), #2468 ) ;
#1158 = MECHANICAL_DESIGN_GEOMETRIC_PRESENTATION_REPRESENTATION (  '', ( #5213 ), #10783 ) ;
#1159 = PRESENTATION_LAYER_ASSIGNMENT (  '', '', ( #960 ) ) ;
#1160 = FILL_AREA_STYLE_COLOUR ( '', #5362 ) ;
#1161 = ORIENTED_EDGE ( 'NONE', *, *, #7759, .T. ) ;
#1162 = ORIENTED_EDGE ( 'NONE', *, *, #3394, .F. ) ;
#1163 = UNCERTAINTY_MEASURE_WITH_UNIT (LENGTH_MEASURE( 1.000000000000000082E-05 ), #1154, 'distance_accuracy_value', 'NONE');
#1164 = COLOUR_RGB ( '',0.7529411764705882248, 0.7529411764705882248, 0.7529411764705882248 ) ;
#1165 = EDGE_CURVE ( 'NONE', #8186, #5988, #3252, .T. ) ;
#1166 = VECTOR ( 'NONE', #10485, 1000.000000000000000 ) ;
#1167 = SURFACE_STYLE_USAGE ( .BOTH. , #6737 ) ;
#1168 = CARTESIAN_POINT ( 'NONE',  ( 0.04484162001813838533, 0.9800000000000004263, 0.2944125876853339041 ) ) ;
#1169 = ORIENTED_EDGE ( 'NONE', *, *, #5680, .F. ) ;
#1170 = CARTESIAN_POINT ( 'NONE',  ( -0.1298273066357303607, 0.9810000000000003162, 0.2468767077743667659 ) ) ;
#1171 =( NAMED_UNIT ( * ) PLANE_ANGLE_UNIT ( ) SI_UNIT ( $, .RADIAN. ) );
#1172 = ORIENTED_EDGE ( 'NONE', *, *, #1869, .T. ) ;
#1173 = DIRECTION ( 'NONE',  ( -0.0000000000000000000, -1.000000000000000000, -0.0000000000000000000 ) ) ;
#1174 = FILL_AREA_STYLE_COLOUR ( '', #10159 ) ;
#1175 = VECTOR ( 'NONE', #4037, 1000.000000000000114 ) ;
#1176 = ORIENTED_EDGE ( 'NONE', *, *, #6402, .F. ) ;
#1177 = COLOUR_RGB ( '',0.2235294117647058654, 0.2235294117647058654, 0.2235294117647058654 ) ;
#1178 = DIRECTION ( 'NONE',  ( 1.000000000000000000, 0.0000000000000000000, 0.0000000000000000000 ) ) ;
#1179 = B_SPLINE_SURFACE_WITH_KNOTS ( 'NONE', 3, 1, ( 
 ( #3655, #4881 ),
 ( #3243, #9454 ),
 ( #400, #3126 ),
 ( #2088, #2275 ) ),
 .UNSPECIFIED., .F., .F., .F.,
 ( 4, 4 ),
 ( 2, 2 ),
 ( 27.00000000000000000, 28.00000000000000000 ),
 ( 0.0000000000000000000, 1.000000000000000000 ),
 .UNSPECIFIED. ) ;
#1180 = CARTESIAN_POINT ( 'NONE',  ( -0.1209048728947629270, 0.9800000000000004263, 0.2148366557994072223 ) ) ;
#1181 = ADVANCED_FACE ( 'NONE', ( #8023 ), #3190, .F. ) ;
#1182 = CARTESIAN_POINT ( 'NONE',  ( -0.2371444115801924490, 0.9810000000000003162, 0.3144553843501228241 ) ) ;
#1183 = CARTESIAN_POINT ( 'NONE',  ( 0.09802132204498795187, 0.9800000000000004263, 0.3399779926670717933 ) ) ;
#1184 = CARTESIAN_POINT ( 'NONE',  ( -0.2179596082558399595, 0.9800000000000004263, 0.3088466428534814567 ) ) ;
#1185 = FILL_AREA_STYLE ('',( #10362 ) ) ;
#1186 = ORIENTED_EDGE ( 'NONE', *, *, #975, .T. ) ;
#1187 = EDGE_LOOP ( 'NONE', ( #190, #11887, #1190, #2740 ) ) ;
#1188 =( GEOMETRIC_REPRESENTATION_CONTEXT ( 3 ) GLOBAL_UNCERTAINTY_ASSIGNED_CONTEXT ( ( #1280 ) ) GLOBAL_UNIT_ASSIGNED_CONTEXT ( ( #6772, #5806, #3135 ) ) REPRESENTATION_CONTEXT ( 'NONE', 'WORKASPACE' ) );
#1189 = CARTESIAN_POINT ( 'NONE',  ( -0.08135865735505859453, 0.9810000000000003162, 0.2191462949316740905 ) ) ;
#1190 = ORIENTED_EDGE ( 'NONE', *, *, #9880, .F. ) ;
#1191 = FILL_AREA_STYLE_COLOUR ( '', #2853 ) ;
#1192 = EDGE_LOOP ( 'NONE', ( #2003, #10367, #448, #2606 ) ) ;
#1193 = CARTESIAN_POINT ( 'NONE',  ( -0.2031402075827740128, 0.9810000000000003162, 0.3286556553953842719 ) ) ;
#1194 = CARTESIAN_POINT ( 'NONE',  ( -0.08985265769498364252, 0.9800000000000004263, 0.2200998419151681540 ) ) ;
#1195 = VECTOR ( 'NONE', #4194, 1000.000000000000000 ) ;
#1196 = EDGE_CURVE ( 'NONE', #2688, #4736, #9877, .T. ) ;
#1197 = CARTESIAN_POINT ( 'NONE',  ( -0.1248929121863773528, 0.9810000000000003162, 0.2420247191473610393 ) ) ;
#1198 =( NAMED_UNIT ( * ) SI_UNIT ( $, .STERADIAN. ) SOLID_ANGLE_UNIT ( ) );
#1199 = FACE_OUTER_BOUND ( 'NONE', #821, .T. ) ;
#1200 = FACE_BOUND ( 'NONE', #9862, .T. ) ;
#1201 = B_SPLINE_CURVE_WITH_KNOTS ( 'NONE', 3,
 ( #5985, #4156, #1728, #9207 ),
 .UNSPECIFIED., .F., .F.,
 ( 4, 4 ),
 ( 18.00000000000000000, 19.00000000000000000 ),
 .UNSPECIFIED. ) ;
#1202 = CARTESIAN_POINT ( 'NONE',  ( -0.08720301305736080644, 0.9810000000000003162, 0.2973226010925588136 ) ) ;
#1203 = EDGE_CURVE ( 'NONE', #796, #1242, #9759, .T. ) ;
#1204 = CARTESIAN_POINT ( 'NONE',  ( 0.008049363051064835003, 0.9800000000000004263, 0.2319726427754881526 ) ) ;
#1205 = CARTESIAN_POINT ( 'NONE',  ( -0.1224614342200521788, 0.9810000000000003162, 0.2492164741168255149 ) ) ;
#1206 = B_SPLINE_CURVE_WITH_KNOTS ( 'NONE', 3,
 ( #10866, #11819, #7094, #3568 ),
 .UNSPECIFIED., .F., .F.,
 ( 4, 4 ),
 ( 4.000000000000000000, 5.000000000000000000 ),
 .UNSPECIFIED. ) ;
#1207 = PRODUCT_DEFINITION_FORMATION_WITH_SPECIFIED_SOURCE ( 'хн╨н', '', #10622, .NOT_KNOWN. ) ;
#1208 = FILL_AREA_STYLE ('',( #4894 ) ) ;
#1209 = CARTESIAN_POINT ( 'NONE',  ( 0.06078299116226173332, 0.9800000000000004263, 0.2384922374890695584 ) ) ;
#1210 = DIRECTION ( 'NONE',  ( 0.007092178509963212481, -0.0000000000000000000, -0.9999748501857348426 ) ) ;
#1211 = SURFACE_STYLE_FILL_AREA ( #9470 ) ;
#1212 = CARTESIAN_POINT ( 'NONE',  ( -0.08036022082143226553, 0.9800000000000004263, 0.2249761669736695668 ) ) ;
#1213 = ORIENTED_EDGE ( 'NONE', *, *, #9031, .T. ) ;
#1214 = PLANE ( 'NONE',  #3124 ) ;
#1215 = CARTESIAN_POINT ( 'NONE',  ( -0.2501144111377446855, 0.9810000000000003162, 0.2574612134344180792 ) ) ;
#1216 = EDGE_CURVE ( 'NONE', #266, #7380, #9816, .T. ) ;
#1217 = EDGE_LOOP ( 'NONE', ( #5460, #6685, #4748, #8327 ) ) ;
#1218 = DIRECTION ( 'NONE',  ( -0.9999748501857348426, -0.0000000000000000000, -0.007092178509965004450 ) ) ;
#1219 =( NAMED_UNIT ( * ) PLANE_ANGLE_UNIT ( ) SI_UNIT ( $, .RADIAN. ) );
#1220 = VERTEX_POINT ( 'NONE', #5183 ) ;
#1221 = VERTEX_POINT ( 'NONE', #5120 ) ;
#1222 = DIRECTION ( 'NONE',  ( 0.9999748501857348426, 0.0000000000000000000, 0.007092178509960773460 ) ) ;
#1223 = DIRECTION ( 'NONE',  ( 0.0000000000000000000, 0.0000000000000000000, 1.000000000000000000 ) ) ;
#1224 = B_SPLINE_CURVE_WITH_KNOTS ( 'NONE', 3,
 ( #5436, #9102, #6097, #9768 ),
 .UNSPECIFIED., .F., .F.,
 ( 4, 4 ),
 ( 5.000000000000000000, 6.000000000000000000 ),
 .UNSPECIFIED. ) ;
#1225 = EDGE_CURVE ( 'NONE', #426, #11662, #1494, .T. ) ;
#1226 =( NAMED_UNIT ( * ) PLANE_ANGLE_UNIT ( ) SI_UNIT ( $, .RADIAN. ) );
#1227 = CARTESIAN_POINT ( 'NONE',  ( 0.2250111927590992544, 0.9810000000000003162, 0.2747230760545777972 ) ) ;
#1228 = VECTOR ( 'NONE', #8150, 1000.000000000000000 ) ;
#1229 = CARTESIAN_POINT ( 'NONE',  ( 0.1857090023169245818, 0.9800000000000004263, 0.3113179476557284553 ) ) ;
#1230 = EDGE_CURVE ( 'NONE', #2871, #10650, #1558, .T. ) ;
#1231 = EDGE_LOOP ( 'NONE', ( #7099, #1528, #752, #3936 ) ) ;
#1232 =( LENGTH_UNIT ( ) NAMED_UNIT ( * ) SI_UNIT ( .MILLI., .METRE. ) );
#1233 = CARTESIAN_POINT ( 'NONE',  ( -0.2661852694723765844, 0.9810000000000003162, 0.2400088338596155779 ) ) ;
#1234 = VERTEX_POINT ( 'NONE', #3361 ) ;
#1235 = SURFACE_STYLE_USAGE ( .BOTH. , #1353 ) ;
#1236 = CARTESIAN_POINT ( 'NONE',  ( 0.1631429411473474811, 0.9800000000000004263, 0.3328482334779345742 ) ) ;
#1237 = DIRECTION ( 'NONE',  ( -0.0000000000000000000, -1.000000000000000000, -0.0000000000000000000 ) ) ;
#1238 =( NAMED_UNIT ( * ) PLANE_ANGLE_UNIT ( ) SI_UNIT ( $, .RADIAN. ) );
#1239 = DIRECTION ( 'NONE',  ( -0.0000000000000000000, -1.000000000000000000, -0.0000000000000000000 ) ) ;
#1240 = FILL_AREA_STYLE ('',( #9504 ) ) ;
#1241 = VERTEX_POINT ( 'NONE', #1607 ) ;
#1242 = VERTEX_POINT ( 'NONE', #10714 ) ;
#1243 = VERTEX_POINT ( 'NONE', #6148 ) ;
#1244 = SURFACE_STYLE_FILL_AREA ( #10368 ) ;
#1245 = EDGE_CURVE ( 'NONE', #1702, #3617, #409, .T. ) ;
#1246 = CARTESIAN_POINT ( 'NONE',  ( 0.1807789363790551496, 0.9800000000000004263, 0.2418738492965728792 ) ) ;
#1247 = ORIENTED_EDGE ( 'NONE', *, *, #8804, .F. ) ;
#1248 = LINE ( 'NONE', #6868, #7040 ) ;
#1249 = SURFACE_STYLE_FILL_AREA ( #9516 ) ;
#1250 = SURFACE_STYLE_FILL_AREA ( #7599 ) ;
#1251 = CARTESIAN_POINT ( 'NONE',  ( -0.1519029950726835665, 0.9800000000000004263, 0.2954080280364402289 ) ) ;
#1252 = CARTESIAN_POINT ( 'NONE',  ( -0.1004230800217317393, 0.9810000000000003162, 0.2224423706627196295 ) ) ;
#1253 = COLOUR_RGB ( '',0.2235294117647058654, 0.2235294117647058654, 0.2235294117647058654 ) ;
#1254 = MECHANICAL_DESIGN_GEOMETRIC_PRESENTATION_REPRESENTATION (  '', ( #10530 ), #5700 ) ;
#1255 =( NAMED_UNIT ( * ) PLANE_ANGLE_UNIT ( ) SI_UNIT ( $, .RADIAN. ) );
#1256 = PRESENTATION_STYLE_ASSIGNMENT (( #9520 ) ) ;
#1257 = VECTOR ( 'NONE', #3474, 1000.000000000000000 ) ;
#1258 = DIRECTION ( 'NONE',  ( -0.0000000000000000000, -1.000000000000000000, -0.0000000000000000000 ) ) ;
#1259 = CARTESIAN_POINT ( 'NONE',  ( -0.08524098574380838123, 0.9810000000000003162, 0.3322212719277862769 ) ) ;
#1260 = ADVANCED_FACE ( 'NONE', ( #5301 ), #766, .F. ) ;
#1261 = CARTESIAN_POINT ( 'NONE',  ( -0.1336083126399199017, 0.9800000000000004263, 0.2192176299579966792 ) ) ;
#1262 = PRESENTATION_STYLE_ASSIGNMENT (( #225 ) ) ;
#1263 = CARTESIAN_POINT ( 'NONE',  ( -0.2324659000926243002, 0.9810000000000003162, 0.3456820880238622440 ) ) ;
#1264 = DIRECTION ( 'NONE',  ( -0.9999748501857348426, 0.0000000000000000000, -0.007092178509962493438 ) ) ;
#1265 = PLANE ( 'NONE',  #9558 ) ;
#1266 = VERTEX_POINT ( 'NONE', #7279 ) ;
#1267 = VECTOR ( 'NONE', #9227, 1000.000000000000000 ) ;
#1268 = FILL_AREA_STYLE_COLOUR ( '', #5320 ) ;
#1269 =( GEOMETRIC_REPRESENTATION_CONTEXT ( 3 ) GLOBAL_UNCERTAINTY_ASSIGNED_CONTEXT ( ( #3165 ) ) GLOBAL_UNIT_ASSIGNED_CONTEXT ( ( #3911, #9406, #352 ) ) REPRESENTATION_CONTEXT ( 'NONE', 'WORKASPACE' ) );
#1270 = DIRECTION ( 'NONE',  ( 0.0000000000000000000, -0.0000000000000000000, 1.000000000000000000 ) ) ;
#1271 = DIRECTION ( 'NONE',  ( -0.0000000000000000000, -1.000000000000000000, -0.0000000000000000000 ) ) ;
#1272 = ORIENTED_EDGE ( 'NONE', *, *, #9542, .F. ) ;
#1273 = COLOUR_RGB ( '',0.2235294117647058654, 0.2235294117647058654, 0.2235294117647058654 ) ;
#1274 = SURFACE_STYLE_USAGE ( .BOTH. , #11090 ) ;
#1275 = VECTOR ( 'NONE', #11130, 1000.000000000000000 ) ;
#1276 = PRESENTATION_LAYER_ASSIGNMENT (  '', '', ( #4358 ) ) ;
#1277 = PLANE ( 'NONE',  #6533 ) ;
#1278 = VERTEX_POINT ( 'NONE', #10178 ) ;
#1279 = ORIENTED_EDGE ( 'NONE', *, *, #1196, .F. ) ;
#1280 = UNCERTAINTY_MEASURE_WITH_UNIT (LENGTH_MEASURE( 1.000000000000000082E-05 ), #6772, 'distance_accuracy_value', 'NONE');
#1281 = CARTESIAN_POINT ( 'NONE',  ( 0.09822897624322909915, 0.9800000000000004263, 0.3616698184917169212 ) ) ;
#1282 = EDGE_CURVE ( 'NONE', #6388, #1654, #637, .T. ) ;
#1283 = STYLED_ITEM ( 'NONE', ( #11732 ), #1805 ) ;
#1284 = AXIS2_PLACEMENT_3D ( 'NONE', #638, #9697, #4209 ) ;
#1285 = CARTESIAN_POINT ( 'NONE',  ( -0.1032296201172143435, 0.9810000000000003162, 0.2333142037774335042 ) ) ;
#1286 = SURFACE_STYLE_FILL_AREA ( #2002 ) ;
#1287 = ORIENTED_EDGE ( 'NONE', *, *, #405, .T. ) ;
#1288 = FILL_AREA_STYLE_COLOUR ( '', #2891 ) ;
#1289 = MECHANICAL_DESIGN_GEOMETRIC_PRESENTATION_REPRESENTATION (  '', ( #11305 ), #6887 ) ;
#1290 = SURFACE_SIDE_STYLE ('',( #4800 ) ) ;
#1291 = CARTESIAN_POINT ( 'NONE',  ( -0.1643392080106935715, 0.9810000000000003162, 0.2236267145774515075 ) ) ;
#1292 = ORIENTED_EDGE ( 'NONE', *, *, #10509, .F. ) ;
#1293 = CARTESIAN_POINT ( 'NONE',  ( 0.2499999999999993616, 0.9799999999999995381, 0.01999999999999999695 ) ) ;
#1294 = STYLED_ITEM ( 'NONE', ( #3391 ), #6538 ) ;
#1295 = SURFACE_STYLE_USAGE ( .BOTH. , #4868 ) ;
#1296 = STYLED_ITEM ( 'NONE', ( #5512 ), #10808 ) ;
#1297 = UNCERTAINTY_MEASURE_WITH_UNIT (LENGTH_MEASURE( 1.000000000000000082E-05 ), #11800, 'distance_accuracy_value', 'NONE');
#1298 =( GEOMETRIC_REPRESENTATION_CONTEXT ( 3 ) GLOBAL_UNCERTAINTY_ASSIGNED_CONTEXT ( ( #6748 ) ) GLOBAL_UNIT_ASSIGNED_CONTEXT ( ( #9680, #10350, #11330 ) ) REPRESENTATION_CONTEXT ( 'NONE', 'WORKASPACE' ) );
#1299 = EDGE_CURVE ( 'NONE', #7314, #8845, #2575, .T. ) ;
#1300 = SURFACE_STYLE_USAGE ( .BOTH. , #3049 ) ;
#1301 = SURFACE_STYLE_FILL_AREA ( #6625 ) ;
#1302 = PLANE ( 'NONE',  #9427 ) ;
#1303 = MECHANICAL_DESIGN_GEOMETRIC_PRESENTATION_REPRESENTATION (  '', ( #1104 ), #1490 ) ;
#1304 = SURFACE_STYLE_USAGE ( .BOTH. , #10420 ) ;
#1305 = CARTESIAN_POINT ( 'NONE',  ( -0.005361591329906875009, 0.9810000000000003162, 0.2879109258001376626 ) ) ;
#1306 = ORIENTED_EDGE ( 'NONE', *, *, #11538, .T. ) ;
#1307 = VERTEX_POINT ( 'NONE', #1771 ) ;
#1308 = FACE_OUTER_BOUND ( 'NONE', #368, .T. ) ;
#1309 = EDGE_CURVE ( 'NONE', #617, #503, #5357, .T. ) ;
#1310 =( NAMED_UNIT ( * ) PLANE_ANGLE_UNIT ( ) SI_UNIT ( $, .RADIAN. ) );
#1311 = ORIENTED_EDGE ( 'NONE', *, *, #1509, .F. ) ;
#1312 = ORIENTED_EDGE ( 'NONE', *, *, #11651, .T. ) ;
#1313 = EDGE_CURVE ( 'NONE', #6802, #160, #3711, .T. ) ;
#1314 = CARTESIAN_POINT ( 'NONE',  ( 0.5800000000000001821, 0.0000000000000000000, 0.0000000000000000000 ) ) ;
#1315 = FILL_AREA_STYLE ('',( #8624 ) ) ;
#1316 = ADVANCED_FACE ( 'NONE', ( #1664 ), #11837, .F. ) ;
#1317 = FACE_BOUND ( 'NONE', #9095, .T. ) ;
#1318 = COLOUR_RGB ( '',0.2235294117647058654, 0.2235294117647058654, 0.2235294117647058654 ) ;
#1319 = DIRECTION ( 'NONE',  ( -0.007092178509959435988, -0.0000000000000000000, 0.9999748501857349536 ) ) ;
#1320 = ORIENTED_EDGE ( 'NONE', *, *, #5663, .T. ) ;
#1321 =( GEOMETRIC_REPRESENTATION_CONTEXT ( 3 ) GLOBAL_UNCERTAINTY_ASSIGNED_CONTEXT ( ( #6242 ) ) GLOBAL_UNIT_ASSIGNED_CONTEXT ( ( #5737, #1255, #11266 ) ) REPRESENTATION_CONTEXT ( 'NONE', 'WORKASPACE' ) );
#1322 = FILL_AREA_STYLE ('',( #4832 ) ) ;
#1323 = DIRECTION ( 'NONE',  ( -0.9999748501857348426, -0.0000000000000000000, -0.007092178509962867271 ) ) ;
#1324 = SURFACE_SIDE_STYLE ('',( #4154 ) ) ;
#1325 = CARTESIAN_POINT ( 'NONE',  ( 0.1467067903565250908, 0.9800000000000004263, 0.3056187417824263175 ) ) ;
#1326 = CARTESIAN_POINT ( 'NONE',  ( -0.09242979192425743173, 0.9800000000000004263, 0.3397347154340394915 ) ) ;
#1327 = CARTESIAN_POINT ( 'NONE',  ( 0.1331548678188466117, 0.9810000000000003162, 0.2285218485012402434 ) ) ;
#1328 = ORIENTED_EDGE ( 'NONE', *, *, #3141, .F. ) ;
#1329 = CARTESIAN_POINT ( 'NONE',  ( -0.2917882984180479311, 0.9800000000000004263, 0.2581014530131870988 ) ) ;
#1330 = EDGE_CURVE ( 'NONE', #8410, #7073, #5393, .T. ) ;
#1331 =( NAMED_UNIT ( * ) PLANE_ANGLE_UNIT ( ) SI_UNIT ( $, .RADIAN. ) );
#1332 = CARTESIAN_POINT ( 'NONE',  ( -0.1510654097695903475, 0.9800000000000004263, 0.3404106239764875252 ) ) ;
#1333 = CARTESIAN_POINT ( 'NONE',  ( -0.08882898268744554571, 0.9810000000000003162, 0.3359910364165828445 ) ) ;
#1334 = PRESENTATION_LAYER_ASSIGNMENT (  '', '', ( #9814 ) ) ;
#1335 = MECHANICAL_DESIGN_GEOMETRIC_PRESENTATION_REPRESENTATION (  '', ( #4617 ), #2864 ) ;
#1336 = PLANE ( 'NONE',  #8235 ) ;
#1337 = SURFACE_SIDE_STYLE ('',( #8879 ) ) ;
#1338 = FILL_AREA_STYLE ('',( #8712 ) ) ;
#1339 = ORIENTED_EDGE ( 'NONE', *, *, #11413, .F. ) ;
#1340 = ORIENTED_EDGE ( 'NONE', *, *, #4797, .F. ) ;
#1341 = CARTESIAN_POINT ( 'NONE',  ( -0.04742294917664123532, 0.9810000000000003162, 0.2961490378089223219 ) ) ;
#1342 = CARTESIAN_POINT ( 'NONE',  ( 0.1467067903565250908, 0.9800000000000004263, 0.3056187417824263175 ) ) ;
#1343 =( GEOMETRIC_REPRESENTATION_CONTEXT ( 3 ) GLOBAL_UNCERTAINTY_ASSIGNED_CONTEXT ( ( #10673 ) ) GLOBAL_UNIT_ASSIGNED_CONTEXT ( ( #769, #10055, #3535 ) ) REPRESENTATION_CONTEXT ( 'NONE', 'WORKASPACE' ) );
#1344 = STYLED_ITEM ( 'NONE', ( #1041 ), #4216 ) ;
#1345 = PRESENTATION_STYLE_ASSIGNMENT (( #4978 ) ) ;
#1346 = CARTESIAN_POINT ( 'NONE',  ( 0.1658271787583907586, 0.9810000000000003162, 0.3111769386675978244 ) ) ;
#1347 =( GEOMETRIC_REPRESENTATION_CONTEXT ( 3 ) GLOBAL_UNCERTAINTY_ASSIGNED_CONTEXT ( ( #6971 ) ) GLOBAL_UNIT_ASSIGNED_CONTEXT ( ( #8394, #963, #5441 ) ) REPRESENTATION_CONTEXT ( 'NONE', 'WORKASPACE' ) );
#1348 = ORIENTED_EDGE ( 'NONE', *, *, #3070, .T. ) ;
#1349 = EDGE_CURVE ( 'NONE', #11122, #3425, #11251, .T. ) ;
#1350 = UNCERTAINTY_MEASURE_WITH_UNIT (LENGTH_MEASURE( 1.000000000000000082E-05 ), #1076, 'distance_accuracy_value', 'NONE');
#1351 = CARTESIAN_POINT ( 'NONE',  ( -0.1961842349277509723, 0.9800000000000004263, 0.3209845929408485232 ) ) ;
#1352 = ORIENTED_EDGE ( 'NONE', *, *, #588, .F. ) ;
#1353 = SURFACE_SIDE_STYLE ('',( #5589 ) ) ;
#1354 = B_SPLINE_CURVE_WITH_KNOTS ( 'NONE', 3,
 ( #6171, #11582, #1578, #9057 ),
 .UNSPECIFIED., .F., .F.,
 ( 4, 4 ),
 ( 19.00000000000000000, 20.00000000000000000 ),
 .UNSPECIFIED. ) ;
#1355 = DIRECTION ( 'NONE',  ( 0.3349296976928460290, 0.0000000000000000000, 0.9422431202207733891 ) ) ;
#1356 = ORIENTED_EDGE ( 'NONE', *, *, #8370, .F. ) ;
#1357 = FILL_AREA_STYLE ('',( #4989 ) ) ;
#1358 = B_SPLINE_CURVE_WITH_KNOTS ( 'NONE', 3,
 ( #2530, #9889, #1616, #8985 ),
 .UNSPECIFIED., .F., .F.,
 ( 4, 4 ),
 ( 4.000000000000000000, 5.000000000000000000 ),
 .UNSPECIFIED. ) ;
#1359 = CARTESIAN_POINT ( 'NONE',  ( -0.1146849368130240104, 0.9810000000000003162, 0.3384331115309418547 ) ) ;
#1360 =( GEOMETRIC_REPRESENTATION_CONTEXT ( 3 ) GLOBAL_UNCERTAINTY_ASSIGNED_CONTEXT ( ( #9605 ) ) GLOBAL_UNIT_ASSIGNED_CONTEXT ( ( #4531, #8351, #3555 ) ) REPRESENTATION_CONTEXT ( 'NONE', 'WORKASPACE' ) );
#1361 = CARTESIAN_POINT ( 'NONE',  ( -0.1942976914693321233, 0.9810000000000003162, 0.3097163158567410313 ) ) ;
#1362 = ORIENTED_EDGE ( 'NONE', *, *, #415, .F. ) ;
#1363 = ORIENTED_EDGE ( 'NONE', *, *, #11464, .T. ) ;
#1364 = CARTESIAN_POINT ( 'NONE',  ( -0.1278942141534321897, 0.9800000000000004263, 0.2308777433289414260 ) ) ;
#1365 = EDGE_CURVE ( 'NONE', #2163, #10683, #6689, .T. ) ;
#1366 = ORIENTED_EDGE ( 'NONE', *, *, #11367, .T. ) ;
#1367 = FACE_OUTER_BOUND ( 'NONE', #5412, .T. ) ;
#1368 = ORIENTED_EDGE ( 'NONE', *, *, #7188, .F. ) ;
#1369 = ORIENTED_EDGE ( 'NONE', *, *, #1143, .T. ) ;
#1370 = DIRECTION ( 'NONE',  ( 0.2455530343989367759, -0.0000000000000000000, 0.9693831581461864744 ) ) ;
#1371 = EDGE_CURVE ( 'NONE', #6327, #4646, #7587, .T. ) ;
#1372 = CARTESIAN_POINT ( 'NONE',  ( 0.1466298830622249916, 0.9800000000000004263, 0.2654910417758425401 ) ) ;
#1373 = COLOUR_RGB ( '',0.2235294117647058654, 0.2235294117647058654, 0.2235294117647058654 ) ;
#1374 = DIRECTION ( 'NONE',  ( -0.0000000000000000000, -1.000000000000000000, -0.0000000000000000000 ) ) ;
#1375 = STYLED_ITEM ( 'NONE', ( #666 ), #10996 ) ;
#1376 = CARTESIAN_POINT ( 'NONE',  ( -0.2810581327235270876, 0.9810000000000003162, 0.2277378766252798892 ) ) ;
#1377 = PRODUCT_DEFINITION_SHAPE ( 'NONE', 'NONE',  #5574 ) ;
#1378 = CARTESIAN_POINT ( 'NONE',  ( -0.2150015195407217472, 0.9810000000000003162, 0.2142992618085834133 ) ) ;
#1379 = CARTESIAN_POINT ( 'NONE',  ( 0.1529828312786696287, 0.9800000000000004263, 0.3381987626197052177 ) ) ;
#1380 = EDGE_CURVE ( 'NONE', #11160, #4772, #11120, .T. ) ;
#1381 = DIRECTION ( 'NONE',  ( 0.0000000000000000000, -0.0000000000000000000, -1.000000000000000000 ) ) ;
#1382 = ORIENTED_EDGE ( 'NONE', *, *, #3964, .F. ) ;
#1383 = LINE ( 'NONE', #7668, #6353 ) ;
#1384 = B_SPLINE_CURVE_WITH_KNOTS ( 'NONE', 3,
 ( #1850, #3676, #7364, #1681 ),
 .UNSPECIFIED., .F., .F.,
 ( 4, 4 ),
 ( 5.000000000000000000, 6.000000000000000000 ),
 .UNSPECIFIED. ) ;
#1385 = CARTESIAN_POINT ( 'NONE',  ( -0.07180022649168252280, 0.9810000000000003162, 0.2440389313270088789 ) ) ;
#1386 = PRESENTATION_LAYER_ASSIGNMENT (  '', '', ( #2714 ) ) ;
#1387 = CARTESIAN_POINT ( 'NONE',  ( 0.2249009493879411126, 0.9800000000000004263, 0.2902670444421400764 ) ) ;
#1388 =( LENGTH_UNIT ( ) NAMED_UNIT ( * ) SI_UNIT ( .MILLI., .METRE. ) );
#1389 = SURFACE_STYLE_FILL_AREA ( #10718 ) ;
#1390 = CARTESIAN_POINT ( 'NONE',  ( -0.08342466306684383215, 0.9800000000000004263, 0.2172340361602148329 ) ) ;
#1391 = FILL_AREA_STYLE_COLOUR ( '', #11276 ) ;
#1392 = CARTESIAN_POINT ( 'NONE',  ( 0.01684555845657268944, 0.9810000000000003162, 0.2660165733965533796 ) ) ;
#1393 = CARTESIAN_POINT ( 'NONE',  ( -0.1754919095275360719, 0.9810000000000003162, 0.2952407270366810832 ) ) ;
#1394 = VECTOR ( 'NONE', #2668, 1000.000000000000000 ) ;
#1395 = VERTEX_POINT ( 'NONE', #8549 ) ;
#1396 = CARTESIAN_POINT ( 'NONE',  ( -0.1143966075969112678, 0.9810000000000003162, 0.2977795994568313565 ) ) ;
#1397 = CARTESIAN_POINT ( 'NONE',  ( 0.3817097946182764767, 0.9800000000000004263, 0.5300000000000001377 ) ) ;
#1398 =( NAMED_UNIT ( * ) PLANE_ANGLE_UNIT ( ) SI_UNIT ( $, .RADIAN. ) );
#1399 = CARTESIAN_POINT ( 'NONE',  ( 0.07274796198588512341, 0.9800000000000004263, 0.2335160094338862014 ) ) ;
#1400 = EDGE_LOOP ( 'NONE', ( #2276, #928, #6732, #2140 ) ) ;
#1401 = EDGE_CURVE ( 'NONE', #11663, #4388, #6572, .T. ) ;
#1402 = VERTEX_POINT ( 'NONE', #4022 ) ;
#1403 = UNCERTAINTY_MEASURE_WITH_UNIT (LENGTH_MEASURE( 1.000000000000000082E-05 ), #11221, 'distance_accuracy_value', 'NONE');
#1404 = CARTESIAN_POINT ( 'NONE',  ( -0.1763723712847932723, 0.9810000000000003162, 0.3460799233489056936 ) ) ;
#1405 = STYLED_ITEM ( 'NONE', ( #1137 ), #11888 ) ;
#1406 = DIRECTION ( 'NONE',  ( -0.0000000000000000000, -1.000000000000000000, -0.0000000000000000000 ) ) ;
#1407 = PLANE ( 'NONE',  #10778 ) ;
#1408 = ORIENTED_EDGE ( 'NONE', *, *, #11424, .T. ) ;
#1409 = PRESENTATION_STYLE_ASSIGNMENT (( #3222 ) ) ;
#1410 = CARTESIAN_POINT ( 'NONE',  ( -0.1510654097695903197, 0.9810000000000003162, 0.3404106239764875252 ) ) ;
#1411 = ORIENTED_EDGE ( 'NONE', *, *, #1005, .T. ) ;
#1412 = FACE_OUTER_BOUND ( 'NONE', #3925, .T. ) ;
#1413 = SURFACE_STYLE_FILL_AREA ( #7633 ) ;
#1414 = VERTEX_POINT ( 'NONE', #10423 ) ;
#1415 = ADVANCED_FACE ( 'NONE', ( #2157 ), #7232, .F. ) ;
#1416 = UNCERTAINTY_MEASURE_WITH_UNIT (LENGTH_MEASURE( 1.000000000000000082E-05 ), #4351, 'distance_accuracy_value', 'NONE');
#1417 = SURFACE_SIDE_STYLE ('',( #5957 ) ) ;
#1418 = VECTOR ( 'NONE', #1437, 1000.000000000000000 ) ;
#1419 = CARTESIAN_POINT ( 'NONE',  ( -0.5799999999999994049, 0.0000000000000000000, 0.5300000000000000266 ) ) ;
#1420 = FILL_AREA_STYLE_COLOUR ( '', #4565 ) ;
#1421 = SURFACE_STYLE_FILL_AREA ( #6809 ) ;
#1422 = CARTESIAN_POINT ( 'NONE',  ( -0.2288457337151711679, 0.9800000000000004263, 0.3392091131190770881 ) ) ;
#1423 = CARTESIAN_POINT ( 'NONE',  ( -0.2927117971955626730, 0.9810000000000003162, 0.2545336428020995578 ) ) ;
#1424 = ORIENTED_EDGE ( 'NONE', *, *, #3464, .F. ) ;
#1425 = ORIENTED_EDGE ( 'NONE', *, *, #9126, .F. ) ;
#1426 = CARTESIAN_POINT ( 'NONE',  ( -0.04721149546124459029, 0.9800000000000004263, 0.2663347294017247013 ) ) ;
#1427 = ORIENTED_EDGE ( 'NONE', *, *, #4935, .T. ) ;
#1428 = CARTESIAN_POINT ( 'NONE',  ( -0.08342466306684383215, 0.9800000000000004263, 0.2172340361602148329 ) ) ;
#1429 = ORIENTED_EDGE ( 'NONE', *, *, #6448, .T. ) ;
#1430 = ORIENTED_EDGE ( 'NONE', *, *, #8083, .T. ) ;
#1431 = CARTESIAN_POINT ( 'NONE',  ( -0.2031402075827740128, 0.9800000000000004263, 0.3286556553953842719 ) ) ;
#1432 = ADVANCED_FACE ( 'NONE', ( #136 ), #7334, .F. ) ;
#1433 = LINE ( 'NONE', #7220, #4365 ) ;
#1434 = DIRECTION ( 'NONE',  ( -0.0000000000000000000, -1.000000000000000000, -0.0000000000000000000 ) ) ;
#1435 = SURFACE_STYLE_USAGE ( .BOTH. , #3903 ) ;
#1436 = CARTESIAN_POINT ( 'NONE',  ( 0.5800000000000001821, -1.000000000000000444, 0.0000000000000000000 ) ) ;
#1437 = DIRECTION ( 'NONE',  ( -0.0000000000000000000, -0.0000000000000000000, -1.000000000000000000 ) ) ;
#1438 = DIRECTION ( 'NONE',  ( 0.9999748501857348426, -0.0000000000000000000, 0.007092178509961900162 ) ) ;
#1439 = ORIENTED_EDGE ( 'NONE', *, *, #2609, .T. ) ;
#1440 = DIRECTION ( 'NONE',  ( -0.007092178509964145762, 0.0000000000000000000, 0.9999748501857348426 ) ) ;
#1441 = CARTESIAN_POINT ( 'NONE',  ( -0.1096344792239592331, 0.9800000000000004263, 0.2384157093606849576 ) ) ;
#1442 = CARTESIAN_POINT ( 'NONE',  ( 0.1767154215945662410, 0.9810000000000003162, 0.2031638970050134441 ) ) ;
#1443 = CARTESIAN_POINT ( 'NONE',  ( 0.08015459118996955123, 0.9810000000000003162, 0.3615416285025069842 ) ) ;
#1444 = ADVANCED_FACE ( 'NONE', ( #4136 ), #6276, .T. ) ;
#1445 = CARTESIAN_POINT ( 'NONE',  ( -0.2699999999999994071, 0.9800000000000004263, 0.5300000000000001377 ) ) ;
#1446 =( NAMED_UNIT ( * ) SI_UNIT ( $, .STERADIAN. ) SOLID_ANGLE_UNIT ( ) );
#1447 = VECTOR ( 'NONE', #5911, 1000.000000000000000 ) ;
#1448 = SURFACE_SIDE_STYLE ('',( #8757 ) ) ;
#1449 = DIRECTION ( 'NONE',  ( 1.000000000000000000, 0.0000000000000000000, 0.0000000000000000000 ) ) ;
#1450 = LINE ( 'NONE', #8877, #5932 ) ;
#1451 = CARTESIAN_POINT ( 'NONE',  ( -0.1383858290365907184, 0.9810000000000003162, 0.2459321912224008977 ) ) ;
#1452 = FILL_AREA_STYLE ('',( #8763 ) ) ;
#1453 = VERTEX_POINT ( 'NONE', #1364 ) ;
#1454 = ORIENTED_EDGE ( 'NONE', *, *, #6314, .F. ) ;
#1455 = FILL_AREA_STYLE_COLOUR ( '', #11907 ) ;
#1456 = ADVANCED_FACE ( 'NONE', ( #8737 ), #9690, .F. ) ;
#1457 = CARTESIAN_POINT ( 'NONE',  ( -0.05361791722322011705, 0.9810000000000003162, 0.2441678867532692254 ) ) ;
#1458 = COLOUR_RGB ( '',0.2235294117647058654, 0.2235294117647058654, 0.2235294117647058654 ) ;
#1459 = ADVANCED_FACE ( 'NONE', ( #1308 ), #4999, .F. ) ;
#1460 =( GEOMETRIC_REPRESENTATION_CONTEXT ( 3 ) GLOBAL_UNCERTAINTY_ASSIGNED_CONTEXT ( ( #2770 ) ) GLOBAL_UNIT_ASSIGNED_CONTEXT ( ( #5972, #272, #3064 ) ) REPRESENTATION_CONTEXT ( 'NONE', 'WORKASPACE' ) );
#1461 = VERTEX_POINT ( 'NONE', #10757 ) ;
#1462 = VECTOR ( 'NONE', #648, 1000.000000000000114 ) ;
#1463 = CARTESIAN_POINT ( 'NONE',  ( -0.2538087766958543878, 0.9800000000000004263, 0.2542376756705261309 ) ) ;
#1464 = ORIENTED_EDGE ( 'NONE', *, *, #1634, .T. ) ;
#1465 = LINE ( 'NONE', #8834, #2456 ) ;
#1466 = CARTESIAN_POINT ( 'NONE',  ( -0.5799999999999994049, 1.000000000000000444, 0.01999999999999999695 ) ) ;
#1467 = ORIENTED_EDGE ( 'NONE', *, *, #6998, .F. ) ;
#1468 = MECHANICAL_DESIGN_GEOMETRIC_PRESENTATION_REPRESENTATION (  '', ( #5720 ), #11289 ) ;
#1469 = CARTESIAN_POINT ( 'NONE',  ( -0.3817097946182765877, -1.034353464437637760, 0.5300000000000001377 ) ) ;
#1470 = PRESENTATION_LAYER_ASSIGNMENT (  '', '', ( #6871 ) ) ;
#1471 = CARTESIAN_POINT ( 'NONE',  ( -0.1224614342200521788, 0.9800000000000004263, 0.2492164741168255149 ) ) ;
#1472 = B_SPLINE_SURFACE_WITH_KNOTS ( 'NONE', 3, 1, ( 
 ( #33, #9320 ),
 ( #5795, #938 ),
 ( #4882, #2090 ),
 ( #4701, #268 ) ),
 .UNSPECIFIED., .F., .F., .F.,
 ( 4, 4 ),
 ( 2, 2 ),
 ( 2.000000000000000000, 3.000000000000000000 ),
 ( 0.0000000000000000000, 1.000000000000000000 ),
 .UNSPECIFIED. ) ;
#1473 = CARTESIAN_POINT ( 'NONE',  ( -0.1278942141534321897, 0.9800000000000004263, 0.2308777433289414260 ) ) ;
#1474 = B_SPLINE_CURVE_WITH_KNOTS ( 'NONE', 3,
 ( #5493, #9167, #3738, #2897 ),
 .UNSPECIFIED., .F., .F.,
 ( 4, 4 ),
 ( 0.0000000000000000000, 1.000000000000000000 ),
 .UNSPECIFIED. ) ;
#1475 = CARTESIAN_POINT ( 'NONE',  ( -0.1471725697378032105, 0.9800000000000004263, 0.2038625962271659875 ) ) ;
#1476 = SURFACE_STYLE_USAGE ( .BOTH. , #11649 ) ;
#1477 = CARTESIAN_POINT ( 'NONE',  ( -0.1601822152078898609, 0.9800000000000004263, 0.2147660436838172149 ) ) ;
#1478 = DIRECTION ( 'NONE',  ( 0.9999748501857348426, -0.0000000000000000000, 0.007092178509964200406 ) ) ;
#1479 = ADVANCED_FACE ( 'NONE', ( #6194 ), #10123, .F. ) ;
#1480 = ORIENTED_EDGE ( 'NONE', *, *, #6867, .F. ) ;
#1481 = EDGE_LOOP ( 'NONE', ( #10249, #8951, #7216, #3295 ) ) ;
#1482 = VECTOR ( 'NONE', #10985, 1000.000000000000000 ) ;
#1483 = MECHANICAL_DESIGN_GEOMETRIC_PRESENTATION_REPRESENTATION (  '', ( #7846 ), #10147 ) ;
#1484 = FILL_AREA_STYLE ('',( #7886 ) ) ;
#1485 = VERTEX_POINT ( 'NONE', #7128 ) ;
#1486 = ORIENTED_EDGE ( 'NONE', *, *, #6350, .T. ) ;
#1487 = VERTEX_POINT ( 'NONE', #2584 ) ;
#1488 = AXIS2_PLACEMENT_3D ( 'NONE', #2502, #9864, #1596 ) ;
#1489 = CARTESIAN_POINT ( 'NONE',  ( -0.2662387320508122213, 0.9810000000000003162, 0.2475468891675274286 ) ) ;
#1490 =( GEOMETRIC_REPRESENTATION_CONTEXT ( 3 ) GLOBAL_UNCERTAINTY_ASSIGNED_CONTEXT ( ( #11551 ) ) GLOBAL_UNIT_ASSIGNED_CONTEXT ( ( #2802, #10182, #9319 ) ) REPRESENTATION_CONTEXT ( 'NONE', 'WORKASPACE' ) );
#1491 = B_SPLINE_CURVE_WITH_KNOTS ( 'NONE', 3,
 ( #124, #1109, #9434, #11172 ),
 .UNSPECIFIED., .F., .F.,
 ( 4, 4 ),
 ( 26.00000000000000000, 27.00000000000000000 ),
 .UNSPECIFIED. ) ;
#1492 = DIRECTION ( 'NONE',  ( -0.0000000000000000000, -1.000000000000000000, -0.0000000000000000000 ) ) ;
#1493 = CARTESIAN_POINT ( 'NONE',  ( -0.1285643283174331131, 0.9800000000000004263, 0.2520585909991285845 ) ) ;
#1494 = LINE ( 'NONE', #10656, #7199 ) ;
#1495 = CARTESIAN_POINT ( 'NONE',  ( -0.005361591329906875009, 0.9800000000000004263, 0.2879109258001376626 ) ) ;
#1496 = VERTEX_POINT ( 'NONE', #593 ) ;
#1497 =( GEOMETRIC_REPRESENTATION_CONTEXT ( 3 ) GLOBAL_UNCERTAINTY_ASSIGNED_CONTEXT ( ( #10110 ) ) GLOBAL_UNIT_ASSIGNED_CONTEXT ( ( #8538, #2919, #2008 ) ) REPRESENTATION_CONTEXT ( 'NONE', 'WORKASPACE' ) );
#1498 = ADVANCED_FACE ( 'NONE', ( #7062 ), #2696, .F. ) ;
#1499 = CARTESIAN_POINT ( 'NONE',  ( 0.1529828312786696287, 0.9810000000000003162, 0.3381987626197052177 ) ) ;
#1500 = CARTESIAN_POINT ( 'NONE',  ( -0.08769494268015995408, 0.9810000000000003162, 0.2512306833957839713 ) ) ;
#1501 = CARTESIAN_POINT ( 'NONE',  ( -0.2391311463533324078, 0.9810000000000003162, 0.3086964867495653464 ) ) ;
#1502 = CARTESIAN_POINT ( 'NONE',  ( -0.08397118691812412161, 0.9800000000000004263, 0.3401066420994613426 ) ) ;
#1503 = SURFACE_STYLE_FILL_AREA ( #2583 ) ;
#1504 = MECHANICAL_DESIGN_GEOMETRIC_PRESENTATION_REPRESENTATION (  '', ( #1118 ), #11701 ) ;
#1505 = DIRECTION ( 'NONE',  ( 0.0000000000000000000, 1.000000000000000000, 0.0000000000000000000 ) ) ;
#1506 = CARTESIAN_POINT ( 'NONE',  ( -0.1840793830045865109, 0.9810000000000003162, 0.3460252624712996106 ) ) ;
#1507 = PRESENTATION_LAYER_ASSIGNMENT (  '', '', ( #8082 ) ) ;
#1508 = SURFACE_STYLE_FILL_AREA ( #9712 ) ;
#1509 = EDGE_CURVE ( 'NONE', #7039, #6785, #6339, .T. ) ;
#1510 = PLANE ( 'NONE',  #9979 ) ;
#1511 = VECTOR ( 'NONE', #1323, 1000.000000000000114 ) ;
#1512 = EDGE_LOOP ( 'NONE', ( #9628, #568, #3376, #5350 ) ) ;
#1513 = EDGE_LOOP ( 'NONE', ( #10396, #10453, #7827, #9433 ) ) ;
#1514 = UNCERTAINTY_MEASURE_WITH_UNIT (LENGTH_MEASURE( 1.000000000000000082E-05 ), #1913, 'distance_accuracy_value', 'NONE');
#1515 = CARTESIAN_POINT ( 'NONE',  ( -0.2661852694723765844, 0.9810000000000003162, 0.2400088338596155779 ) ) ;
#1516 = DIRECTION ( 'NONE',  ( 0.007092178509954029722, -0.0000000000000000000, -0.9999748501857349536 ) ) ;
#1517 =( NAMED_UNIT ( * ) PLANE_ANGLE_UNIT ( ) SI_UNIT ( $, .RADIAN. ) );
#1518 = EDGE_CURVE ( 'NONE', #5173, #3951, #1224, .T. ) ;
#1519 = CARTESIAN_POINT ( 'NONE',  ( -0.2249666376086776054, 0.9810000000000003162, 0.2650740264961071180 ) ) ;
#1520 = SURFACE_STYLE_USAGE ( .BOTH. , #5327 ) ;
#1521 = VECTOR ( 'NONE', #7025, 1000.000000000000000 ) ;
#1522 = ORIENTED_EDGE ( 'NONE', *, *, #4929, .F. ) ;
#1523 = CARTESIAN_POINT ( 'NONE',  ( -0.07180022649168252280, 0.9800000000000004263, 0.2440389313270088234 ) ) ;
#1524 = ADVANCED_FACE ( 'NONE', ( #8207 ), #949, .F. ) ;
#1525 = DIRECTION ( 'NONE',  ( -0.0000000000000000000, 1.000000000000000000, -0.0000000000000000000 ) ) ;
#1526 = DIRECTION ( 'NONE',  ( -0.0000000000000000000, 0.0000000000000000000, 1.000000000000000000 ) ) ;
#1527 = CARTESIAN_POINT ( 'NONE',  ( -0.1311624672671914960, 0.9810000000000003162, 0.3013519234333387753 ) ) ;
#1528 = ORIENTED_EDGE ( 'NONE', *, *, #6163, .F. ) ;
#1529 = PRESENTATION_LAYER_ASSIGNMENT (  '', '', ( #759 ) ) ;
#1530 = CARTESIAN_POINT ( 'NONE',  ( 0.02988217082207585834, 0.9810000000000003162, 0.3138278063142558860 ) ) ;
#1531 = STYLED_ITEM ( 'NONE', ( #11228 ), #3852 ) ;
#1532 = VECTOR ( 'NONE', #11861, 1000.000000000000114 ) ;
#1533 = EDGE_CURVE ( 'NONE', #8493, #6264, #2695, .T. ) ;
#1534 = SURFACE_STYLE_USAGE ( .BOTH. , #1417 ) ;
#1535 = DIRECTION ( 'NONE',  ( -0.9999748501857348426, -0.0000000000000000000, -0.007092178509963390290 ) ) ;
#1536 = VECTOR ( 'NONE', #10851, 1000.000000000000000 ) ;
#1537 = FILL_AREA_STYLE ('',( #6915 ) ) ;
#1538 = CARTESIAN_POINT ( 'NONE',  ( -0.2324659000926243002, 0.9800000000000004263, 0.3456820880238622440 ) ) ;
#1539 = CARTESIAN_POINT ( 'NONE',  ( 0.2022169666217112638, 0.9800000000000004263, 0.2264811313939439630 ) ) ;
#1540 = ORIENTED_EDGE ( 'NONE', *, *, #10208, .F. ) ;
#1541 = EDGE_LOOP ( 'NONE', ( #2445, #2822, #3159, #9809 ) ) ;
#1542 = VECTOR ( 'NONE', #9833, 999.9999999999998863 ) ;
#1543 = PRESENTATION_LAYER_ASSIGNMENT (  '', '', ( #5208 ) ) ;
#1544 = CARTESIAN_POINT ( 'NONE',  ( -0.2006224538167004912, 0.9810000000000003162, 0.3346782651888739468 ) ) ;
#1545 = DIRECTION ( 'NONE',  ( -0.0000000000000000000, -1.000000000000000000, -0.0000000000000000000 ) ) ;
#1546 = VERTEX_POINT ( 'NONE', #1973 ) ;
#1547 = SURFACE_SIDE_STYLE ('',( #8009 ) ) ;
#1548 = AXIS2_PLACEMENT_3D ( 'NONE', #549, #6120, #8176 ) ;
#1549 = VECTOR ( 'NONE', #2498, 1000.000000000000000 ) ;
#1550 = VERTEX_POINT ( 'NONE', #5550 ) ;
#1551 = ORIENTED_EDGE ( 'NONE', *, *, #7484, .T. ) ;
#1552 = EDGE_CURVE ( 'NONE', #5524, #8249, #2221, .T. ) ;
#1553 = CIRCLE ( 'NONE', #5810, 0.01999999999999999695 ) ;
#1554 = PRESENTATION_STYLE_ASSIGNMENT (( #8963 ) ) ;
#1555 = PLANE ( 'NONE',  #7540 ) ;
#1556 = CARTESIAN_POINT ( 'NONE',  ( -0.1482606923248738773, 0.9810000000000003162, 0.1978501258882068847 ) ) ;
#1557 = PRESENTATION_LAYER_ASSIGNMENT (  '', '', ( #2693 ) ) ;
#1558 = LINE ( 'NONE', #6085, #1985 ) ;
#1559 = CARTESIAN_POINT ( 'NONE',  ( -0.1253425404631771933, 0.9810000000000003162, 0.2394480646579064953 ) ) ;
#1560 = ORIENTED_EDGE ( 'NONE', *, *, #1401, .F. ) ;
#1561 = CARTESIAN_POINT ( 'NONE',  ( -0.1031003881603762551, 0.9810000000000003162, 0.2150929045677676954 ) ) ;
#1562 = EDGE_CURVE ( 'NONE', #68, #3425, #8286, .T. ) ;
#1563 = CARTESIAN_POINT ( 'NONE',  ( -0.09187479360364153580, 0.9810000000000003162, 0.2523188062731320791 ) ) ;
#1564 = PRESENTATION_LAYER_ASSIGNMENT (  '', '', ( #5429 ) ) ;
#1565 =( NAMED_UNIT ( * ) SI_UNIT ( $, .STERADIAN. ) SOLID_ANGLE_UNIT ( ) );
#1566 = DIRECTION ( 'NONE',  ( 0.007092178509963643560, 0.0000000000000000000, -0.9999748501857348426 ) ) ;
#1567 = CARTESIAN_POINT ( 'NONE',  ( -0.1063201597271762333, 0.9800000000000004263, 0.3007222812923620592 ) ) ;
#1568 = CARTESIAN_POINT ( 'NONE',  ( -0.1880171699530121254, 0.9810000000000003162, 0.2653360853072996850 ) ) ;
#1569 = EDGE_LOOP ( 'NONE', ( #9968, #1094, #3182, #3312 ) ) ;
#1570 = VECTOR ( 'NONE', #10679, 1000.000000000000000 ) ;
#1571 =( GEOMETRIC_REPRESENTATION_CONTEXT ( 3 ) GLOBAL_UNCERTAINTY_ASSIGNED_CONTEXT ( ( #4944 ) ) GLOBAL_UNIT_ASSIGNED_CONTEXT ( ( #4081, #5899, #7641 ) ) REPRESENTATION_CONTEXT ( 'NONE', 'WORKASPACE' ) );
#1572 = LINE ( 'NONE', #8164, #955 ) ;
#1573 = DIRECTION ( 'NONE',  ( 0.007092178509964229029, -0.0000000000000000000, -0.9999748501857348426 ) ) ;
#1574 = CARTESIAN_POINT ( 'NONE',  ( -0.2917882984180479311, 0.9810000000000003162, 0.2581014530131870988 ) ) ;
#1575 = B_SPLINE_CURVE_WITH_KNOTS ( 'NONE', 3,
 ( #11113, #5464, #6564, #10235 ),
 .UNSPECIFIED., .F., .F.,
 ( 4, 4 ),
 ( 2.000000000000000000, 3.000000000000000000 ),
 .UNSPECIFIED. ) ;
#1576 = ORIENTED_EDGE ( 'NONE', *, *, #1165, .T. ) ;
#1577 = CARTESIAN_POINT ( 'NONE',  ( -0.1209048728947629270, 0.9800000000000004263, 0.2148366557994072223 ) ) ;
#1578 = CARTESIAN_POINT ( 'NONE',  ( -0.1241748660555041239, 0.9810000000000003162, 0.2140856149943612119 ) ) ;
#1579 = ADVANCED_FACE ( 'NONE', ( #5613 ), #4655, .F. ) ;
#1580 = DIRECTION ( 'NONE',  ( 0.3427414958530333178, 0.0000000000000000000, 0.9394297562992269812 ) ) ;
#1581 = ORIENTED_EDGE ( 'NONE', *, *, #10244, .T. ) ;
#1582 = CARTESIAN_POINT ( 'NONE',  ( -0.2592827593950957632, 0.9810000000000003162, 0.2398758267129963151 ) ) ;
#1583 = LINE ( 'NONE', #5273, #1673 ) ;
#1584 = CARTESIAN_POINT ( 'NONE',  ( 0.1767154215945662410, 0.9800000000000004263, 0.2031638970050134441 ) ) ;
#1585 = EDGE_CURVE ( 'NONE', #3466, #9390, #11911, .T. ) ;
#1586 = EDGE_LOOP ( 'NONE', ( #6730, #4698, #6378, #841, #1162, #7803, #5919, #5690, #3752, #627, #6470, #6695, #5870, #6979, #4567, #8365, #6444, #9392, #6897, #2455, #3127, #6256, #9681, #9084, #819, #6000, #9321, #2683, #3108, #577, #6677, #1454, #2269 ) ) ;
#1587 =( NAMED_UNIT ( * ) SI_UNIT ( $, .STERADIAN. ) SOLID_ANGLE_UNIT ( ) );
#1588 = SURFACE_STYLE_FILL_AREA ( #11817 ) ;
#1589 = CARTESIAN_POINT ( 'NONE',  ( -0.2278327320775205833, 0.9810000000000003162, 0.3356550372596887599 ) ) ;
#1590 = EDGE_CURVE ( 'NONE', #1234, #11530, #7530, .T. ) ;
#1591 = LINE ( 'NONE', #8000, #943 ) ;
#1592 = CARTESIAN_POINT ( 'NONE',  ( -0.2179596082558399595, 0.9810000000000003162, 0.3088466428534814567 ) ) ;
#1593 = SURFACE_STYLE_USAGE ( .BOTH. , #6020 ) ;
#1594 = ORIENTED_EDGE ( 'NONE', *, *, #5467, .F. ) ;
#1595 = ORIENTED_EDGE ( 'NONE', *, *, #1800, .T. ) ;
#1596 = DIRECTION ( 'NONE',  ( -0.007092178509964274132, 0.0000000000000000000, 0.9999748501857348426 ) ) ;
#1597 = ORIENTED_EDGE ( 'NONE', *, *, #4352, .F. ) ;
#1598 = EDGE_LOOP ( 'NONE', ( #10202, #6119, #1890, #7675, #9805, #8537, #11840, #212, #7308, #11527, #7884, #10053 ) ) ;
#1599 = EDGE_LOOP ( 'NONE', ( #6529, #6418, #3889, #10446 ) ) ;
#1600 = CARTESIAN_POINT ( 'NONE',  ( 0.1394001497256229516, 0.9800000000000004263, 0.2144674072597157755 ) ) ;
#1601 = CARTESIAN_POINT ( 'NONE',  ( -0.1322717771878449411, 0.9810000000000003162, 0.2140281888109734909 ) ) ;
#1602 = PRESENTATION_STYLE_ASSIGNMENT (( #7111 ) ) ;
#1603 = SURFACE_STYLE_USAGE ( .BOTH. , #11787 ) ;
#1604 = LINE ( 'NONE', #8797, #1830 ) ;
#1605 = ORIENTED_EDGE ( 'NONE', *, *, #4686, .F. ) ;
#1606 = SURFACE_STYLE_FILL_AREA ( #8859 ) ;
#1607 = CARTESIAN_POINT ( 'NONE',  ( -0.09249217796259767699, 0.9810000000000003162, 0.2367436611642648736 ) ) ;
#1608 = EDGE_CURVE ( 'NONE', #6309, #8492, #3395, .T. ) ;
#1609 =( NAMED_UNIT ( * ) SI_UNIT ( $, .STERADIAN. ) SOLID_ANGLE_UNIT ( ) );
#1610 = ORIENTED_EDGE ( 'NONE', *, *, #2282, .F. ) ;
#1611 = LINE ( 'NONE', #5304, #3567 ) ;
#1612 = CARTESIAN_POINT ( 'NONE',  ( -0.07654604391173461253, 0.9800000000000004263, 0.3285917061216096502 ) ) ;
#1613 =( LENGTH_UNIT ( ) NAMED_UNIT ( * ) SI_UNIT ( .MILLI., .METRE. ) );
#1614 =( LENGTH_UNIT ( ) NAMED_UNIT ( * ) SI_UNIT ( .MILLI., .METRE. ) );
#1615 = CARTESIAN_POINT ( 'NONE',  ( -0.09597104098580989950, 0.9810000000000003162, 0.2471168284930282122 ) ) ;
#1616 = CARTESIAN_POINT ( 'NONE',  ( -0.2575031422539598713, 0.9810000000000003162, 0.2510141379062890699 ) ) ;
#1617 = CARTESIAN_POINT ( 'NONE',  ( -0.09472170136162932907, 0.9800000000000004263, 0.2322307825001209691 ) ) ;
#1618 = EDGE_CURVE ( 'NONE', #8679, #1054, #5735, .T. ) ;
#1619 = SURFACE_STYLE_FILL_AREA ( #597 ) ;
#1620 = CARTESIAN_POINT ( 'NONE',  ( -0.3002429360482282150, 0.9810000000000003162, 0.2333466181219198132 ) ) ;
#1621 = CARTESIAN_POINT ( 'NONE',  ( -0.2919442581832067951, 0.9800000000000004263, 0.2581003468908734111 ) ) ;
#1622 = FILL_AREA_STYLE ('',( #9893 ) ) ;
#1623 = ORIENTED_EDGE ( 'NONE', *, *, #8110, .F. ) ;
#1624 = UNCERTAINTY_MEASURE_WITH_UNIT (LENGTH_MEASURE( 1.000000000000000082E-05 ), #8163, 'distance_accuracy_value', 'NONE');
#1625 =( LENGTH_UNIT ( ) NAMED_UNIT ( * ) SI_UNIT ( .MILLI., .METRE. ) );
#1626 = CARTESIAN_POINT ( 'NONE',  ( -0.1278942141534321897, 0.9800000000000004263, 0.2308777433289414260 ) ) ;
#1627 = CARTESIAN_POINT ( 'NONE',  ( -0.2499999999999994171, -0.9999999999999995559, 0.01999999999999999695 ) ) ;
#1628 = ORIENTED_EDGE ( 'NONE', *, *, #4386, .T. ) ;
#1629 = FILL_AREA_STYLE ('',( #8891 ) ) ;
#1630 = MECHANICAL_DESIGN_GEOMETRIC_PRESENTATION_REPRESENTATION (  '', ( #8011 ), #2413 ) ;
#1631 = LINE ( 'NONE', #9119, #3024 ) ;
#1632 = VECTOR ( 'NONE', #8015, 1000.000000000000000 ) ;
#1633 = LINE ( 'NONE', #4609, #8443 ) ;
#1634 = EDGE_CURVE ( 'NONE', #8719, #5097, #4764, .T. ) ;
#1635 = ORIENTED_EDGE ( 'NONE', *, *, #5108, .T. ) ;
#1636 = UNCERTAINTY_MEASURE_WITH_UNIT (LENGTH_MEASURE( 1.000000000000000082E-05 ), #4303, 'distance_accuracy_value', 'NONE');
#1637 = FILL_AREA_STYLE ('',( #9852 ) ) ;
#1638 = CARTESIAN_POINT ( 'NONE',  ( -0.2466353585394710501, 0.9810000000000003162, 0.2140749033328748219 ) ) ;
#1639 = MECHANICAL_DESIGN_GEOMETRIC_PRESENTATION_REPRESENTATION (  '', ( #2612 ), #11647 ) ;
#1640 = LINE ( 'NONE', #6976, #9171 ) ;
#1641 = FACE_OUTER_BOUND ( 'NONE', #4412, .T. ) ;
#1642 = CARTESIAN_POINT ( 'NONE',  ( 0.1471452137234624813, 0.9810000000000003162, 0.1928320125314076650 ) ) ;
#1643 = ORIENTED_EDGE ( 'NONE', *, *, #8189, .T. ) ;
#1644 = ORIENTED_EDGE ( 'NONE', *, *, #5433, .F. ) ;
#1645 = CARTESIAN_POINT ( 'NONE',  ( 0.1529828312786696287, 0.9810000000000003162, 0.3381987626197052177 ) ) ;
#1646 = PRESENTATION_LAYER_ASSIGNMENT (  '', '', ( #10708 ) ) ;
#1647 = ORIENTED_EDGE ( 'NONE', *, *, #3296, .T. ) ;
#1648 = AXIS2_PLACEMENT_3D ( 'NONE', #8018, #1434, #3359 ) ;
#1649 = FILL_AREA_STYLE_COLOUR ( '', #9771 ) ;
#1650 = ADVANCED_FACE ( 'NONE', ( #11134 ), #3850, .T. ) ;
#1651 = AXIS2_PLACEMENT_3D ( 'NONE', #457, #9457, #2096 ) ;
#1652 = UNCERTAINTY_MEASURE_WITH_UNIT (LENGTH_MEASURE( 1.000000000000000082E-05 ), #10414, 'distance_accuracy_value', 'NONE');
#1653 = COLOUR_RGB ( '',0.2235294117647058654, 0.2235294117647058654, 0.2235294117647058654 ) ;
#1654 = VERTEX_POINT ( 'NONE', #2338 ) ;
#1655 = VERTEX_POINT ( 'NONE', #9699 ) ;
#1656 = CARTESIAN_POINT ( 'NONE',  ( -0.2637209782843918382, 0.9810000000000003162, 0.2535694989610192684 ) ) ;
#1657 = LINE ( 'NONE', #3476, #8226 ) ;
#1658 = PLANE ( 'NONE',  #1284 ) ;
#1659 = CARTESIAN_POINT ( 'NONE',  ( -0.2635242728664949907, 0.9800000000000004263, 0.2258346540870750652 ) ) ;
#1660 = ADVANCED_FACE ( 'NONE', ( #10436 ), #8690, .F. ) ;
#1661 = VECTOR ( 'NONE', #5780, 1000.000000000000000 ) ;
#1662 = ORIENTED_EDGE ( 'NONE', *, *, #4614, .T. ) ;
#1663 =( NAMED_UNIT ( * ) PLANE_ANGLE_UNIT ( ) SI_UNIT ( $, .RADIAN. ) );
#1664 = FACE_OUTER_BOUND ( 'NONE', #631, .T. ) ;
#1665 = STYLED_ITEM ( 'NONE', ( #3853 ), #133 ) ;
#1666 = ORIENTED_EDGE ( 'NONE', *, *, #10582, .F. ) ;
#1667 = AXIS2_PLACEMENT_3D ( 'NONE', #2563, #8075, #574 ) ;
#1668 = CARTESIAN_POINT ( 'NONE',  ( -0.1324238690058055501, 0.9800000000000004263, 0.2354726564968886993 ) ) ;
#1669 = CARTESIAN_POINT ( 'NONE',  ( -0.1286046035131483412, 0.9800000000000004263, 0.2192531180488545839 ) ) ;
#1670 = EDGE_CURVE ( 'NONE', #8845, #3213, #10482, .T. ) ;
#1671 = CARTESIAN_POINT ( 'NONE',  ( 0.1467067903565250908, 0.9810000000000003162, 0.3056187417824263175 ) ) ;
#1672 = CARTESIAN_POINT ( 'NONE',  ( -0.1253425404631771933, 0.9800000000000004263, 0.2394480646579064953 ) ) ;
#1673 = VECTOR ( 'NONE', #9904, 1000.000000000000000 ) ;
#1674 = CARTESIAN_POINT ( 'NONE',  ( -0.09174251952033846136, 0.9800000000000004263, 0.2318359982940586816 ) ) ;
#1675 = CARTESIAN_POINT ( 'NONE',  ( -0.2499999999999994171, -1.000000000000000444, 0.0000000000000000000 ) ) ;
#1676 = LINE ( 'NONE', #11688, #1542 ) ;
#1677 = CARTESIAN_POINT ( 'NONE',  ( -0.2810581327235270876, 0.9810000000000003162, 0.2277378766252798892 ) ) ;
#1678 = DIRECTION ( 'NONE',  ( 1.000000000000000000, 0.0000000000000000000, 0.0000000000000000000 ) ) ;
#1679 = APPLICATION_CONTEXT ( 'automotive_design' ) ;
#1680 = ORIENTED_EDGE ( 'NONE', *, *, #9764, .T. ) ;
#1681 = CARTESIAN_POINT ( 'NONE',  ( 0.2077289880150376966, 0.9800000000000004263, 0.3158121704912326133 ) ) ;
#1682 = CARTESIAN_POINT ( 'NONE',  ( 0.1660348399979919010, 0.9800000000000004263, 0.3328687438566483858 ) ) ;
#1683 = PRESENTATION_LAYER_ASSIGNMENT (  '', '', ( #8264 ) ) ;
#1684 = ADVANCED_FACE ( 'NONE', ( #1199 ), #6872, .F. ) ;
#1685 = FILL_AREA_STYLE_COLOUR ( '', #10338 ) ;
#1686 = CARTESIAN_POINT ( 'NONE',  ( -0.2291196769592885041, 0.9810000000000003162, 0.3375175211072943826 ) ) ;
#1687 = DIRECTION ( 'NONE',  ( -0.8896103580601520955, 0.0000000000000000000, 0.4567202763531394427 ) ) ;
#1688 = B_SPLINE_CURVE_WITH_KNOTS ( 'NONE', 3,
 ( #10132, #9959, #5558, #6408 ),
 .UNSPECIFIED., .F., .F.,
 ( 4, 4 ),
 ( 10.00000000000000000, 11.00000000000000000 ),
 .UNSPECIFIED. ) ;
#1689 = ORIENTED_EDGE ( 'NONE', *, *, #7343, .F. ) ;
#1690 = PRESENTATION_LAYER_ASSIGNMENT (  '', '', ( #11886 ) ) ;
#1691 = FILL_AREA_STYLE_COLOUR ( '', #6880 ) ;
#1692 = CARTESIAN_POINT ( 'NONE',  ( -0.2057221106415925982, 0.9810000000000003162, 0.2950263236617829965 ) ) ;
#1693 = CARTESIAN_POINT ( 'NONE',  ( 0.1471452137234624813, 0.9800000000000004263, 0.1928320125314076650 ) ) ;
#1694 = ORIENTED_EDGE ( 'NONE', *, *, #4656, .T. ) ;
#1695 = FACE_OUTER_BOUND ( 'NONE', #2995, .T. ) ;
#1696 = CARTESIAN_POINT ( 'NONE',  ( -0.2442181792996963863, 0.9810000000000003162, 0.2947532958043280193 ) ) ;
#1697 =( GEOMETRIC_REPRESENTATION_CONTEXT ( 3 ) GLOBAL_UNCERTAINTY_ASSIGNED_CONTEXT ( ( #2866 ) ) GLOBAL_UNIT_ASSIGNED_CONTEXT ( ( #10002, #5363, #11902 ) ) REPRESENTATION_CONTEXT ( 'NONE', 'WORKASPACE' ) );
#1698 =( LENGTH_UNIT ( ) NAMED_UNIT ( * ) SI_UNIT ( .MILLI., .METRE. ) );
#1699 = LINE ( 'NONE', #1538, #558 ) ;
#1700 = CARTESIAN_POINT ( 'NONE',  ( -0.2538087766958543878, 0.9810000000000003162, 0.2542376756705261309 ) ) ;
#1701 = EDGE_CURVE ( 'NONE', #10741, #6197, #5539, .T. ) ;
#1702 = VERTEX_POINT ( 'NONE', #1251 ) ;
#1703 = SURFACE_STYLE_USAGE ( .BOTH. , #2850 ) ;
#1704 = STYLED_ITEM ( 'NONE', ( #8184 ), #6248 ) ;
#1705 = VERTEX_POINT ( 'NONE', #3187 ) ;
#1706 = MECHANICAL_DESIGN_GEOMETRIC_PRESENTATION_REPRESENTATION (  '', ( #9814 ), #6930 ) ;
#1707 = AXIS2_PLACEMENT_3D ( 'NONE', #8412, #62, #10090 ) ;
#1708 = CARTESIAN_POINT ( 'NONE',  ( -0.1262595874407420882, 0.9810000000000003162, 0.2386357279820021660 ) ) ;
#1709 = EDGE_LOOP ( 'NONE', ( #4441, #510, #10390, #4196 ) ) ;
#1710 = PRESENTATION_LAYER_ASSIGNMENT (  '', '', ( #8478 ) ) ;
#1711 = EDGE_LOOP ( 'NONE', ( #6428, #2507, #5902, #6596, #4969, #4371, #1411, #1366 ) ) ;
#1712 = STYLED_ITEM ( 'NONE', ( #9143 ), #5484 ) ;
#1713 = SURFACE_STYLE_FILL_AREA ( #9932 ) ;
#1714 = ADVANCED_FACE ( 'NONE', ( #7783 ), #4444, .F. ) ;
#1715 = CARTESIAN_POINT ( 'NONE',  ( -0.05402736683254578953, 0.9810000000000003162, 0.3018989930937056032 ) ) ;
#1716 = EDGE_LOOP ( 'NONE', ( #9619, #1128, #8844, #5421 ) ) ;
#1717 = DIRECTION ( 'NONE',  ( -0.0000000000000000000, -1.000000000000000000, -0.0000000000000000000 ) ) ;
#1718 = DIRECTION ( 'NONE',  ( -0.007092178509950084961, -0.0000000000000000000, 0.9999748501857350647 ) ) ;
#1719 =( GEOMETRIC_REPRESENTATION_CONTEXT ( 3 ) GLOBAL_UNCERTAINTY_ASSIGNED_CONTEXT ( ( #7576 ) ) GLOBAL_UNIT_ASSIGNED_CONTEXT ( ( #3197, #8753, #5305 ) ) REPRESENTATION_CONTEXT ( 'NONE', 'WORKASPACE' ) );
#1720 = COLOUR_RGB ( '',0.2235294117647058654, 0.2235294117647058654, 0.2235294117647058654 ) ;
#1721 = ORIENTED_EDGE ( 'NONE', *, *, #10604, .T. ) ;
#1722 = CIRCLE ( 'NONE', #8489, 0.02000000000000005246 ) ;
#1723 = SURFACE_STYLE_USAGE ( .BOTH. , #771 ) ;
#1724 = VERTEX_POINT ( 'NONE', #5117 ) ;
#1725 =( GEOMETRIC_REPRESENTATION_CONTEXT ( 3 ) GLOBAL_UNCERTAINTY_ASSIGNED_CONTEXT ( ( #61 ) ) GLOBAL_UNIT_ASSIGNED_CONTEXT ( ( #2464, #3370, #710 ) ) REPRESENTATION_CONTEXT ( 'NONE', 'WORKASPACE' ) );
#1726 = EDGE_CURVE ( 'NONE', #7488, #1234, #10884, .T. ) ;
#1727 = DIRECTION ( 'NONE',  ( 0.0000000000000000000, 1.000000000000000000, 0.0000000000000000000 ) ) ;
#1728 = CARTESIAN_POINT ( 'NONE',  ( -0.1358136862818299928, 0.9800000000000004263, 0.2149648685892728561 ) ) ;
#1729 = FACE_OUTER_BOUND ( 'NONE', #11389, .T. ) ;
#1730 = VECTOR ( 'NONE', #1258, 1000.000000000000000 ) ;
#1731 = CARTESIAN_POINT ( 'NONE',  ( -0.1197313084508851294, 0.9810000000000003162, 0.2472862420182039278 ) ) ;
#1732 = CARTESIAN_POINT ( 'NONE',  ( -0.1279438937094599937, 0.9800000000000004263, 0.2140588837051433935 ) ) ;
#1733 = EDGE_CURVE ( 'NONE', #8845, #9473, #4327, .T. ) ;
#1734 = CARTESIAN_POINT ( 'NONE',  ( 0.3817097946182765877, -1.034353464437637760, 0.5300000000000001377 ) ) ;
#1735 = B_SPLINE_SURFACE_WITH_KNOTS ( 'NONE', 3, 1, ( 
 ( #7456, #5471 ),
 ( #11121, #8262 ),
 ( #11898, #1961 ),
 ( #3653, #11012 ) ),
 .UNSPECIFIED., .F., .F., .F.,
 ( 4, 4 ),
 ( 2, 2 ),
 ( 7.000000000000000000, 8.000000000000000000 ),
 ( 0.0000000000000000000, 1.000000000000000000 ),
 .UNSPECIFIED. ) ;
#1736 = CARTESIAN_POINT ( 'NONE',  ( -0.5999999999999994227, -1.000000000000000444, 0.0000000000000000000 ) ) ;
#1737 = SURFACE_STYLE_USAGE ( .BOTH. , #10012 ) ;
#1738 = SURFACE_SIDE_STYLE ('',( #2754 ) ) ;
#1739 = CARTESIAN_POINT ( 'NONE',  ( -0.2385925549333033358, 0.9800000000000004263, 0.2199287419381709685 ) ) ;
#1740 = FACE_OUTER_BOUND ( 'NONE', #11292, .T. ) ;
#1741 = VECTOR ( 'NONE', #9760, 1000.000000000000000 ) ;
#1742 = LINE ( 'NONE', #6457, #9602 ) ;
#1743 = VECTOR ( 'NONE', #544, 1000.000000000000114 ) ;
#1744 = ORIENTED_EDGE ( 'NONE', *, *, #3419, .T. ) ;
#1745 = LINE ( 'NONE', #6461, #1532 ) ;
#1746 = DIRECTION ( 'NONE',  ( -1.000000000000000000, 0.0000000000000000000, 0.0000000000000000000 ) ) ;
#1747 = AXIS2_PLACEMENT_3D ( 'NONE', #4329, #5118, #11497 ) ;
#1748 = COLOUR_RGB ( '',0.2235294117647058654, 0.2235294117647058654, 0.2235294117647058654 ) ;
#1749 = ORIENTED_EDGE ( 'NONE', *, *, #6151, .T. ) ;
#1750 = SURFACE_STYLE_FILL_AREA ( #1629 ) ;
#1751 = EDGE_CURVE ( 'NONE', #1959, #2577, #1604, .T. ) ;
#1752 = CARTESIAN_POINT ( 'NONE',  ( -0.2699999999999994071, -0.9799999999999995381, 0.01999999999999999695 ) ) ;
#1753 = CARTESIAN_POINT ( 'NONE',  ( -0.1643392080106935715, 0.9800000000000004263, 0.2236267145774514797 ) ) ;
#1754 = CARTESIAN_POINT ( 'NONE',  ( -0.1943822964821611265, 0.9810000000000003162, 0.2373467447659422525 ) ) ;
#1755 = VERTEX_POINT ( 'NONE', #3531 ) ;
#1756 = VERTEX_POINT ( 'NONE', #7900 ) ;
#1757 =( NAMED_UNIT ( * ) PLANE_ANGLE_UNIT ( ) SI_UNIT ( $, .RADIAN. ) );
#1758 = VECTOR ( 'NONE', #4261, 1000.000000000000114 ) ;
#1759 = CARTESIAN_POINT ( 'NONE',  ( -0.2466353585394710501, 0.9800000000000004263, 0.2140749033328748219 ) ) ;
#1760 = EDGE_LOOP ( 'NONE', ( #235, #4485, #10642, #4020 ) ) ;
#1761 = EDGE_CURVE ( 'NONE', #2677, #3466, #8553, .T. ) ;
#1762 = CARTESIAN_POINT ( 'NONE',  ( -0.07419584504895446186, 0.9800000000000004263, 0.2152979059030083742 ) ) ;
#1763 = CARTESIAN_POINT ( 'NONE',  ( 0.04106010932227360799, 0.9810000000000003162, 0.2159390019685702433 ) ) ;
#1764 = ORIENTED_EDGE ( 'NONE', *, *, #8110, .T. ) ;
#1765 = FILL_AREA_STYLE ('',( #10046 ) ) ;
#1766 = VERTEX_POINT ( 'NONE', #11556 ) ;
#1767 = FILL_AREA_STYLE_COLOUR ( '', #3585 ) ;
#1768 = CARTESIAN_POINT ( 'NONE',  ( 0.1196054746651321332, 0.9810000000000003162, 0.2530081763347153956 ) ) ;
#1769 = LINE ( 'NONE', #1053, #9169 ) ;
#1770 = ORIENTED_EDGE ( 'NONE', *, *, #6554, .T. ) ;
#1771 = CARTESIAN_POINT ( 'NONE',  ( -0.1906467391812632917, 0.9810000000000003162, 0.3062329384880760896 ) ) ;
#1772 = UNCERTAINTY_MEASURE_WITH_UNIT (LENGTH_MEASURE( 1.000000000000000082E-05 ), #8522, 'distance_accuracy_value', 'NONE');
#1773 = ORIENTED_EDGE ( 'NONE', *, *, #9880, .T. ) ;
#1774 = ORIENTED_EDGE ( 'NONE', *, *, #11367, .F. ) ;
#1775 = EDGE_CURVE ( 'NONE', #4905, #6638, #10126, .T. ) ;
#1776 = CARTESIAN_POINT ( 'NONE',  ( -0.2573962159370238312, 0.9800000000000004263, 0.2286075496288863529 ) ) ;
#1777 = VECTOR ( 'NONE', #3949, 1000.000000000000000 ) ;
#1778 = CARTESIAN_POINT ( 'NONE',  ( -0.1322717771878449411, 0.9810000000000003162, 0.2140281888109734909 ) ) ;
#1779 = SURFACE_STYLE_FILL_AREA ( #5480 ) ;
#1780 = CARTESIAN_POINT ( 'NONE',  ( 0.1471452137234624813, 0.9810000000000003162, 0.1928320125314076650 ) ) ;
#1781 = FILL_AREA_STYLE_COLOUR ( '', #11509 ) ;
#1782 =( NAMED_UNIT ( * ) SI_UNIT ( $, .STERADIAN. ) SOLID_ANGLE_UNIT ( ) );
#1783 = DIRECTION ( 'NONE',  ( -0.1317146119116249237, 0.0000000000000000000, -0.9912876782291657474 ) ) ;
#1784 = CARTESIAN_POINT ( 'NONE',  ( -0.1027234132343150808, 0.9810000000000003162, 0.3415333207181004971 ) ) ;
#1785 = CARTESIAN_POINT ( 'NONE',  ( -0.1144412211968475201, 0.9810000000000003162, 0.3040699766448613506 ) ) ;
#1786 = CARTESIAN_POINT ( 'NONE',  ( -0.2499999999999994171, -1.000000000000000444, 0.02000000000000000042 ) ) ;
#1787 = EDGE_CURVE ( 'NONE', #936, #2598, #5981, .T. ) ;
#1788 = EDGE_CURVE ( 'NONE', #9724, #8597, #6082, .T. ) ;
#1789 = ORIENTED_EDGE ( 'NONE', *, *, #7354, .F. ) ;
#1790 = CARTESIAN_POINT ( 'NONE',  ( -0.08445232285586108667, 0.9810000000000003162, 0.2356829148141501851 ) ) ;
#1791 = DIRECTION ( 'NONE',  ( 0.007092178509963212481, -0.0000000000000000000, -0.9999748501857348426 ) ) ;
#1792 = CARTESIAN_POINT ( 'NONE',  ( -0.1618681131406391194, 0.9810000000000003162, 0.3461827927239643499 ) ) ;
#1793 = CARTESIAN_POINT ( 'NONE',  ( -0.1952843293647865686, 0.9800000000000004263, 0.3022228729883505438 ) ) ;
#1794 =( NAMED_UNIT ( * ) PLANE_ANGLE_UNIT ( ) SI_UNIT ( $, .RADIAN. ) );
#1795 = FACE_OUTER_BOUND ( 'NONE', #6813, .T. ) ;
#1796 = VERTEX_POINT ( 'NONE', #3307 ) ;
#1797 = UNCERTAINTY_MEASURE_WITH_UNIT (LENGTH_MEASURE( 1.000000000000000082E-05 ), #1698, 'distance_accuracy_value', 'NONE');
#1798 = SURFACE_STYLE_FILL_AREA ( #11767 ) ;
#1800 = EDGE_CURVE ( 'NONE', #6241, #10364, #10653, .T. ) ;
#1799 = CARTESIAN_POINT ( 'NONE',  ( -0.5799999999999994049, 0.9800000000000004263, 0.01999999999999999695 ) ) ;
#1801 = VERTEX_POINT ( 'NONE', #5354 ) ;
#1802 = EDGE_LOOP ( 'NONE', ( #1936, #5843, #6026, #5692 ) ) ;
#1803 = DIRECTION ( 'NONE',  ( -0.0000000000000000000, -1.000000000000000000, -0.0000000000000000000 ) ) ;
#1804 = FILL_AREA_STYLE_COLOUR ( '', #10500 ) ;
#1805 = ADVANCED_FACE ( 'NONE', ( #2392 ), #4387, .T. ) ;
#1806 = PRESENTATION_LAYER_ASSIGNMENT (  '', '', ( #6855 ) ) ;
#1807 = DIRECTION ( 'NONE',  ( -0.9999748501857348426, -0.0000000000000000000, -0.007092178509962896761 ) ) ;
#1808 = VERTEX_POINT ( 'NONE', #7514 ) ;
#1809 =( NAMED_UNIT ( * ) SI_UNIT ( $, .STERADIAN. ) SOLID_ANGLE_UNIT ( ) );
#1810 = CARTESIAN_POINT ( 'NONE',  ( 0.1478835478460375497, 0.9800000000000004263, 0.3435851849483294029 ) ) ;
#1811 = VERTEX_POINT ( 'NONE', #8194 ) ;
#1812 = MECHANICAL_DESIGN_GEOMETRIC_PRESENTATION_REPRESENTATION (  '', ( #2217 ), #6473 ) ;
#1813 = ORIENTED_EDGE ( 'NONE', *, *, #7734, .T. ) ;
#1814 = MECHANICAL_DESIGN_GEOMETRIC_PRESENTATION_REPRESENTATION (  '', ( #7832 ), #4939 ) ;
#1815 = FILL_AREA_STYLE_COLOUR ( '', #2238 ) ;
#1816 = B_SPLINE_SURFACE_WITH_KNOTS ( 'NONE', 3, 1, ( 
 ( #9708, #2678 ),
 ( #1442, #523 ),
 ( #2984, #1885 ),
 ( #6681, #2011 ) ),
 .UNSPECIFIED., .F., .F., .F.,
 ( 4, 4 ),
 ( 2, 2 ),
 ( 9.000000000000000000, 10.00000000000000000 ),
 ( 0.0000000000000000000, 1.000000000000000000 ),
 .UNSPECIFIED. ) ;
#1817 = CARTESIAN_POINT ( 'NONE',  ( -0.1944235917151589110, 0.9810000000000003162, 0.2431692426588430156 ) ) ;
#1818 = EDGE_CURVE ( 'NONE', #1876, #5028, #8371, .T. ) ;
#1819 =( NAMED_UNIT ( * ) SI_UNIT ( $, .STERADIAN. ) SOLID_ANGLE_UNIT ( ) );
#1820 = FACE_OUTER_BOUND ( 'NONE', #9761, .T. ) ;
#1821 = CARTESIAN_POINT ( 'NONE',  ( -0.08036022082143226553, 0.9800000000000004263, 0.2249761669736695668 ) ) ;
#1822 = ORIENTED_EDGE ( 'NONE', *, *, #9480, .F. ) ;
#1823 = ORIENTED_EDGE ( 'NONE', *, *, #9858, .F. ) ;
#1824 = VECTOR ( 'NONE', #11621, 1000.000000000000000 ) ;
#1825 = CARTESIAN_POINT ( 'NONE',  ( 0.008049363051064835003, 0.9800000000000004263, 0.2319726427754881526 ) ) ;
#1826 = ORIENTED_EDGE ( 'NONE', *, *, #4456, .F. ) ;
#1827 = CARTESIAN_POINT ( 'NONE',  ( 0.1660348399979919010, 0.9810000000000003162, 0.3328687438566483858 ) ) ;
#1828 = CARTESIAN_POINT ( 'NONE',  ( 0.2499999999999993616, -0.9999999999999995559, 0.01999999999999999695 ) ) ;
#1829 = VERTEX_POINT ( 'NONE', #4747 ) ;
#1830 = VECTOR ( 'NONE', #4210, 1000.000000000000000 ) ;
#1831 = FACE_OUTER_BOUND ( 'NONE', #9729, .T. ) ;
#1832 = LINE ( 'NONE', #5365, #5987 ) ;
#1833 = FILL_AREA_STYLE_COLOUR ( '', #3389 ) ;
#1834 = MECHANICAL_DESIGN_GEOMETRIC_PRESENTATION_REPRESENTATION (  '', ( #8978 ), #3397 ) ;
#1835 = VECTOR ( 'NONE', #11711, 1000.000000000000000 ) ;
#1836 = FILL_AREA_STYLE_COLOUR ( '', #8980 ) ;
#1837 = FILL_AREA_STYLE ('',( #1906 ) ) ;
#1838 = FILL_AREA_STYLE_COLOUR ( '', #811 ) ;
#1839 = FILL_AREA_STYLE_COLOUR ( '', #1121 ) ;
#1840 = EDGE_CURVE ( 'NONE', #2020, #10363, #8434, .T. ) ;
#1841 = CARTESIAN_POINT ( 'NONE',  ( -0.2927117971955626730, 0.9810000000000003162, 0.2545336428020995578 ) ) ;
#1842 = FILL_AREA_STYLE ('',( #5618 ) ) ;
#1843 = MECHANICAL_DESIGN_GEOMETRIC_PRESENTATION_REPRESENTATION (  '', ( #1089 ), #4176 ) ;
#1844 = CARTESIAN_POINT ( 'NONE',  ( -0.09705687510639963989, 0.9810000000000003162, 0.3415735098287858151 ) ) ;
#1845 = COLOUR_RGB ( '',0.2235294117647058654, 0.2235294117647058654, 0.2235294117647058654 ) ;
#1846 = PRESENTATION_LAYER_ASSIGNMENT (  '', '', ( #1093 ) ) ;
#1847 = DIRECTION ( 'NONE',  ( -0.0000000000000000000, -1.000000000000000000, -0.0000000000000000000 ) ) ;
#1848 = CARTESIAN_POINT ( 'NONE',  ( -0.2538087766958543878, 0.9810000000000003162, 0.2542376756705261309 ) ) ;
#1849 = VERTEX_POINT ( 'NONE', #1957 ) ;
#1850 = CARTESIAN_POINT ( 'NONE',  ( 0.1660348399979919010, 0.9800000000000004263, 0.3328687438566483858 ) ) ;
#1851 = FILL_AREA_STYLE ('',( #2824 ) ) ;
#1852 = FACE_OUTER_BOUND ( 'NONE', #6060, .T. ) ;
#1853 = CARTESIAN_POINT ( 'NONE',  ( -0.1907102522281630685, 0.9800000000000004263, 0.3353464418983808093 ) ) ;
#1854 =( NAMED_UNIT ( * ) PLANE_ANGLE_UNIT ( ) SI_UNIT ( $, .RADIAN. ) );
#1855 = STYLED_ITEM ( 'NONE', ( #6275 ), #1498 ) ;
#1856 = UNCERTAINTY_MEASURE_WITH_UNIT (LENGTH_MEASURE( 1.000000000000000082E-05 ), #2972, 'distance_accuracy_value', 'NONE');
#1857 =( LENGTH_UNIT ( ) NAMED_UNIT ( * ) SI_UNIT ( .MILLI., .METRE. ) );
#1858 = CARTESIAN_POINT ( 'NONE',  ( 0.2699999999999994071, -1.000000000000000444, 0.01999999999999999695 ) ) ;
#1859 = EDGE_CURVE ( 'NONE', #5758, #2973, #9549, .T. ) ;
#1860 = ORIENTED_EDGE ( 'NONE', *, *, #8348, .F. ) ;
#1861 = DIRECTION ( 'NONE',  ( -0.0000000000000000000, -1.000000000000000000, -0.0000000000000000000 ) ) ;
#1862 = CARTESIAN_POINT ( 'NONE',  ( 0.2251137447504691913, 0.9800000000000004263, 0.2602635680116929251 ) ) ;
#1863 = STYLED_ITEM ( 'NONE', ( #7632 ), #7158 ) ;
#1864 = FACE_OUTER_BOUND ( 'NONE', #10672, .T. ) ;
#1865 = ORIENTED_EDGE ( 'NONE', *, *, #9966, .T. ) ;
#1866 = VERTEX_POINT ( 'NONE', #9139 ) ;
#1867 = UNCERTAINTY_MEASURE_WITH_UNIT (LENGTH_MEASURE( 1.000000000000000082E-05 ), #5961, 'distance_accuracy_value', 'NONE');
#1868 = PRESENTATION_STYLE_ASSIGNMENT (( #10155 ) ) ;
#1869 = EDGE_CURVE ( 'NONE', #6608, #5074, #4677, .T. ) ;
#1870 = CARTESIAN_POINT ( 'NONE',  ( 0.07279154650397577642, 0.9810000000000003162, 0.2273707295474767243 ) ) ;
#1871 = PLANE ( 'NONE',  #2443 ) ;
#1872 = FACE_OUTER_BOUND ( 'NONE', #11859, .T. ) ;
#1873 = COLOUR_RGB ( '',0.2235294117647058654, 0.2235294117647058654, 0.2235294117647058654 ) ;
#1874 = LINE ( 'NONE', #3812, #1956 ) ;
#1875 = EDGE_CURVE ( 'NONE', #5649, #4736, #6835, .T. ) ;
#1876 = VERTEX_POINT ( 'NONE', #7338 ) ;
#1877 = VECTOR ( 'NONE', #4036, 1000.000000000000000 ) ;
#1878 =( NAMED_UNIT ( * ) SI_UNIT ( $, .STERADIAN. ) SOLID_ANGLE_UNIT ( ) );
#1879 = CARTESIAN_POINT ( 'NONE',  ( -0.1096997404403955850, 0.9800000000000004263, 0.2476173354953388750 ) ) ;
#1880 = EDGE_LOOP ( 'NONE', ( #10333, #5901, #9090, #7155 ) ) ;
#1881 = EDGE_CURVE ( 'NONE', #10775, #1242, #9312, .T. ) ;
#1882 = B_SPLINE_CURVE_WITH_KNOTS ( 'NONE', 3,
 ( #302, #3103, #3035, #5881 ),
 .UNSPECIFIED., .F., .F.,
 ( 4, 4 ),
 ( 2.000000000000000000, 3.000000000000000000 ),
 .UNSPECIFIED. ) ;
#1883 = PRESENTATION_LAYER_ASSIGNMENT (  '', '', ( #4026 ) ) ;
#1884 = ORIENTED_EDGE ( 'NONE', *, *, #7575, .T. ) ;
#1885 = CARTESIAN_POINT ( 'NONE',  ( 0.1630506780863280325, 0.9800000000000004263, 0.1929448197610338367 ) ) ;
#1886 = CARTESIAN_POINT ( 'NONE',  ( -0.08407883266472754302, 0.9800000000000004263, 0.2489947997936305668 ) ) ;
#1887 = PLANE ( 'NONE',  #5523 ) ;
#1888 = CARTESIAN_POINT ( 'NONE',  ( 0.2101081641215258311, 0.9810000000000003162, 0.2352132453259013212 ) ) ;
#1889 = CARTESIAN_POINT ( 'NONE',  ( -0.3145688328394649069, 0.9810000000000003162, 0.2135930948889443459 ) ) ;
#1890 = ORIENTED_EDGE ( 'NONE', *, *, #11883, .T. ) ;
#1891 = ORIENTED_EDGE ( 'NONE', *, *, #975, .F. ) ;
#1892 = VECTOR ( 'NONE', #382, 1000.000000000000000 ) ;
#1893 = STYLED_ITEM ( 'NONE', ( #3402 ), #4095 ) ;
#1894 =( GEOMETRIC_REPRESENTATION_CONTEXT ( 3 ) GLOBAL_UNCERTAINTY_ASSIGNED_CONTEXT ( ( #5660 ) ) GLOBAL_UNIT_ASSIGNED_CONTEXT ( ( #799, #1757, #7317 ) ) REPRESENTATION_CONTEXT ( 'NONE', 'WORKASPACE' ) );
#1895 = DIRECTION ( 'NONE',  ( -0.007092178509962320833, -0.0000000000000000000, 0.9999748501857348426 ) ) ;
#1896 = PRESENTATION_STYLE_ASSIGNMENT (( #11790 ) ) ;
#1897 = ORIENTED_EDGE ( 'NONE', *, *, #105, .T. ) ;
#1898 = MECHANICAL_DESIGN_GEOMETRIC_PRESENTATION_REPRESENTATION (  '', ( #366 ), #5129 ) ;
#1899 = EDGE_CURVE ( 'NONE', #6207, #8791, #2763, .T. ) ;
#1900 = ORIENTED_EDGE ( 'NONE', *, *, #9381, .F. ) ;
#1902 = VECTOR ( 'NONE', #7280, 1000.000000000000114 ) ;
#1901 = SURFACE_STYLE_USAGE ( .BOTH. , #7525 ) ;
#1903 = LINE ( 'NONE', #3595, #8681 ) ;
#1904 = DIRECTION ( 'NONE',  ( 0.9999748501857348426, -0.0000000000000000000, 0.007092178509964535207 ) ) ;
#1905 = LINE ( 'NONE', #5611, #3965 ) ;
#1906 = FILL_AREA_STYLE_COLOUR ( '', #1273 ) ;
#1907 = AXIS2_PLACEMENT_3D ( 'NONE', #1501, #10781, #2524 ) ;
#1908 =( LENGTH_UNIT ( ) NAMED_UNIT ( * ) SI_UNIT ( .MILLI., .METRE. ) );
#1909 = CARTESIAN_POINT ( 'NONE',  ( -0.08854543622480952336, 0.9800000000000004263, 0.2300390510330524718 ) ) ;
#1910 = STYLED_ITEM ( 'NONE', ( #5745 ), #2391 ) ;
#1911 = DIRECTION ( 'NONE',  ( -0.0000000000000000000, -1.000000000000000000, -0.0000000000000000000 ) ) ;
#1912 = PRESENTATION_STYLE_ASSIGNMENT (( #9216 ) ) ;
#1913 =( LENGTH_UNIT ( ) NAMED_UNIT ( * ) SI_UNIT ( .MILLI., .METRE. ) );
#1914 = STYLED_ITEM ( 'NONE', ( #7191 ), #6009 ) ;
#1915 = COLOUR_RGB ( '',0.2235294117647058654, 0.2235294117647058654, 0.2235294117647058654 ) ;
#1916 = CARTESIAN_POINT ( 'NONE',  ( -0.08397118691812412161, 0.9800000000000004263, 0.3401066420994613426 ) ) ;
#1917 = EDGE_CURVE ( 'NONE', #696, #4124, #1769, .T. ) ;
#1918 = CARTESIAN_POINT ( 'NONE',  ( -0.2573962159370238312, 0.9810000000000003162, 0.2286075496288863529 ) ) ;
#1919 = STYLED_ITEM ( 'NONE', ( #472 ), #5060 ) ;
#1920 = ORIENTED_EDGE ( 'NONE', *, *, #6838, .T. ) ;
#1921 = CARTESIAN_POINT ( 'NONE',  ( -0.2831783384289687788, 0.9810000000000003162, 0.2334676463382734657 ) ) ;
#1922 = CARTESIAN_POINT ( 'NONE',  ( -0.08403495647966546800, 0.9800000000000004263, 0.2428083957821410011 ) ) ;
#1923 = SURFACE_SIDE_STYLE ('',( #8220 ) ) ;
#1924 = B_SPLINE_CURVE_WITH_KNOTS ( 'NONE', 3,
 ( #4470, #3787, #11858, #7470 ),
 .UNSPECIFIED., .F., .F.,
 ( 4, 4 ),
 ( 17.00000000000000000, 18.00000000000000000 ),
 .UNSPECIFIED. ) ;
#1925 = CARTESIAN_POINT ( 'NONE',  ( -0.2394708957524849247, 0.9810000000000003162, 0.2649711571210510153 ) ) ;
#1926 = VECTOR ( 'NONE', #2291, 1000.000000000000000 ) ;
#1927 = CARTESIAN_POINT ( 'NONE',  ( 0.01684555845657268944, 0.9810000000000003162, 0.2660165733965533796 ) ) ;
#1928 = ORIENTED_EDGE ( 'NONE', *, *, #4409, .F. ) ;
#1929 = DIRECTION ( 'NONE',  ( 0.9370112956751693867, 0.0000000000000000000, -0.3492990577959527165 ) ) ;
#1930 = UNCERTAINTY_MEASURE_WITH_UNIT (LENGTH_MEASURE( 1.000000000000000082E-05 ), #8532, 'distance_accuracy_value', 'NONE');
#1931 = CARTESIAN_POINT ( 'NONE',  ( -0.1512356340308023683, 0.9800000000000004263, 0.1976470643281151851 ) ) ;
#1932 = B_SPLINE_SURFACE_WITH_KNOTS ( 'NONE', 3, 1, ( 
 ( #5282, #11231 ),
 ( #4731, #912 ),
 ( #10994, #5514 ),
 ( #3749, #10039 ) ),
 .UNSPECIFIED., .F., .F., .F.,
 ( 4, 4 ),
 ( 2, 2 ),
 ( 2.000000000000000000, 3.000000000000000000 ),
 ( 0.0000000000000000000, 1.000000000000000000 ),
 .UNSPECIFIED. ) ;
#1933 = CARTESIAN_POINT ( 'NONE',  ( -0.1484167451370287383, 0.9800000000000004263, 0.2033598746594020568 ) ) ;
#1934 = CARTESIAN_POINT ( 'NONE',  ( 0.1107144256405065141, 0.9810000000000003162, 0.2323392796703987462 ) ) ;
#1935 = ORIENTED_EDGE ( 'NONE', *, *, #5082, .F. ) ;
#1936 = ORIENTED_EDGE ( 'NONE', *, *, #757, .T. ) ;
#1937 = CARTESIAN_POINT ( 'NONE',  ( -0.1361614634804074742, 0.9810000000000003162, 0.2255162103063040047 ) ) ;
#1938 = B_SPLINE_CURVE_WITH_KNOTS ( 'NONE', 3,
 ( #9326, #9519, #6773, #11329 ),
 .UNSPECIFIED., .F., .F.,
 ( 4, 4 ),
 ( 2.000000000000000000, 3.000000000000000000 ),
 .UNSPECIFIED. ) ;
#1939 = EDGE_CURVE ( 'NONE', #5758, #1054, #2929, .T. ) ;
#1940 = PRESENTATION_LAYER_ASSIGNMENT (  '', '', ( #6972 ) ) ;
#1941 = SURFACE_STYLE_FILL_AREA ( #10224 ) ;
#1942 = CARTESIAN_POINT ( 'NONE',  ( -0.1027004626466781617, 0.9810000000000003162, 0.3474602526721866647 ) ) ;
#1943 = ORIENTED_EDGE ( 'NONE', *, *, #8016, .F. ) ;
#1944 = B_SPLINE_CURVE_WITH_KNOTS ( 'NONE', 3,
 ( #4900, #9655, #9591, #2115 ),
 .UNSPECIFIED., .F., .F.,
 ( 4, 4 ),
 ( 27.00000000000000000, 28.00000000000000000 ),
 .UNSPECIFIED. ) ;
#1945 = B_SPLINE_CURVE_WITH_KNOTS ( 'NONE', 3,
 ( #9067, #1584, #11769, #1693 ),
 .UNSPECIFIED., .F., .F.,
 ( 4, 4 ),
 ( 9.000000000000000000, 10.00000000000000000 ),
 .UNSPECIFIED. ) ;
#1946 = LINE ( 'NONE', #9494, #1892 ) ;
#1947 = ORIENTED_EDGE ( 'NONE', *, *, #2425, .T. ) ;
#1948 = AXIS2_PLACEMENT_3D ( 'NONE', #6439, #2859, #8433 ) ;
#1949 = VERTEX_POINT ( 'NONE', #999 ) ;
#1950 = EDGE_CURVE ( 'NONE', #6997, #3951, #11893, .T. ) ;
#1951 = EDGE_CURVE ( 'NONE', #8079, #5758, #2738, .T. ) ;
#1952 = SURFACE_STYLE_USAGE ( .BOTH. , #6495 ) ;
#1953 = PRESENTATION_STYLE_ASSIGNMENT (( #10049 ) ) ;
#1954 = CARTESIAN_POINT ( 'NONE',  ( -0.1880171699530121254, 0.9810000000000003162, 0.2653360853072996850 ) ) ;
#1955 = DIRECTION ( 'NONE',  ( 0.0000000000000000000, 0.0000000000000000000, -1.000000000000000000 ) ) ;
#1956 = VECTOR ( 'NONE', #7496, 1000.000000000000000 ) ;
#1957 = CARTESIAN_POINT ( 'NONE',  ( -0.3073167037677345115, 0.9810000000000003162, 0.2136445295764712038 ) ) ;
#1958 = ORIENTED_EDGE ( 'NONE', *, *, #3296, .F. ) ;
#1959 = VERTEX_POINT ( 'NONE', #8319 ) ;
#1960 = DIRECTION ( 'NONE',  ( -0.0000000000000000000, -1.000000000000000000, -0.0000000000000000000 ) ) ;
#1961 = CARTESIAN_POINT ( 'NONE',  ( -0.1252043722825700867, 0.9800000000000004263, 0.2511206207447981842 ) ) ;
#1962 = VERTEX_POINT ( 'NONE', #1715 ) ;
#1963 = CARTESIAN_POINT ( 'NONE',  ( -0.1496370464395735400, 0.9810000000000003162, 0.1976584020818183962 ) ) ;
#1964 = SURFACE_SIDE_STYLE ('',( #11256 ) ) ;
#1965 = VERTEX_POINT ( 'NONE', #1821 ) ;
#1966 = COLOUR_RGB ( '',0.2235294117647058654, 0.2235294117647058654, 0.2235294117647058654 ) ;
#1967 = CARTESIAN_POINT ( 'NONE',  ( -0.1059407673163522551, 0.9800000000000004263, 0.2948761867036693296 ) ) ;
#1968 = SURFACE_SIDE_STYLE ('',( #9514 ) ) ;
#1969 = CARTESIAN_POINT ( 'NONE',  ( -0.2288457337151711679, 0.9800000000000004263, 0.3392091131190770881 ) ) ;
#1970 = CARTESIAN_POINT ( 'NONE',  ( -0.2179596082558399595, 0.9810000000000003162, 0.3088466428534814567 ) ) ;
#1971 = CARTESIAN_POINT ( 'NONE',  ( -0.2592377770877224430, 0.9810000000000003162, 0.2335334629366963288 ) ) ;
#1972 = CARTESIAN_POINT ( 'NONE',  ( -0.2532414347988080627, 0.9800000000000004263, 0.2163935594339158885 ) ) ;
#1973 = CARTESIAN_POINT ( 'NONE',  ( -0.1003002224825731981, 0.9800000000000004263, 0.2949161914606361345 ) ) ;
#1974 = ADVANCED_FACE ( 'NONE', ( #2860 ), #3559, .T. ) ;
#1975 = CARTESIAN_POINT ( 'NONE',  ( 0.04307265205478566505, 0.9810000000000003162, 0.2380051290754030546 ) ) ;
#1976 = CARTESIAN_POINT ( 'NONE',  ( -0.1426696490753340540, 0.9800000000000004263, 0.2213629048678036060 ) ) ;
#1977 = FILL_AREA_STYLE_COLOUR ( '', #8956 ) ;
#1978 = CARTESIAN_POINT ( 'NONE',  ( -0.2391311463533324078, 0.9810000000000003162, 0.3086964867495653464 ) ) ;
#1979 = PRESENTATION_STYLE_ASSIGNMENT (( #9331 ) ) ;
#1980 = PLANE ( 'NONE',  #11679 ) ;
#1981 = ORIENTED_EDGE ( 'NONE', *, *, #7725, .T. ) ;
#1982 = SURFACE_SIDE_STYLE ('',( #9335 ) ) ;
#1983 = DIRECTION ( 'NONE',  ( -0.0000000000000000000, -1.000000000000000000, -0.0000000000000000000 ) ) ;
#1984 = LINE ( 'NONE', #5677, #4243 ) ;
#1985 = VECTOR ( 'NONE', #585, 1000.000000000000000 ) ;
#1986 = CARTESIAN_POINT ( 'NONE',  ( -0.1821273962964968796, 0.9810000000000003162, 0.3401903212825928002 ) ) ;
#1987 = ORIENTED_EDGE ( 'NONE', *, *, #8153, .F. ) ;
#1988 = CARTESIAN_POINT ( 'NONE',  ( -0.1248615691533271205, 0.9810000000000003162, 0.2192796649843538337 ) ) ;
#1989 =( LENGTH_UNIT ( ) NAMED_UNIT ( * ) SI_UNIT ( .MILLI., .METRE. ) );
#1990 = EDGE_CURVE ( 'NONE', #6051, #2252, #8671, .T. ) ;
#1991 = CARTESIAN_POINT ( 'NONE',  ( 0.04484162001813838533, 0.9810000000000003162, 0.2944125876853339041 ) ) ;
#1992 = ORIENTED_EDGE ( 'NONE', *, *, #5716, .F. ) ;
#1993 = CARTESIAN_POINT ( 'NONE',  ( -0.2955644245606628973, 0.9810000000000003162, 0.2645733217960050676 ) ) ;
#1994 = FILL_AREA_STYLE ('',( #8295 ) ) ;
#1995 = ORIENTED_EDGE ( 'NONE', *, *, #6731, .T. ) ;
#1996 = EDGE_LOOP ( 'NONE', ( #4188, #8138, #3113, #6656, #1292, #2236 ) ) ;
#1997 = UNCERTAINTY_MEASURE_WITH_UNIT (LENGTH_MEASURE( 1.000000000000000082E-05 ), #13, 'distance_accuracy_value', 'NONE');
#1998 = CARTESIAN_POINT ( 'NONE',  ( -0.08827812681370542092, 0.9810000000000003162, 0.2143402074799433954 ) ) ;
#1999 = DIRECTION ( 'NONE',  ( -0.0000000000000000000, -1.000000000000000000, -0.0000000000000000000 ) ) ;
#2000 = CARTESIAN_POINT ( 'NONE',  ( 0.06238787541147082505, 0.9810000000000003162, 0.2160902660971583122 ) ) ;
#2001 = CARTESIAN_POINT ( 'NONE',  ( -0.2385904339955742248, 0.9810000000000003162, 0.2141319608088242676 ) ) ;
#2002 = FILL_AREA_STYLE ('',( #10342 ) ) ;
#2003 = ORIENTED_EDGE ( 'NONE', *, *, #6908, .T. ) ;
#2004 = FILL_AREA_STYLE_COLOUR ( '', #3876 ) ;
#2005 = EDGE_CURVE ( 'NONE', #10464, #2992, #1042, .T. ) ;
#2006 = DIRECTION ( 'NONE',  ( -0.0000000000000000000, -1.000000000000000000, -0.0000000000000000000 ) ) ;
#2007 = ORIENTED_EDGE ( 'NONE', *, *, #3152, .F. ) ;
#2008 =( NAMED_UNIT ( * ) SI_UNIT ( $, .STERADIAN. ) SOLID_ANGLE_UNIT ( ) );
#2009 = UNCERTAINTY_MEASURE_WITH_UNIT (LENGTH_MEASURE( 1.000000000000000082E-05 ), #6684, 'distance_accuracy_value', 'NONE');
#2010 = ORIENTED_EDGE ( 'NONE', *, *, #7725, .F. ) ;
#2011 = CARTESIAN_POINT ( 'NONE',  ( 0.1471452137234624813, 0.9800000000000004263, 0.1928320125314076650 ) ) ;
#2012 = LINE ( 'NONE', #4872, #8960 ) ;
#2013 = COLOUR_RGB ( '',0.2235294117647058654, 0.2235294117647058654, 0.2235294117647058654 ) ;
#2014 = CARTESIAN_POINT ( 'NONE',  ( -0.1494660812824138152, 0.9810000000000003162, 0.3183265555675406366 ) ) ;
#2015 =( NAMED_UNIT ( * ) PLANE_ANGLE_UNIT ( ) SI_UNIT ( $, .RADIAN. ) );
#2016 = ORIENTED_EDGE ( 'NONE', *, *, #7987, .T. ) ;
#2017 = ORIENTED_EDGE ( 'NONE', *, *, #5094, .T. ) ;
#2018 = ADVANCED_FACE ( 'NONE', ( #5850 ), #6859, .F. ) ;
#2019 = CARTESIAN_POINT ( 'NONE',  ( -0.2284319607863218027, 0.9800000000000004263, 0.3376783662459988955 ) ) ;
#2020 = VERTEX_POINT ( 'NONE', #2204 ) ;
#2021 = CARTESIAN_POINT ( 'NONE',  ( -0.1012904573062684277, 0.9810000000000003162, 0.3007579537369385325 ) ) ;
#2022 = VECTOR ( 'NONE', #8251, 1000.000000000000000 ) ;
#2023 = SURFACE_STYLE_USAGE ( .BOTH. , #1964 ) ;
#2024 = ORIENTED_EDGE ( 'NONE', *, *, #3553, .F. ) ;
#2025 = CARTESIAN_POINT ( 'NONE',  ( 0.02988217082207585834, 0.9800000000000004263, 0.3138278063142558860 ) ) ;
#2026 = CARTESIAN_POINT ( 'NONE',  ( -0.1248929121863773528, 0.9800000000000004263, 0.2420247191473610393 ) ) ;
#2027 = EDGE_CURVE ( 'NONE', #4922, #4805, #9978, .T. ) ;
#2028 = LINE ( 'NONE', #4652, #6483 ) ;
#2029 =( NAMED_UNIT ( * ) SI_UNIT ( $, .STERADIAN. ) SOLID_ANGLE_UNIT ( ) );
#2030 = PRESENTATION_LAYER_ASSIGNMENT (  '', '', ( #2611 ) ) ;
#2031 =( NAMED_UNIT ( * ) SI_UNIT ( $, .STERADIAN. ) SOLID_ANGLE_UNIT ( ) );
#2032 = DIRECTION ( 'NONE',  ( -0.9999748501857348426, -0.0000000000000000000, -0.007092178509963911574 ) ) ;
#2033 = VECTOR ( 'NONE', #9793, 1000.000000000000114 ) ;
#2034 = B_SPLINE_SURFACE_WITH_KNOTS ( 'NONE', 3, 1, ( 
 ( #4164, #5313 ),
 ( #8106, #7009 ),
 ( #2588, #4344 ),
 ( #3373, #9049 ) ),
 .UNSPECIFIED., .F., .F., .F.,
 ( 4, 4 ),
 ( 2, 2 ),
 ( 16.00000000000000000, 17.00000000000000000 ),
 ( 0.0000000000000000000, 1.000000000000000000 ),
 .UNSPECIFIED. ) ;
#2035 = VECTOR ( 'NONE', #9206, 1000.000000000000000 ) ;
#2036 = PLANE ( 'NONE',  #3671 ) ;
#2037 = DIRECTION ( 'NONE',  ( 1.000000000000000000, 0.0000000000000000000, 0.0000000000000000000 ) ) ;
#2038 =( LENGTH_UNIT ( ) NAMED_UNIT ( * ) SI_UNIT ( .MILLI., .METRE. ) );
#2039 = DIRECTION ( 'NONE',  ( 0.0000000000000000000, -1.000000000000000000, 0.0000000000000000000 ) ) ;
#2040 = CARTESIAN_POINT ( 'NONE',  ( -0.09514941069187050904, 0.9810000000000003162, 0.3475138074274803368 ) ) ;
#2041 = STYLED_ITEM ( 'NONE', ( #9643 ), #1714 ) ;
#2042 = CARTESIAN_POINT ( 'NONE',  ( -0.1361515083795944714, 0.9810000000000003162, 0.2241125724212622294 ) ) ;
#2043 = CARTESIAN_POINT ( 'NONE',  ( 0.1107144256405065141, 0.9810000000000003162, 0.2323392796703987462 ) ) ;
#2044 = EDGE_CURVE ( 'NONE', #3746, #8410, #2351, .T. ) ;
#2045 = STYLED_ITEM ( 'NONE', ( #339 ), #10408 ) ;
#2046 = ORIENTED_EDGE ( 'NONE', *, *, #933, .T. ) ;
#2047 = CARTESIAN_POINT ( 'NONE',  ( 0.1417074885652207239, 0.9810000000000003162, 0.3478794537793541419 ) ) ;
#2048 = LINE ( 'NONE', #11338, #7311 ) ;
#2049 =( NAMED_UNIT ( * ) PLANE_ANGLE_UNIT ( ) SI_UNIT ( $, .RADIAN. ) );
#2050 = B_SPLINE_CURVE_WITH_KNOTS ( 'NONE', 3,
 ( #7098, #1539, #4370, #5343 ),
 .UNSPECIFIED., .F., .F.,
 ( 4, 4 ),
 ( 8.000000000000000000, 9.000000000000000000 ),
 .UNSPECIFIED. ) ;
#2051 = VERTEX_POINT ( 'NONE', #8546 ) ;
#2052 = DIRECTION ( 'NONE',  ( 0.9919892169122311865, 0.0000000000000000000, -0.1263225772768200028 ) ) ;
#2053 = LINE ( 'NONE', #5683, #5236 ) ;
#2054 = LINE ( 'NONE', #11447, #1926 ) ;
#2055 = PRESENTATION_LAYER_ASSIGNMENT (  '', '', ( #1089 ) ) ;
#2056 = VERTEX_POINT ( 'NONE', #11310 ) ;
#2057 = VECTOR ( 'NONE', #9502, 1000.000000000000000 ) ;
#2058 = CARTESIAN_POINT ( 'NONE',  ( -0.1029712521515706164, 0.9810000000000003162, 0.2207086544064105205 ) ) ;
#2059 = STYLED_ITEM ( 'NONE', ( #159 ), #641 ) ;
#2060 = FACE_OUTER_BOUND ( 'NONE', #9923, .T. ) ;
#2061 = VERTEX_POINT ( 'NONE', #3053 ) ;
#2062 = ADVANCED_FACE ( 'NONE', ( #6753 ), #7426, .F. ) ;
#2063 = VERTEX_POINT ( 'NONE', #2380 ) ;
#2064 = COLOUR_RGB ( '',0.2235294117647058654, 0.2235294117647058654, 0.2235294117647058654 ) ;
#2065 = FILL_AREA_STYLE_COLOUR ( '', #5388 ) ;
#2066 = CARTESIAN_POINT ( 'NONE',  ( -0.1626110226560525951, 0.9800000000000004263, 0.2236909606880192469 ) ) ;
#2067 = PLANE ( 'NONE',  #404 ) ;
#2068 =( NAMED_UNIT ( * ) PLANE_ANGLE_UNIT ( ) SI_UNIT ( $, .RADIAN. ) );
#2069 = CARTESIAN_POINT ( 'NONE',  ( -0.1361515083795944714, 0.9810000000000003162, 0.2241125724212622294 ) ) ;
#2070 = ORIENTED_EDGE ( 'NONE', *, *, #11093, .T. ) ;
#2071 = SURFACE_STYLE_USAGE ( .BOTH. , #7570 ) ;
#2072 = FILL_AREA_STYLE ('',( #7442 ) ) ;
#2073 = ORIENTED_EDGE ( 'NONE', *, *, #10991, .F. ) ;
#2074 = DIRECTION ( 'NONE',  ( -0.9999748501857348426, 0.0000000000000000000, -0.007092178509964201273 ) ) ;
#2075 = EDGE_CURVE ( 'NONE', #3716, #11517, #2050, .T. ) ;
#2076 = ORIENTED_EDGE ( 'NONE', *, *, #3068, .F. ) ;
#2077 = CARTESIAN_POINT ( 'NONE',  ( -0.1094687452308125419, 0.9810000000000003162, 0.2150477379066758343 ) ) ;
#2078 = FACE_OUTER_BOUND ( 'NONE', #539, .T. ) ;
#2079 = VECTOR ( 'NONE', #2589, 1000.000000000000114 ) ;
#2080 = B_SPLINE_CURVE_WITH_KNOTS ( 'NONE', 3,
 ( #4324, #3417, #7109, #10766 ),
 .UNSPECIFIED., .F., .F.,
 ( 4, 4 ),
 ( 3.000000000000000000, 4.000000000000000000 ),
 .UNSPECIFIED. ) ;
#2081 = EDGE_CURVE ( 'NONE', #10574, #7039, #11714, .T. ) ;
#2082 = CARTESIAN_POINT ( 'NONE',  ( -0.1070772900068362871, 0.9810000000000003162, 0.3415024414702119704 ) ) ;
#2083 = CARTESIAN_POINT ( 'NONE',  ( -0.1188938987987478435, 0.9800000000000004263, 0.2373362487876347904 ) ) ;
#2084 = CARTESIAN_POINT ( 'NONE',  ( 0.009323531269685852996, 0.9810000000000003162, 0.3071748939432588643 ) ) ;
#2085 = ORIENTED_EDGE ( 'NONE', *, *, #11335, .T. ) ;
#2086 = EDGE_LOOP ( 'NONE', ( #7757, #5964, #9836, #6926 ) ) ;
#2087 = ORIENTED_EDGE ( 'NONE', *, *, #8613, .F. ) ;
#2088 = CARTESIAN_POINT ( 'NONE',  ( 0.07279154650397577642, 0.9810000000000003162, 0.2273707295474767243 ) ) ;
#2089 = MECHANICAL_DESIGN_GEOMETRIC_PRESENTATION_REPRESENTATION (  '', ( #3813 ), #9026 ) ;
#2090 = CARTESIAN_POINT ( 'NONE',  ( -0.2501071236542328213, 0.9800000000000004263, 0.2216147094205622448 ) ) ;
#2091 = VERTEX_POINT ( 'NONE', #4262 ) ;
#2092 = DIRECTION ( 'NONE',  ( -1.000000000000000000, 0.0000000000000000000, 0.0000000000000000000 ) ) ;
#2093 = FACE_OUTER_BOUND ( 'NONE', #8402, .T. ) ;
#2094 = DIRECTION ( 'NONE',  ( -0.0000000000000000000, -1.000000000000000000, -0.0000000000000000000 ) ) ;
#2095 = EDGE_CURVE ( 'NONE', #6615, #11160, #6068, .T. ) ;
#2096 = DIRECTION ( 'NONE',  ( 0.007092178509962561092, 0.0000000000000000000, -0.9999748501857348426 ) ) ;
#2097 = PRESENTATION_LAYER_ASSIGNMENT (  '', '', ( #6929 ) ) ;
#2098 = CARTESIAN_POINT ( 'NONE',  ( 0.1467067903565250908, 0.9810000000000003162, 0.3056187417824263175 ) ) ;
#2099 = PRESENTATION_LAYER_ASSIGNMENT (  '', '', ( #8099 ) ) ;
#2100 = SURFACE_STYLE_FILL_AREA ( #5733 ) ;
#2101 = FACE_BOUND ( 'NONE', #2706, .T. ) ;
#2102 = CARTESIAN_POINT ( 'NONE',  ( -0.1426932463513330973, 0.9800000000000004263, 0.2246900465209392683 ) ) ;
#2103 = DIRECTION ( 'NONE',  ( 0.0000000000000000000, 1.000000000000000000, 0.0000000000000000000 ) ) ;
#2104 = CARTESIAN_POINT ( 'NONE',  ( -0.08524098574380838123, 0.9800000000000004263, 0.3322212719277862769 ) ) ;
#2105 = B_SPLINE_CURVE_WITH_KNOTS ( 'NONE', 3,
 ( #1212, #6942, #11444, #1390 ),
 .UNSPECIFIED., .F., .F.,
 ( 4, 4 ),
 ( 8.000000000000000000, 9.000000000000000000 ),
 .UNSPECIFIED. ) ;
#2106 = EDGE_CURVE ( 'NONE', #6137, #401, #10694, .T. ) ;
#2107 = COLOUR_RGB ( '',0.2235294117647058654, 0.2235294117647058654, 0.2235294117647058654 ) ;
#2108 = VECTOR ( 'NONE', #6530, 1000.000000000000000 ) ;
#2109 = PLANE ( 'NONE',  #4212 ) ;
#2110 = VECTOR ( 'NONE', #5146, 1000.000000000000000 ) ;
#2111 = DIRECTION ( 'NONE',  ( 0.0000000000000000000, 0.0000000000000000000, 1.000000000000000000 ) ) ;
#2112 = CARTESIAN_POINT ( 'NONE',  ( -0.1496107774851713479, 0.9810000000000003162, 0.2031174547407738062 ) ) ;
#2113 = DIRECTION ( 'NONE',  ( -0.0000000000000000000, -1.000000000000000000, -0.0000000000000000000 ) ) ;
#2114 = CARTESIAN_POINT ( 'NONE',  ( -0.09705687510639963989, 0.9800000000000004263, 0.3415735098287858151 ) ) ;
#2115 = CARTESIAN_POINT ( 'NONE',  ( 0.07279154650397577642, 0.9810000000000003162, 0.2273707295474767243 ) ) ;
#2116 = AXIS2_PLACEMENT_3D ( 'NONE', #8463, #8285, #966 ) ;
#2117 = ORIENTED_EDGE ( 'NONE', *, *, #8383, .T. ) ;
#2118 = ADVANCED_FACE ( 'NONE', ( #8002 ), #9913, .F. ) ;
#2119 =( NAMED_UNIT ( * ) PLANE_ANGLE_UNIT ( ) SI_UNIT ( $, .RADIAN. ) );
#2120 = CARTESIAN_POINT ( 'NONE',  ( -0.1611535511646564611, 0.9810000000000003162, 0.2014499185688049254 ) ) ;
#2121 = SURFACE_SIDE_STYLE ('',( #11342 ) ) ;
#2122 = STYLED_ITEM ( 'NONE', ( #5890 ), #5821 ) ;
#2123 = CARTESIAN_POINT ( 'NONE',  ( -0.1901429103307739343, 0.9810000000000003162, 0.2975023256621182055 ) ) ;
#2124 = ORIENTED_EDGE ( 'NONE', *, *, #1701, .T. ) ;
#2125 = CARTESIAN_POINT ( 'NONE',  ( -0.2391311463533324078, 0.9800000000000004263, 0.3086964867495653464 ) ) ;
#2126 = VECTOR ( 'NONE', #8257, 1000.000000000000000 ) ;
#2127 = ORIENTED_EDGE ( 'NONE', *, *, #8119, .T. ) ;
#2128 = ORIENTED_EDGE ( 'NONE', *, *, #9983, .F. ) ;
#2129 = UNCERTAINTY_MEASURE_WITH_UNIT (LENGTH_MEASURE( 1.000000000000000082E-05 ), #10554, 'distance_accuracy_value', 'NONE');
#2130 = PRESENTATION_LAYER_ASSIGNMENT (  '', '', ( #10979 ) ) ;
#2131 = DIRECTION ( 'NONE',  ( -0.0000000000000000000, -1.000000000000000000, -0.0000000000000000000 ) ) ;
#2132 = PLANE ( 'NONE',  #7309 ) ;
#2133 = VECTOR ( 'NONE', #468, 1000.000000000000000 ) ;
#2134 = CARTESIAN_POINT ( 'NONE',  ( 0.07283256726140327486, 0.9810000000000003162, 0.2215869318461886062 ) ) ;
#2135 = B_SPLINE_CURVE_WITH_KNOTS ( 'NONE', 3,
 ( #10746, #11468, #2485, #552 ),
 .UNSPECIFIED., .F., .F.,
 ( 4, 4 ),
 ( 15.00000000000000000, 16.00000000000000000 ),
 .UNSPECIFIED. ) ;
#2136 = PRESENTATION_LAYER_ASSIGNMENT (  '', '', ( #5610 ) ) ;
#2137 =( LENGTH_UNIT ( ) NAMED_UNIT ( * ) SI_UNIT ( .MILLI., .METRE. ) );
#2138 = FILL_AREA_STYLE ('',( #11232 ) ) ;
#2139 = EDGE_CURVE ( 'NONE', #74, #8442, #9798, .T. ) ;
#2140 = ORIENTED_EDGE ( 'NONE', *, *, #2472, .T. ) ;
#2141 = CARTESIAN_POINT ( 'NONE',  ( 0.1807789363790551496, 0.9800000000000004263, 0.2418738492965728792 ) ) ;
#2142 = CARTESIAN_POINT ( 'NONE',  ( 0.08015459118996955123, 0.9800000000000004263, 0.3615416285025069842 ) ) ;
#2143 = ORIENTED_EDGE ( 'NONE', *, *, #547, .F. ) ;
#2144 = CARTESIAN_POINT ( 'NONE',  ( -0.07423503210791476681, 0.9810000000000003162, 0.2959588769480394621 ) ) ;
#2145 = UNCERTAINTY_MEASURE_WITH_UNIT (LENGTH_MEASURE( 1.000000000000000082E-05 ), #10664, 'distance_accuracy_value', 'NONE');
#2146 = PRESENTATION_LAYER_ASSIGNMENT (  '', '', ( #793 ) ) ;
#2147 = B_SPLINE_SURFACE_WITH_KNOTS ( 'NONE', 3, 1, ( 
 ( #8154, #703 ),
 ( #2579, #4395 ),
 ( #11739, #7179 ),
 ( #6269, #9941 ) ),
 .UNSPECIFIED., .F., .F., .F.,
 ( 4, 4 ),
 ( 2, 2 ),
 ( 15.00000000000000000, 16.00000000000000000 ),
 ( 0.0000000000000000000, 1.000000000000000000 ),
 .UNSPECIFIED. ) ;
#2148 = FILL_AREA_STYLE ('',( #7706 ) ) ;
#2149 = LINE ( 'NONE', #1182, #7260 ) ;
#2150 = CARTESIAN_POINT ( 'NONE',  ( -0.1426932463513330973, 0.9800000000000004263, 0.2246900465209392683 ) ) ;
#2151 =( LENGTH_UNIT ( ) NAMED_UNIT ( * ) SI_UNIT ( .MILLI., .METRE. ) );
#2152 = CARTESIAN_POINT ( 'NONE',  ( -0.09180021817302808085, 0.9810000000000003162, 0.2143152275510540883 ) ) ;
#2153 = ADVANCED_FACE ( 'NONE', ( #9981 ), #11180, .F. ) ;
#2154 = ORIENTED_EDGE ( 'NONE', *, *, #9846, .T. ) ;
#2155 = EDGE_LOOP ( 'NONE', ( #238, #5112, #3294, #6845 ) ) ;
#2156 = VECTOR ( 'NONE', #171, 1000.000000000000000 ) ;
#2157 = FACE_OUTER_BOUND ( 'NONE', #1400, .T. ) ;
#2158 =( GEOMETRIC_REPRESENTATION_CONTEXT ( 3 ) GLOBAL_UNCERTAINTY_ASSIGNED_CONTEXT ( ( #8308 ) ) GLOBAL_UNIT_ASSIGNED_CONTEXT ( ( #3089, #3984, #5823 ) ) REPRESENTATION_CONTEXT ( 'NONE', 'WORKASPACE' ) );
#2159 = SURFACE_STYLE_USAGE ( .BOTH. , #4024 ) ;
#2160 = VERTEX_POINT ( 'NONE', #10567 ) ;
#2161 = PRESENTATION_STYLE_ASSIGNMENT (( #11378 ) ) ;
#2162 = CARTESIAN_POINT ( 'NONE',  ( 0.05933959860277125686, 0.9800000000000004263, 0.2381205000656923532 ) ) ;
#2163 = VERTEX_POINT ( 'NONE', #8049 ) ;
#2164 = CARTESIAN_POINT ( 'NONE',  ( -0.2537452636489530011, 0.9810000000000003162, 0.2251241722602221051 ) ) ;
#2165 = CARTESIAN_POINT ( 'NONE',  ( -0.1255615486199370967, 0.9810000000000003162, 0.2446714263089694308 ) ) ;
#2166 = PRESENTATION_LAYER_ASSIGNMENT (  '', '', ( #8518 ) ) ;
#2167 = UNCERTAINTY_MEASURE_WITH_UNIT (LENGTH_MEASURE( 1.000000000000000082E-05 ), #5515, 'distance_accuracy_value', 'NONE');
#2168 = DIRECTION ( 'NONE',  ( -0.3427414958530334288, -0.0000000000000000000, -0.9394297562992270922 ) ) ;
#2169 = CARTESIAN_POINT ( 'NONE',  ( 0.008049363051064835003, 0.9810000000000003162, 0.2319726427754881526 ) ) ;
#2170 = SURFACE_STYLE_USAGE ( .BOTH. , #11135 ) ;
#2171 = LINE ( 'NONE', #1139, #1166 ) ;
#2172 = CARTESIAN_POINT ( 'NONE',  ( -0.1031402085636232285, 0.9810000000000003162, 0.2207074561072388530 ) ) ;
#2173 = EDGE_CURVE ( 'NONE', #6504, #5097, #4237, .T. ) ;
#2174 = CARTESIAN_POINT ( 'NONE',  ( -0.1286046035131483412, 0.9810000000000003162, 0.2192531180488545839 ) ) ;
#2175 = CARTESIAN_POINT ( 'NONE',  ( 0.5800000000000001821, -1.000000000000000444, 0.02000000000000005246 ) ) ;
#2176 = LINE ( 'NONE', #8511, #5913 ) ;
#2177 = CARTESIAN_POINT ( 'NONE',  ( -0.09660557314164537612, 0.9810000000000003162, 0.2522852538963212821 ) ) ;
#2178 = CARTESIAN_POINT ( 'NONE',  ( -0.1278942141534321897, 0.9800000000000004263, 0.2308777433289414260 ) ) ;
#2179 = DIRECTION ( 'NONE',  ( -0.007092178509964853529, 0.0000000000000000000, 0.9999748501857348426 ) ) ;
#2180 = CARTESIAN_POINT ( 'NONE',  ( -0.1944235917151589110, 0.9800000000000004263, 0.2431692426588430156 ) ) ;
#2181 = DIRECTION ( 'NONE',  ( -0.0000000000000000000, -1.000000000000000000, -0.0000000000000000000 ) ) ;
#2182 = CARTESIAN_POINT ( 'NONE',  ( -0.1032049167189015987, 0.9810000000000003162, 0.2298311023591409763 ) ) ;
#2183 = EDGE_LOOP ( 'NONE', ( #9405, #9934, #6863, #8429 ) ) ;
#2184 = FILL_AREA_STYLE_COLOUR ( '', #6004 ) ;
#2185 = EDGE_CURVE ( 'NONE', #8168, #10512, #11581, .T. ) ;
#2186 = EDGE_CURVE ( 'NONE', #7455, #9819, #3329, .T. ) ;
#2187 = DIRECTION ( 'NONE',  ( -0.0000000000000000000, -1.000000000000000000, -0.0000000000000000000 ) ) ;
#2188 =( LENGTH_UNIT ( ) NAMED_UNIT ( * ) SI_UNIT ( .MILLI., .METRE. ) );
#2189 = VERTEX_POINT ( 'NONE', #10675 ) ;
#2190 = ORIENTED_EDGE ( 'NONE', *, *, #11864, .T. ) ;
#2191 = CARTESIAN_POINT ( 'NONE',  ( 0.1107323722585570880, 0.9800000000000004263, 0.2298088630048763792 ) ) ;
#2192 = CARTESIAN_POINT ( 'NONE',  ( 0.1577257532260294970, 0.9800000000000004263, 0.3320868017686833262 ) ) ;
#2193 = EDGE_CURVE ( 'NONE', #6301, #4594, #9897, .T. ) ;
#2194 = CARTESIAN_POINT ( 'NONE',  ( -0.1032640942626190522, 0.9800000000000004263, 0.2381749497862886977 ) ) ;
#2195 = VERTEX_POINT ( 'NONE', #2418 ) ;
#2196 = CARTESIAN_POINT ( 'NONE',  ( 0.2022323288433300892, 0.9800000000000004263, 0.2752845485394986857 ) ) ;
#2197 = EDGE_CURVE ( 'NONE', #7380, #8493, #6229, .T. ) ;
#2198 = CARTESIAN_POINT ( 'NONE',  ( -0.1278942141534321897, 0.9810000000000003162, 0.2308777433289414260 ) ) ;
#2199 = CARTESIAN_POINT ( 'NONE',  ( -0.2004257483988036159, 0.9810000000000003162, 0.3069434203149294382 ) ) ;
#2200 = EDGE_LOOP ( 'NONE', ( #6754, #10319, #7035, #5239 ) ) ;
#2201 = FILL_AREA_STYLE_COLOUR ( '', #8640 ) ;
#2202 = EDGE_CURVE ( 'NONE', #8232, #8832, #11254, .T. ) ;
#2203 =( NAMED_UNIT ( * ) PLANE_ANGLE_UNIT ( ) SI_UNIT ( $, .RADIAN. ) );
#2204 = CARTESIAN_POINT ( 'NONE',  ( 0.1466298830622249916, 0.9810000000000003162, 0.2654910417758425401 ) ) ;
#2205 = ORIENTED_EDGE ( 'NONE', *, *, #6658, .T. ) ;
#2206 = ORIENTED_EDGE ( 'NONE', *, *, #6079, .T. ) ;
#2207 = PLANE ( 'NONE',  #11544 ) ;
#2208 = ORIENTED_EDGE ( 'NONE', *, *, #8677, .T. ) ;
#2209 = FACE_OUTER_BOUND ( 'NONE', #11543, .T. ) ;
#2210 = EDGE_LOOP ( 'NONE', ( #5161, #4379, #702, #11653 ) ) ;
#2211 = EDGE_CURVE ( 'NONE', #10597, #11379, #4507, .T. ) ;
#2212 = DIRECTION ( 'NONE',  ( 0.9999748501857348426, 0.0000000000000000000, 0.007092178509965753851 ) ) ;
#2213 = LINE ( 'NONE', #7780, #3369 ) ;
#2214 =( LENGTH_UNIT ( ) NAMED_UNIT ( * ) SI_UNIT ( .MILLI., .METRE. ) );
#2215 = B_SPLINE_CURVE_WITH_KNOTS ( 'NONE', 3,
 ( #5583, #9247, #982, #11101 ),
 .UNSPECIFIED., .F., .F.,
 ( 4, 4 ),
 ( 10.00000000000000000, 11.00000000000000000 ),
 .UNSPECIFIED. ) ;
#2216 = DIRECTION ( 'NONE',  ( -0.9999748501857348426, -0.0000000000000000000, -0.007092178509963390290 ) ) ;
#2217 = STYLED_ITEM ( 'NONE', ( #495 ), #3717 ) ;
#2218 = VECTOR ( 'NONE', #11422, 1000.000000000000114 ) ;
#2219 = LINE ( 'NONE', #5918, #4651 ) ;
#2220 = ORIENTED_EDGE ( 'NONE', *, *, #1608, .F. ) ;
#2221 = B_SPLINE_CURVE_WITH_KNOTS ( 'NONE', 3,
 ( #1909, #3664, #10121, #1069 ),
 .UNSPECIFIED., .F., .F.,
 ( 4, 4 ),
 ( 1.000000000000000000, 2.000000000000000000 ),
 .UNSPECIFIED. ) ;
#2222 = CARTESIAN_POINT ( 'NONE',  ( -0.08342431176475927079, 0.9800000000000004263, 0.3271392145014476172 ) ) ;
#2223 = LINE ( 'NONE', #11562, #3059 ) ;
#2224 =( NAMED_UNIT ( * ) PLANE_ANGLE_UNIT ( ) SI_UNIT ( $, .RADIAN. ) );
#2225 =( LENGTH_UNIT ( ) NAMED_UNIT ( * ) SI_UNIT ( .MILLI., .METRE. ) );
#2226 = CARTESIAN_POINT ( 'NONE',  ( -0.08288195124660147073, 0.9800000000000004263, 0.3019802867017373771 ) ) ;
#2227 = CARTESIAN_POINT ( 'NONE',  ( 0.1395616554493350203, 0.9810000000000003162, 0.2426660227352132326 ) ) ;
#2228 = ORIENTED_EDGE ( 'NONE', *, *, #8966, .F. ) ;
#2229 =( GEOMETRIC_REPRESENTATION_CONTEXT ( 3 ) GLOBAL_UNCERTAINTY_ASSIGNED_CONTEXT ( ( #8198 ) ) GLOBAL_UNIT_ASSIGNED_CONTEXT ( ( #4129, #10322, #6534 ) ) REPRESENTATION_CONTEXT ( 'NONE', 'WORKASPACE' ) );
#2230 = CARTESIAN_POINT ( 'NONE',  ( -0.1869462264742944579, 0.9810000000000003162, 0.3443250286615897604 ) ) ;
#2231 =( GEOMETRIC_REPRESENTATION_CONTEXT ( 3 ) GLOBAL_UNCERTAINTY_ASSIGNED_CONTEXT ( ( #7760 ) ) GLOBAL_UNIT_ASSIGNED_CONTEXT ( ( #2225, #11272, #11145 ) ) REPRESENTATION_CONTEXT ( 'NONE', 'WORKASPACE' ) );
#2232 = DIRECTION ( 'NONE',  ( 0.9999748501857348426, -0.0000000000000000000, 0.007092178509964698271 ) ) ;
#2233 = EDGE_CURVE ( 'NONE', #10424, #2795, #6003, .T. ) ;
#2234 = CARTESIAN_POINT ( 'NONE',  ( -0.2885462351358029642, 0.9810000000000003162, 0.2646230973000676112 ) ) ;
#2235 =( NAMED_UNIT ( * ) SI_UNIT ( $, .STERADIAN. ) SOLID_ANGLE_UNIT ( ) );
#2236 = ORIENTED_EDGE ( 'NONE', *, *, #699, .F. ) ;
#2237 = FACE_OUTER_BOUND ( 'NONE', #7520, .T. ) ;
#2238 = COLOUR_RGB ( '',0.2235294117647058654, 0.2235294117647058654, 0.2235294117647058654 ) ;
#2239 = CARTESIAN_POINT ( 'NONE',  ( -0.1262595874407420882, 0.9800000000000004263, 0.2386357279820021660 ) ) ;
#2240 = B_SPLINE_SURFACE_WITH_KNOTS ( 'NONE', 3, 1, ( 
 ( #2968, #7015 ),
 ( #10674, #9669 ),
 ( #5266, #4174 ),
 ( #1515, #8934 ) ),
 .UNSPECIFIED., .F., .F., .F.,
 ( 4, 4 ),
 ( 2, 2 ),
 ( 4.000000000000000000, 5.000000000000000000 ),
 ( 0.0000000000000000000, 1.000000000000000000 ),
 .UNSPECIFIED. ) ;
#2241 = MECHANICAL_DESIGN_GEOMETRIC_PRESENTATION_REPRESENTATION (  '', ( #7060 ), #7811 ) ;
#2242 = CARTESIAN_POINT ( 'NONE',  ( -0.04778354505049949713, 0.9810000000000003162, 0.3469919211955224680 ) ) ;
#2243 = VERTEX_POINT ( 'NONE', #5267 ) ;
#2244 = VERTEX_POINT ( 'NONE', #1404 ) ;
#2245 = UNCERTAINTY_MEASURE_WITH_UNIT (LENGTH_MEASURE( 1.000000000000000082E-05 ), #3999, 'distance_accuracy_value', 'NONE');
#2246 = CARTESIAN_POINT ( 'NONE',  ( -0.05373332265115360329, 0.9810000000000003162, 0.2604396889007068450 ) ) ;
#2247 = VECTOR ( 'NONE', #4011, 1000.000000000000114 ) ;
#2248 = PRESENTATION_LAYER_ASSIGNMENT (  '', '', ( #504 ) ) ;
#2249 = ADVANCED_FACE ( 'NONE', ( #3382 ), #8935, .T. ) ;
#2250 = FILL_AREA_STYLE_COLOUR ( '', #12 ) ;
#2251 = SURFACE_STYLE_FILL_AREA ( #2138 ) ;
#2252 = VERTEX_POINT ( 'NONE', #836 ) ;
#2253 = DIRECTION ( 'NONE',  ( -0.0000000000000000000, -1.000000000000000000, -0.0000000000000000000 ) ) ;
#2254 = PRESENTATION_LAYER_ASSIGNMENT (  '', '', ( #1665 ) ) ;
#2255 = SURFACE_STYLE_USAGE ( .BOTH. , #3280 ) ;
#2256 = LINE ( 'NONE', #7135, #11738 ) ;
#2257 = ORIENTED_EDGE ( 'NONE', *, *, #1939, .F. ) ;
#2258 = SURFACE_STYLE_USAGE ( .BOTH. , #4923 ) ;
#2259 = MECHANICAL_DESIGN_GEOMETRIC_PRESENTATION_REPRESENTATION (  '', ( #3998 ), #7459 ) ;
#2260 = CARTESIAN_POINT ( 'NONE',  ( -0.2499999999999994171, 0.9999999999999995559, 0.01999999999999999695 ) ) ;
#2261 = EDGE_CURVE ( 'NONE', #9, #9870, #6531, .T. ) ;
#2262 = ORIENTED_EDGE ( 'NONE', *, *, #3604, .T. ) ;
#2263 = UNCERTAINTY_MEASURE_WITH_UNIT (LENGTH_MEASURE( 1.000000000000000082E-05 ), #4505, 'distance_accuracy_value', 'NONE');
#2264 = SURFACE_SIDE_STYLE ('',( #6853 ) ) ;
#2265 = DIRECTION ( 'NONE',  ( -0.0000000000000000000, 0.0000000000000000000, -1.000000000000000000 ) ) ;
#2266 = EDGE_CURVE ( 'NONE', #4200, #11340, #2649, .T. ) ;
#2267 = VECTOR ( 'NONE', #7831, 1000.000000000000000 ) ;
#2268 = SURFACE_STYLE_FILL_AREA ( #1185 ) ;
#2269 = ORIENTED_EDGE ( 'NONE', *, *, #8024, .F. ) ;
#2270 = EDGE_LOOP ( 'NONE', ( #2333, #9308, #2648, #10369 ) ) ;
#2271 = CARTESIAN_POINT ( 'NONE',  ( -0.08854543622480952336, 0.9810000000000003162, 0.2300390510330524718 ) ) ;
#2272 = ADVANCED_FACE ( 'NONE', ( #1852 ), #4475, .F. ) ;
#2273 = SURFACE_STYLE_FILL_AREA ( #1484 ) ;
#2274 = ORIENTED_EDGE ( 'NONE', *, *, #5268, .F. ) ;
#2275 = CARTESIAN_POINT ( 'NONE',  ( 0.07279154650397577642, 0.9800000000000004263, 0.2273707295474767243 ) ) ;
#2276 = ORIENTED_EDGE ( 'NONE', *, *, #9109, .T. ) ;
#2277 = ORIENTED_EDGE ( 'NONE', *, *, #9317, .T. ) ;
#2278 = DIRECTION ( 'NONE',  ( -0.0000000000000000000, -1.000000000000000000, -0.0000000000000000000 ) ) ;
#2279 = CARTESIAN_POINT ( 'NONE',  ( -0.1053523166280632278, 0.9800000000000004263, 0.2522232188699653488 ) ) ;
#2280 = CARTESIAN_POINT ( 'NONE',  ( -0.1031402085636232285, 0.9800000000000004263, 0.2207074561072388530 ) ) ;
#2281 = PRESENTATION_LAYER_ASSIGNMENT (  '', '', ( #5766 ) ) ;
#2282 = EDGE_CURVE ( 'NONE', #8127, #10983, #9286, .T. ) ;
#2283 =( NAMED_UNIT ( * ) PLANE_ANGLE_UNIT ( ) SI_UNIT ( $, .RADIAN. ) );
#2284 = VERTEX_POINT ( 'NONE', #1682 ) ;
#2285 = DIRECTION ( 'NONE',  ( -0.0000000000000000000, -1.000000000000000000, -0.0000000000000000000 ) ) ;
#2286 = CARTESIAN_POINT ( 'NONE',  ( -0.1945389971430924458, 0.9810000000000003162, 0.2594410448062806629 ) ) ;
#2287 = CARTESIAN_POINT ( 'NONE',  ( -0.1345384498917537586, 0.9800000000000004263, 0.2275812948293549076 ) ) ;
#2288 = AXIS2_PLACEMENT_3D ( 'NONE', #280, #11142, #5867 ) ;
#2289 = ORIENTED_EDGE ( 'NONE', *, *, #7906, .T. ) ;
#2290 = CARTESIAN_POINT ( 'NONE',  ( -0.1032049167189015987, 0.9810000000000003162, 0.2298311023591409763 ) ) ;
#2291 = DIRECTION ( 'NONE',  ( 0.4987484692609973069, 0.0000000000000000000, 0.8667467706370829417 ) ) ;
#2292 = DIRECTION ( 'NONE',  ( -0.0000000000000000000, -1.000000000000000000, -0.0000000000000000000 ) ) ;
#2293 = CARTESIAN_POINT ( 'NONE',  ( 0.04307265205478566505, 0.9810000000000003162, 0.2380051290754030546 ) ) ;
#2294 = EDGE_CURVE ( 'NONE', #11792, #3286, #3678, .T. ) ;
#2295 = DIRECTION ( 'NONE',  ( 0.007092178509964027801, 0.0000000000000000000, -0.9999748501857348426 ) ) ;
#2296 = VECTOR ( 'NONE', #11415, 1000.000000000000000 ) ;
#2297 = VECTOR ( 'NONE', #7624, 1000.000000000000000 ) ;
#2298 = PRESENTATION_STYLE_ASSIGNMENT (( #10557 ) ) ;
#2299 = LINE ( 'NONE', #3268, #5959 ) ;
#2300 = DIRECTION ( 'NONE',  ( -0.9999748501857348426, 0.0000000000000000000, -0.007092178509964536075 ) ) ;
#2301 = ORIENTED_EDGE ( 'NONE', *, *, #6079, .F. ) ;
#2302 = VERTEX_POINT ( 'NONE', #10915 ) ;
#2303 = DIRECTION ( 'NONE',  ( -0.0000000000000000000, -1.000000000000000000, -0.0000000000000000000 ) ) ;
#2304 = VECTOR ( 'NONE', #9746, 1000.000000000000000 ) ;
#2305 = MECHANICAL_DESIGN_GEOMETRIC_PRESENTATION_REPRESENTATION (  '', ( #761 ), #8484 ) ;
#2306 = DIRECTION ( 'NONE',  ( 0.0000000000000000000, 0.0000000000000000000, -1.000000000000000000 ) ) ;
#2307 =( NAMED_UNIT ( * ) PLANE_ANGLE_UNIT ( ) SI_UNIT ( $, .RADIAN. ) );
#2308 = VECTOR ( 'NONE', #5189, 1000.000000000000000 ) ;
#2309 = APPLICATION_CONTEXT ( 'automotive_design' ) ;
#2310 = EDGE_LOOP ( 'NONE', ( #7750, #8992, #7629, #3347 ) ) ;
#2311 =( LENGTH_UNIT ( ) NAMED_UNIT ( * ) SI_UNIT ( .MILLI., .METRE. ) );
#2312 = UNCERTAINTY_MEASURE_WITH_UNIT (LENGTH_MEASURE( 1.000000000000000082E-05 ), #1613, 'distance_accuracy_value', 'NONE');
#2313 = LINE ( 'NONE', #7937, #10906 ) ;
#2314 = ORIENTED_EDGE ( 'NONE', *, *, #10671, .F. ) ;
#2315 = VECTOR ( 'NONE', #6836, 1000.000000000000000 ) ;
#2316 = SURFACE_SIDE_STYLE ('',( #9440 ) ) ;
#2317 = ADVANCED_FACE ( 'NONE', ( #11863 ), #50, .F. ) ;
#2318 = VERTEX_POINT ( 'NONE', #10138 ) ;
#2319 = CARTESIAN_POINT ( 'NONE',  ( -0.1821273962964968796, 0.9810000000000003162, 0.3401903212825928002 ) ) ;
#2320 = CARTESIAN_POINT ( 'NONE',  ( -0.1626110226560526228, 0.9800000000000004263, 0.2236909606880192469 ) ) ;
#2321 = PRESENTATION_STYLE_ASSIGNMENT (( #10690 ) ) ;
#2322 = B_SPLINE_CURVE_WITH_KNOTS ( 'NONE', 3,
 ( #5348, #6376, #6557, #7212 ),
 .UNSPECIFIED., .F., .F.,
 ( 4, 4 ),
 ( 17.00000000000000000, 18.00000000000000000 ),
 .UNSPECIFIED. ) ;
#2323 = CARTESIAN_POINT ( 'NONE',  ( -0.08741177710879574625, 0.9800000000000004263, 0.2223007000513831932 ) ) ;
#2324 = ORIENTED_EDGE ( 'NONE', *, *, #5473, .F. ) ;
#2325 = ORIENTED_EDGE ( 'NONE', *, *, #10393, .T. ) ;
#2326 = CARTESIAN_POINT ( 'NONE',  ( -0.08682324149588735440, 0.9800000000000004263, 0.2254502209576159932 ) ) ;
#2327 = PRESENTATION_LAYER_ASSIGNMENT (  '', '', ( #5043 ) ) ;
#2328 = ORIENTED_EDGE ( 'NONE', *, *, #7676, .T. ) ;
#2329 = CARTESIAN_POINT ( 'NONE',  ( -0.2286897739503591098, 0.9800000000000004263, 0.3392102192413882777 ) ) ;
#2330 = VECTOR ( 'NONE', #2777, 1000.000000000000000 ) ;
#2331 = EDGE_CURVE ( 'NONE', #2382, #6197, #3735, .T. ) ;
#2332 = EDGE_CURVE ( 'NONE', #688, #6866, #2825, .T. ) ;
#2333 = ORIENTED_EDGE ( 'NONE', *, *, #10720, .F. ) ;
#2334 = ORIENTED_EDGE ( 'NONE', *, *, #7243, .F. ) ;
#2335 = SURFACE_SIDE_STYLE ('',( #7598 ) ) ;
#2336 = CARTESIAN_POINT ( 'NONE',  ( 0.1207950444543391399, 0.9810000000000003162, 0.3401395120339173461 ) ) ;
#2337 = STYLED_ITEM ( 'NONE', ( #10946 ), #11352 ) ;
#2338 = CARTESIAN_POINT ( 'NONE',  ( -0.1345384498917537586, 0.9810000000000003162, 0.2275812948293549076 ) ) ;
#2339 = B_SPLINE_SURFACE_WITH_KNOTS ( 'NONE', 3, 1, ( 
 ( #3763, #1183 ),
 ( #996, #6500 ),
 ( #11891, #10173 ),
 ( #1120, #7581 ) ),
 .UNSPECIFIED., .F., .F., .F.,
 ( 4, 4 ),
 ( 2, 2 ),
 ( 21.00000000000000000, 22.00000000000000000 ),
 ( 0.0000000000000000000, 1.000000000000000000 ),
 .UNSPECIFIED. ) ;
#2340 = SURFACE_STYLE_USAGE ( .BOTH. , #584 ) ;
#2341 = CARTESIAN_POINT ( 'NONE',  ( -0.1003002224825731981, 0.9810000000000003162, 0.2949161914606361345 ) ) ;
#2342 = CARTESIAN_POINT ( 'NONE',  ( 0.009323531269685852996, 0.9800000000000004263, 0.3071748939432588643 ) ) ;
#2343 = ORIENTED_EDGE ( 'NONE', *, *, #4320, .F. ) ;
#2344 = AXIS2_PLACEMENT_3D ( 'NONE', #3569, #4620, #8306 ) ;
#2345 = DIRECTION ( 'NONE',  ( -0.9999748501857348426, 0.0000000000000000000, -0.007092178509964699139 ) ) ;
#2346 = CARTESIAN_POINT ( 'NONE',  ( 0.1660348399979919010, 0.9810000000000003162, 0.3328687438566483858 ) ) ;
#2347 = LINE ( 'NONE', #11339, #10869 ) ;
#2348 = EDGE_CURVE ( 'NONE', #6177, #9604, #1025, .T. ) ;
#2349 = CARTESIAN_POINT ( 'NONE',  ( 0.2022323288433300892, 0.9800000000000004263, 0.2752845485394986857 ) ) ;
#2350 = PRESENTATION_STYLE_ASSIGNMENT (( #11682 ) ) ;
#2351 = B_SPLINE_CURVE_WITH_KNOTS ( 'NONE', 3,
 ( #6810, #1305, #2084, #9447 ),
 .UNSPECIFIED., .F., .F.,
 ( 4, 4 ),
 ( 35.00000000000000000, 36.00000000000000000 ),
 .UNSPECIFIED. ) ;
#2352 = FILL_AREA_STYLE_COLOUR ( '', #5731 ) ;
#2353 = MECHANICAL_DESIGN_GEOMETRIC_PRESENTATION_REPRESENTATION (  '', ( #9280 ), #7564 ) ;
#2354 = ORIENTED_EDGE ( 'NONE', *, *, #10295, .F. ) ;
#2355 = CARTESIAN_POINT ( 'NONE',  ( -0.07427614298719398267, 0.9810000000000003162, 0.3017553815468048684 ) ) ;
#2356 = CARTESIAN_POINT ( 'NONE',  ( -0.1870158866697106403, 0.9800000000000004263, 0.3385699796626217561 ) ) ;
#2357 = CARTESIAN_POINT ( 'NONE',  ( 0.01673531508541209814, 0.9810000000000003162, 0.2815605417844621594 ) ) ;
#2358 = ORIENTED_EDGE ( 'NONE', *, *, #70, .T. ) ;
#2359 = ORIENTED_EDGE ( 'NONE', *, *, #3680, .F. ) ;
#2360 = UNCERTAINTY_MEASURE_WITH_UNIT (LENGTH_MEASURE( 1.000000000000000082E-05 ), #6255, 'distance_accuracy_value', 'NONE');
#2361 = CARTESIAN_POINT ( 'NONE',  ( -0.2385904339955742248, 0.9800000000000004263, 0.2141319608088242676 ) ) ;
#2362 = EDGE_CURVE ( 'NONE', #3348, #3168, #2048, .T. ) ;
#2363 = FILL_AREA_STYLE_COLOUR ( '', #6595 ) ;
#2364 = DIRECTION ( 'NONE',  ( 0.007092178509964889091, 0.0000000000000000000, -0.9999748501857348426 ) ) ;
#2365 = ORIENTED_EDGE ( 'NONE', *, *, #3526, .T. ) ;
#2366 = DIRECTION ( 'NONE',  ( -0.9385291719746138295, 0.0000000000000000000, -0.3451999324343008047 ) ) ;
#2367 = SURFACE_STYLE_FILL_AREA ( #11589 ) ;
#2368 = ORIENTED_EDGE ( 'NONE', *, *, #3983, .F. ) ;
#2369 = CARTESIAN_POINT ( 'NONE',  ( -0.2688206351089372226, 0.9810000000000003162, 0.2139175574339311214 ) ) ;
#2370 = CARTESIAN_POINT ( 'NONE',  ( 0.1108810726264820301, 0.9800000000000004263, 0.2088425791007981480 ) ) ;
#2371 = ORIENTED_EDGE ( 'NONE', *, *, #7867, .F. ) ;
#2372 = UNCERTAINTY_MEASURE_WITH_UNIT (LENGTH_MEASURE( 1.000000000000000082E-05 ), #9408, 'distance_accuracy_value', 'NONE');
#2373 = CARTESIAN_POINT ( 'NONE',  ( -0.07175893125868469669, 0.9810000000000003162, 0.2382164334341081158 ) ) ;
#2374 =( LENGTH_UNIT ( ) NAMED_UNIT ( * ) SI_UNIT ( .MILLI., .METRE. ) );
#2375 = VECTOR ( 'NONE', #1895, 1000.000000000000000 ) ;
#2376 = CARTESIAN_POINT ( 'NONE',  ( -0.1200913414005839730, 0.9800000000000004263, 0.2357420853957250817 ) ) ;
#2377 = CARTESIAN_POINT ( 'NONE',  ( -0.08826680385442121912, 0.9810000000000003162, 0.3062052100787246989 ) ) ;
#2378 =( NAMED_UNIT ( * ) PLANE_ANGLE_UNIT ( ) SI_UNIT ( $, .RADIAN. ) );
#2379 = EDGE_CURVE ( 'NONE', #4542, #10416, #4951, .T. ) ;
#2380 = CARTESIAN_POINT ( 'NONE',  ( -0.2442181792996963863, 0.9800000000000004263, 0.2947532958043280193 ) ) ;
#2381 = ORIENTED_EDGE ( 'NONE', *, *, #9618, .T. ) ;
#2382 = VERTEX_POINT ( 'NONE', #2177 ) ;
#2383 = SURFACE_STYLE_USAGE ( .BOTH. , #5233 ) ;
#2384 = CARTESIAN_POINT ( 'NONE',  ( 0.02988217082207585834, 0.9800000000000004263, 0.3138278063142558860 ) ) ;
#2385 = ORIENTED_EDGE ( 'NONE', *, *, #2626, .T. ) ;
#2386 = CARTESIAN_POINT ( 'NONE',  ( -0.09180021817302808085, 0.9800000000000004263, 0.2143152275510540883 ) ) ;
#2387 = ORIENTED_EDGE ( 'NONE', *, *, #2211, .F. ) ;
#2388 = ORIENTED_EDGE ( 'NONE', *, *, #9560, .T. ) ;
#2389 = CARTESIAN_POINT ( 'NONE',  ( -0.2006224538167004912, 0.9800000000000004263, 0.3346782651888739468 ) ) ;
#2390 =( NAMED_UNIT ( * ) PLANE_ANGLE_UNIT ( ) SI_UNIT ( $, .RADIAN. ) );
#2391 = ADVANCED_FACE ( 'NONE', ( #9471 ), #7736, .T. ) ;
#2392 = FACE_OUTER_BOUND ( 'NONE', #6028, .T. ) ;
#2393 = DIRECTION ( 'NONE',  ( -0.9999748501857341765, -0.0000000000000000000, -0.007092178510045413220 ) ) ;
#2394 = DIRECTION ( 'NONE',  ( -0.007092178509963301819, -0.0000000000000000000, 0.9999748501857348426 ) ) ;
#2395 = DIRECTION ( 'NONE',  ( 0.9999748501857348426, 0.0000000000000000000, 0.007092178509964370409 ) ) ;
#2396 = ORIENTED_EDGE ( 'NONE', *, *, #2282, .T. ) ;
#2397 = CARTESIAN_POINT ( 'NONE',  ( 0.1467067903565250908, 0.9800000000000004263, 0.3056187417824263175 ) ) ;
#2398 = ADVANCED_FACE ( 'NONE', ( #10382 ), #4898, .F. ) ;
#2399 = FILL_AREA_STYLE ('',( #3314 ) ) ;
#2400 = CARTESIAN_POINT ( 'NONE',  ( -0.1318807768746755316, 0.9810000000000003162, 0.2468621438305867999 ) ) ;
#2401 = SURFACE_STYLE_FILL_AREA ( #4398 ) ;
#2402 = SURFACE_SIDE_STYLE ('',( #10784 ) ) ;
#2403 = STYLED_ITEM ( 'NONE', ( #7 ), #264 ) ;
#2404 = FILL_AREA_STYLE_COLOUR ( '', #5316 ) ;
#2405 = CARTESIAN_POINT ( 'NONE',  ( -0.1262595874407420882, 0.9800000000000004263, 0.2386357279820021660 ) ) ;
#2406 = VECTOR ( 'NONE', #636, 1000.000000000000000 ) ;
#2407 = FILL_AREA_STYLE_COLOUR ( '', #5608 ) ;
#2408 = PLANE ( 'NONE',  #7847 ) ;
#2409 = SURFACE_STYLE_USAGE ( .BOTH. , #3321 ) ;
#2410 = LINE ( 'NONE', #4466, #4256 ) ;
#2411 = EDGE_CURVE ( 'NONE', #7073, #11044, #31, .T. ) ;
#2412 = DIRECTION ( 'NONE',  ( 0.9999748501857341765, 0.0000000000000000000, 0.007092178510045412353 ) ) ;
#2413 =( GEOMETRIC_REPRESENTATION_CONTEXT ( 3 ) GLOBAL_UNCERTAINTY_ASSIGNED_CONTEXT ( ( #7315 ) ) GLOBAL_UNIT_ASSIGNED_CONTEXT ( ( #10233, #11304, #4927 ) ) REPRESENTATION_CONTEXT ( 'NONE', 'WORKASPACE' ) );
#2414 = CARTESIAN_POINT ( 'NONE',  ( -0.1760709587560318201, 0.9800000000000004263, 0.3402332756990598117 ) ) ;
#2415 = VERTEX_POINT ( 'NONE', #2226 ) ;
#2416 = VECTOR ( 'NONE', #444, 1000.000000000000000 ) ;
#2417 = VERTEX_POINT ( 'NONE', #7473 ) ;
#2418 = CARTESIAN_POINT ( 'NONE',  ( -0.2586451891742486686, 0.9810000000000003162, 0.2581025643573647277 ) ) ;
#2419 = CARTESIAN_POINT ( 'NONE',  ( 0.1589589138169000826, 0.9810000000000003162, 0.3111282264814766996 ) ) ;
#2420 = DIRECTION ( 'NONE',  ( -0.0000000000000000000, -1.000000000000000000, -0.0000000000000000000 ) ) ;
#2421 = FILL_AREA_STYLE_COLOUR ( '', #6559 ) ;
#2422 = STYLED_ITEM ( 'NONE', ( #3597 ), #10143 ) ;
#2423 = ORIENTED_EDGE ( 'NONE', *, *, #6801, .T. ) ;
#2424 = FACE_OUTER_BOUND ( 'NONE', #3518, .T. ) ;
#2425 = EDGE_CURVE ( 'NONE', #7989, #8765, #1984, .T. ) ;
#2426 = UNCERTAINTY_MEASURE_WITH_UNIT (LENGTH_MEASURE( 1.000000000000000082E-05 ), #2188, 'distance_accuracy_value', 'NONE');
#2427 = CARTESIAN_POINT ( 'NONE',  ( -0.2593277417024690279, 0.9800000000000004263, 0.2462181904892979667 ) ) ;
#2428 =( NAMED_UNIT ( * ) PLANE_ANGLE_UNIT ( ) SI_UNIT ( $, .RADIAN. ) );
#2429 =( NAMED_UNIT ( * ) SI_UNIT ( $, .STERADIAN. ) SOLID_ANGLE_UNIT ( ) );
#2430 = VERTEX_POINT ( 'NONE', #591 ) ;
#2431 = VECTOR ( 'NONE', #4564, 1000.000000000000000 ) ;
#2432 = CARTESIAN_POINT ( 'NONE',  ( 0.2249009493879411126, 0.9810000000000003162, 0.2902670444421400764 ) ) ;
#2433 = MECHANICAL_DESIGN_GEOMETRIC_PRESENTATION_REPRESENTATION (  '', ( #304 ), #10898 ) ;
#2434 = CARTESIAN_POINT ( 'NONE',  ( -0.1183484094890636107, 0.9810000000000003162, 0.2447225844659209337 ) ) ;
#2435 = B_SPLINE_SURFACE_WITH_KNOTS ( 'NONE', 3, 1, ( 
 ( #2744, #4700 ),
 ( #8376, #10793 ),
 ( #82, #2868 ),
 ( #2021, #658 ) ),
 .UNSPECIFIED., .F., .F., .F.,
 ( 4, 4 ),
 ( 2, 2 ),
 ( 12.00000000000000000, 13.00000000000000000 ),
 ( 0.0000000000000000000, 1.000000000000000000 ),
 .UNSPECIFIED. ) ;
#2436 = DIRECTION ( 'NONE',  ( -0.0000000000000000000, -1.000000000000000000, -0.0000000000000000000 ) ) ;
#2437 = LINE ( 'NONE', #7209, #5639 ) ;
#2438 = SURFACE_STYLE_FILL_AREA ( #566 ) ;
#2439 = VERTEX_POINT ( 'NONE', #8868 ) ;
#2440 = ORIENTED_EDGE ( 'NONE', *, *, #6052, .T. ) ;
#2441 =( GEOMETRIC_REPRESENTATION_CONTEXT ( 3 ) GLOBAL_UNCERTAINTY_ASSIGNED_CONTEXT ( ( #1403 ) ) GLOBAL_UNIT_ASSIGNED_CONTEXT ( ( #11221, #8404, #1032 ) ) REPRESENTATION_CONTEXT ( 'NONE', 'WORKASPACE' ) );
#2442 = ADVANCED_FACE ( 'NONE', ( #524 ), #9828, .F. ) ;
#2443 = AXIS2_PLACEMENT_3D ( 'NONE', #3514, #9072, #64 ) ;
#2444 = LINE ( 'NONE', #6072, #11355 ) ;
#2445 = ORIENTED_EDGE ( 'NONE', *, *, #9304, .T. ) ;
#2446 = CARTESIAN_POINT ( 'NONE',  ( -0.08549066877845580559, 0.9810000000000003162, 0.2153217773887567965 ) ) ;
#2447 = VECTOR ( 'NONE', #7295, 1000.000000000000000 ) ;
#2448 = ORIENTED_EDGE ( 'NONE', *, *, #2362, .F. ) ;
#2449 = VERTEX_POINT ( 'NONE', #2400 ) ;
#2450 = MECHANICAL_DESIGN_GEOMETRIC_PRESENTATION_REPRESENTATION (  '', ( #5156 ), #3416 ) ;
#2451 = CARTESIAN_POINT ( 'NONE',  ( 0.1395616554493350203, 0.9800000000000004263, 0.2426660227352132326 ) ) ;
#2452 = VECTOR ( 'NONE', #3438, 1000.000000000000000 ) ;
#2453 = CARTESIAN_POINT ( 'NONE',  ( -0.1496370464395735400, 0.9800000000000004263, 0.1976584020818183962 ) ) ;
#2454 = DIRECTION ( 'NONE',  ( 0.0000000000000000000, 0.0000000000000000000, 1.000000000000000000 ) ) ;
#2455 = ORIENTED_EDGE ( 'NONE', *, *, #4399, .F. ) ;
#2456 = VECTOR ( 'NONE', #9849, 1000.000000000000000 ) ;
#2457 = CARTESIAN_POINT ( 'NONE',  ( 0.04058066527125686607, 0.9800000000000004263, 0.3345095185789770387 ) ) ;
#2458 = EDGE_CURVE ( 'NONE', #11715, #6997, #7105, .T. ) ;
#2459 =( NAMED_UNIT ( * ) PLANE_ANGLE_UNIT ( ) SI_UNIT ( $, .RADIAN. ) );
#2460 = DIRECTION ( 'NONE',  ( 0.007092178509958830569, -0.0000000000000000000, -0.9999748501857349536 ) ) ;
#2461 = CARTESIAN_POINT ( 'NONE',  ( -0.09348784744999619201, 0.9810000000000003162, 0.2195281732170089595 ) ) ;
#2462 = CARTESIAN_POINT ( 'NONE',  ( 0.1396949596590429665, 0.9810000000000003162, 0.3258133215997177090 ) ) ;
#2463 = VECTOR ( 'NONE', #11857, 1000.000000000000000 ) ;
#2464 =( LENGTH_UNIT ( ) NAMED_UNIT ( * ) SI_UNIT ( .MILLI., .METRE. ) );
#2465 = STYLED_ITEM ( 'NONE', ( #887 ), #910 ) ;
#2466 = CARTESIAN_POINT ( 'NONE',  ( -0.2471779074722782188, 0.9800000000000004263, 0.2649164962434449322 ) ) ;
#2467 =( NAMED_UNIT ( * ) SI_UNIT ( $, .STERADIAN. ) SOLID_ANGLE_UNIT ( ) );
#2468 = ADVANCED_FACE ( 'NONE', ( #10549 ), #5127, .F. ) ;
#2469 = DIRECTION ( 'NONE',  ( -0.007092178509970711690, -0.0000000000000000000, 0.9999748501857347316 ) ) ;
#2470 = DIRECTION ( 'NONE',  ( 0.0000000000000000000, 0.0000000000000000000, -1.000000000000000000 ) ) ;
#2471 = PRESENTATION_LAYER_ASSIGNMENT (  '', '', ( #10751 ) ) ;
#2472 = EDGE_CURVE ( 'NONE', #9123, #1965, #9883, .T. ) ;
#2473 = ORIENTED_EDGE ( 'NONE', *, *, #1309, .F. ) ;
#2474 = ORIENTED_EDGE ( 'NONE', *, *, #9832, .T. ) ;
#2475 = UNCERTAINTY_MEASURE_WITH_UNIT (LENGTH_MEASURE( 1.000000000000000082E-05 ), #11046, 'distance_accuracy_value', 'NONE');
#2476 = SURFACE_SIDE_STYLE ('',( #11520 ) ) ;
#2477 = CARTESIAN_POINT ( 'NONE',  ( -0.1029712521515706164, 0.9800000000000004263, 0.2207086544064106037 ) ) ;
#2478 = DIRECTION ( 'NONE',  ( 0.0000000000000000000, 0.0000000000000000000, 1.000000000000000000 ) ) ;
#2479 = PRESENTATION_LAYER_ASSIGNMENT (  '', '', ( #9058 ) ) ;
#2480 = SURFACE_STYLE_FILL_AREA ( #794 ) ;
#2481 = VECTOR ( 'NONE', #11709, 1000.000000000000000 ) ;
#2482 = VERTEX_POINT ( 'NONE', #417 ) ;
#2483 = LINE ( 'NONE', #6295, #4244 ) ;
#2484 = SURFACE_STYLE_USAGE ( .BOTH. , #9613 ) ;
#2485 = CARTESIAN_POINT ( 'NONE',  ( -0.1364681303799113177, 0.9810000000000003162, 0.2339362862551814248 ) ) ;
#2486 = CARTESIAN_POINT ( 'NONE',  ( -0.1945389971430924458, 0.9800000000000004263, 0.2594410448062806629 ) ) ;
#2487 = ORIENTED_EDGE ( 'NONE', *, *, #5594, .T. ) ;
#2488 = PRESENTATION_LAYER_ASSIGNMENT (  '', '', ( #6364 ) ) ;
#2489 = MECHANICAL_DESIGN_GEOMETRIC_PRESENTATION_REPRESENTATION (  '', ( #157 ), #4032 ) ;
#2490 =( NAMED_UNIT ( * ) PLANE_ANGLE_UNIT ( ) SI_UNIT ( $, .RADIAN. ) );
#2491 = LINE ( 'NONE', #10639, #10689 ) ;
#2492 = VECTOR ( 'NONE', #2232, 1000.000000000000114 ) ;
#2493 = EDGE_CURVE ( 'NONE', #8832, #3122, #1201, .T. ) ;
#2494 = VECTOR ( 'NONE', #3611, 1000.000000000000000 ) ;
#2495 = CARTESIAN_POINT ( 'NONE',  ( -0.1012904573062684277, 0.9800000000000004263, 0.3007579537369385325 ) ) ;
#2496 = CARTESIAN_POINT ( 'NONE',  ( -0.1507804757224739389, 0.9800000000000004263, 0.2031091588234313072 ) ) ;
#2497 = DIRECTION ( 'NONE',  ( 0.3382111624796504956, 0.0000000000000000000, -0.9410702468860459025 ) ) ;
#2498 = DIRECTION ( 'NONE',  ( 0.0000000000000000000, 1.000000000000000000, 0.0000000000000000000 ) ) ;
#2499 = ORIENTED_EDGE ( 'NONE', *, *, #6113, .T. ) ;
#2500 = ORIENTED_EDGE ( 'NONE', *, *, #9811, .F. ) ;
#2501 = VECTOR ( 'NONE', #1807, 1000.000000000000000 ) ;
#2502 = CARTESIAN_POINT ( 'NONE',  ( -0.04685089958738627297, 0.9810000000000003162, 0.2154918460151248050 ) ) ;
#2503 = CARTESIAN_POINT ( 'NONE',  ( 0.04919997201009356641, 0.9800000000000004263, 0.3425237802703828272 ) ) ;
#2504 = ORIENTED_EDGE ( 'NONE', *, *, #875, .T. ) ;
#2505 = SURFACE_STYLE_USAGE ( .BOTH. , #3522 ) ;
#2506 = VECTOR ( 'NONE', #6918, 1000.000000000000114 ) ;
#2507 = ORIENTED_EDGE ( 'NONE', *, *, #6300, .T. ) ;
#2508 = VERTEX_POINT ( 'NONE', #6883 ) ;
#2509 = B_SPLINE_CURVE_WITH_KNOTS ( 'NONE', 3,
 ( #7239, #1918, #5559, #5622 ),
 .UNSPECIFIED., .F., .F.,
 ( 4, 4 ),
 ( 3.000000000000000000, 4.000000000000000000 ),
 .UNSPECIFIED. ) ;
#2510 = B_SPLINE_SURFACE_WITH_KNOTS ( 'NONE', 3, 1, ( 
 ( #1291, #10410 ),
 ( #383, #11174 ),
 ( #5705, #9370 ),
 ( #5376, #436 ) ),
 .UNSPECIFIED., .F., .F., .F.,
 ( 4, 4 ),
 ( 2, 2 ),
 ( 12.00000000000000000, 13.00000000000000000 ),
 ( 0.0000000000000000000, 1.000000000000000000 ),
 .UNSPECIFIED. ) ;
#2511 = CARTESIAN_POINT ( 'NONE',  ( -0.1955466647065569052, 0.9810000000000003162, 0.3392113305852193506 ) ) ;
#2512 = AXIS2_PLACEMENT_3D ( 'NONE', #4224, #6948, #6277 ) ;
#2513 = EDGE_CURVE ( 'NONE', #8356, #4266, #4511, .T. ) ;
#2514 = SURFACE_STYLE_FILL_AREA ( #7895 ) ;
#2515 = SURFACE_STYLE_USAGE ( .BOTH. , #9931 ) ;
#2516 = DIRECTION ( 'NONE',  ( -0.9999748501857348426, 0.0000000000000000000, -0.007092178509961008515 ) ) ;
#2517 =( NAMED_UNIT ( * ) PLANE_ANGLE_UNIT ( ) SI_UNIT ( $, .RADIAN. ) );
#2518 = COLOUR_RGB ( '',0.2235294117647058654, 0.2235294117647058654, 0.2235294117647058654 ) ;
#2519 = ORIENTED_EDGE ( 'NONE', *, *, #7651, .F. ) ;
#2520 = DIRECTION ( 'NONE',  ( -0.0000000000000000000, -1.000000000000000000, -0.0000000000000000000 ) ) ;
#2521 = CARTESIAN_POINT ( 'NONE',  ( -0.08882898268744554571, 0.9800000000000004263, 0.3359910364165828445 ) ) ;
#2522 = CARTESIAN_POINT ( 'NONE',  ( -0.2922182014269800177, 0.9810000000000003162, 0.2564087548794397042 ) ) ;
#2523 = ORIENTED_EDGE ( 'NONE', *, *, #10258, .F. ) ;
#2524 = DIRECTION ( 'NONE',  ( 0.9999748501857348426, 0.0000000000000000000, 0.007092178509965004450 ) ) ;
#2525 = PRESENTATION_STYLE_ASSIGNMENT (( #5366 ) ) ;
#2526 = CARTESIAN_POINT ( 'NONE',  ( -0.1224614342200521788, 0.9810000000000003162, 0.2492164741168255149 ) ) ;
#2527 = SURFACE_SIDE_STYLE ('',( #11796 ) ) ;
#2528 = SURFACE_STYLE_USAGE ( .BOTH. , #5307 ) ;
#2529 = CARTESIAN_POINT ( 'NONE',  ( -0.2126059009832765023, 0.9800000000000004263, 0.2430402872325851393 ) ) ;
#2530 = CARTESIAN_POINT ( 'NONE',  ( -0.2592827593950957632, 0.9810000000000003162, 0.2398758267129963151 ) ) ;
#2531 = EDGE_CURVE ( 'NONE', #4805, #2688, #4795, .T. ) ;
#2532 = CARTESIAN_POINT ( 'NONE',  ( -0.2391694832240683077, 0.9800000000000004263, 0.2591245094712030239 ) ) ;
#2533 = SURFACE_STYLE_USAGE ( .BOTH. , #11750 ) ;
#2534 = VECTOR ( 'NONE', #7768, 1000.000000000000000 ) ;
#2535 = LINE ( 'NONE', #6904, #5031 ) ;
#2536 = CARTESIAN_POINT ( 'NONE',  ( 0.1466298830622249916, 0.9800000000000004263, 0.2654910417758425401 ) ) ;
#2537 = DIRECTION ( 'NONE',  ( -0.0000000000000000000, -1.000000000000000000, -0.0000000000000000000 ) ) ;
#2538 = ORIENTED_EDGE ( 'NONE', *, *, #10130, .F. ) ;
#2539 = DIRECTION ( 'NONE',  ( 0.0000000000000000000, 0.0000000000000000000, 1.000000000000000000 ) ) ;
#2540 = CARTESIAN_POINT ( 'NONE',  ( -0.1181541937166796508, 0.9800000000000004263, 0.2228365073095896209 ) ) ;
#2541 = CARTESIAN_POINT ( 'NONE',  ( -0.2538087766958543878, 0.9800000000000004263, 0.2542376756705261309 ) ) ;
#2542 =( GEOMETRIC_REPRESENTATION_CONTEXT ( 3 ) GLOBAL_UNCERTAINTY_ASSIGNED_CONTEXT ( ( #1856 ) ) GLOBAL_UNIT_ASSIGNED_CONTEXT ( ( #2972, #309, #9430 ) ) REPRESENTATION_CONTEXT ( 'NONE', 'WORKASPACE' ) );
#2543 = CARTESIAN_POINT ( 'NONE',  ( -0.3073167037677345115, 0.9810000000000003162, 0.2136445295764712038 ) ) ;
#2544 = CARTESIAN_POINT ( 'NONE',  ( -0.1286046035131483412, 0.9810000000000003162, 0.2192531180488545839 ) ) ;
#2545 = EDGE_CURVE ( 'NONE', #5066, #9603, #1903, .T. ) ;
#2546 = ORIENTED_EDGE ( 'NONE', *, *, #1761, .T. ) ;
#2547 = DIRECTION ( 'NONE',  ( -0.9999748501857348426, 0.0000000000000000000, -0.007092178509964379950 ) ) ;
#2548 = UNCERTAINTY_MEASURE_WITH_UNIT (LENGTH_MEASURE( 1.000000000000000082E-05 ), #2214, 'distance_accuracy_value', 'NONE');
#2549 = CARTESIAN_POINT ( 'NONE',  ( -0.2912490753945281008, 0.9810000000000003162, 0.2553758442002304618 ) ) ;
#2550 = CARTESIAN_POINT ( 'NONE',  ( -0.1143966075969112400, 0.9810000000000003162, 0.2977795994568313565 ) ) ;
#2551 = PRESENTATION_STYLE_ASSIGNMENT (( #9005 ) ) ;
#2552 = ORIENTED_EDGE ( 'NONE', *, *, #1899, .F. ) ;
#2553 = ADVANCED_FACE ( 'NONE', ( #942 ), #5614, .F. ) ;
#2554 = PRESENTATION_STYLE_ASSIGNMENT (( #9908 ) ) ;
#2555 = LINE ( 'NONE', #10584, #4740 ) ;
#2556 = CARTESIAN_POINT ( 'NONE',  ( 0.1471528985507288279, 0.9800000000000004263, 0.2427198625404619614 ) ) ;
#2557 = CARTESIAN_POINT ( 'NONE',  ( -0.1471725697378032105, 0.9800000000000004263, 0.2038625962271659597 ) ) ;
#2558 = FILL_AREA_STYLE_COLOUR ( '', #7180 ) ;
#2559 = EDGE_LOOP ( 'NONE', ( #7024, #1860, #3789, #8175 ) ) ;
#2560 = ORIENTED_EDGE ( 'NONE', *, *, #5769, .T. ) ;
#2561 = SURFACE_SIDE_STYLE ('',( #10825 ) ) ;
#2562 = VERTEX_POINT ( 'NONE', #11017 ) ;
#2563 = CARTESIAN_POINT ( 'NONE',  ( 0.0000000000000000000, 0.0000000000000000000, 0.5500000000000000444 ) ) ;
#2564 = EDGE_CURVE ( 'NONE', #6392, #3635, #9099, .T. ) ;
#2565 = MECHANICAL_DESIGN_GEOMETRIC_PRESENTATION_REPRESENTATION (  '', ( #6434 ), #9183 ) ;
#2566 = ORIENTED_EDGE ( 'NONE', *, *, #10258, .T. ) ;
#2567 = ORIENTED_EDGE ( 'NONE', *, *, #10720, .T. ) ;
#2568 = CARTESIAN_POINT ( 'NONE',  ( 0.1330984642040341226, 0.9810000000000003162, 0.2364745806825882812 ) ) ;
#2569 = CARTESIAN_POINT ( 'NONE',  ( -0.08407883266472754302, 0.9810000000000003162, 0.2489947997936306223 ) ) ;
#2570 = CARTESIAN_POINT ( 'NONE',  ( -0.1507804757224739389, 0.9800000000000004263, 0.2031091588234313072 ) ) ;
#2571 = CARTESIAN_POINT ( 'NONE',  ( 0.1289913240301206465, 0.9800000000000004263, 0.3568269137446797301 ) ) ;
#2572 = CARTESIAN_POINT ( 'NONE',  ( -0.5799999999999994049, 0.9800000000000004263, 0.5300000000000001377 ) ) ;
#2573 = ORIENTED_EDGE ( 'NONE', *, *, #11872, .F. ) ;
#2574 = CARTESIAN_POINT ( 'NONE',  ( -0.2661852694723765844, 0.9810000000000003162, 0.2400088338596155779 ) ) ;
#2575 = LINE ( 'NONE', #6265, #6237 ) ;
#2576 = CARTESIAN_POINT ( 'NONE',  ( -0.2924698384516813965, 0.9810000000000003162, 0.2552372131047729309 ) ) ;
#2577 = VERTEX_POINT ( 'NONE', #10838 ) ;
#2578 = EDGE_CURVE ( 'NONE', #3255, #2189, #3487, .T. ) ;
#2579 = CARTESIAN_POINT ( 'NONE',  ( 0.1260584107212490146, 0.9810000000000003162, 0.2606455678126648468 ) ) ;
#2580 = FILL_AREA_STYLE_COLOUR ( '', #5503 ) ;
#2581 = CARTESIAN_POINT ( 'NONE',  ( -0.1744495898468786665, 0.9810000000000003162, 0.2509013290953184261 ) ) ;
#2582 =( NAMED_UNIT ( * ) SI_UNIT ( $, .STERADIAN. ) SOLID_ANGLE_UNIT ( ) );
#2583 = FILL_AREA_STYLE ('',( #8035 ) ) ;
#2584 = CARTESIAN_POINT ( 'NONE',  ( -0.1601822152078898887, 0.9810000000000003162, 0.2147660436838172704 ) ) ;
#2585 = PLANE ( 'NONE',  #2512 ) ;
#2586 = CARTESIAN_POINT ( 'NONE',  ( -0.1952843293647865686, 0.9810000000000003162, 0.3022228729883505438 ) ) ;
#2587 = DIRECTION ( 'NONE',  ( -0.0000000000000000000, 1.000000000000000000, -0.0000000000000000000 ) ) ;
#2588 = CARTESIAN_POINT ( 'NONE',  ( 0.1756206855218711838, 0.9810000000000003162, 0.2555744928868387000 ) ) ;
#2589 = DIRECTION ( 'NONE',  ( 0.9999748501857351757, 0.0000000000000000000, 0.007092178509923869820 ) ) ;
#2590 = DIRECTION ( 'NONE',  ( -0.007092178509963642692, -0.0000000000000000000, 0.9999748501857348426 ) ) ;
#2591 = ORIENTED_EDGE ( 'NONE', *, *, #7566, .T. ) ;
#2592 =( NAMED_UNIT ( * ) SI_UNIT ( $, .STERADIAN. ) SOLID_ANGLE_UNIT ( ) );
#2593 = CARTESIAN_POINT ( 'NONE',  ( -0.1461948790893620176, 0.9810000000000003162, 0.2511017215875920860 ) ) ;
#2594 = EDGE_CURVE ( 'NONE', #9693, #426, #1832, .T. ) ;
#2595 = VECTOR ( 'NONE', #10251, 1000.000000000000227 ) ;
#2596 = CARTESIAN_POINT ( 'NONE',  ( -0.1200913414005839730, 0.9800000000000004263, 0.2357420853957250817 ) ) ;
#2597 =( LENGTH_UNIT ( ) NAMED_UNIT ( * ) SI_UNIT ( .MILLI., .METRE. ) );
#2598 = VERTEX_POINT ( 'NONE', #9944 ) ;
#2599 = AXIS2_PLACEMENT_3D ( 'NONE', #10214, #6606, #9174 ) ;
#2600 = VECTOR ( 'NONE', #3512, 1000.000000000000000 ) ;
#2601 = SURFACE_STYLE_USAGE ( .BOTH. , #4608 ) ;
#2602 = VECTOR ( 'NONE', #6927, 1000.000000000000000 ) ;
#2603 = B_SPLINE_SURFACE_WITH_KNOTS ( 'NONE', 3, 1, ( 
 ( #8982, #4285 ),
 ( #7061, #7004 ),
 ( #4338, #6157 ),
 ( #6096, #10722 ) ),
 .UNSPECIFIED., .F., .F., .F.,
 ( 4, 4 ),
 ( 2, 2 ),
 ( 2.000000000000000000, 3.000000000000000000 ),
 ( 0.0000000000000000000, 1.000000000000000000 ),
 .UNSPECIFIED. ) ;
#2604 = LINE ( 'NONE', #57, #3235 ) ;
#2605 = PRESENTATION_STYLE_ASSIGNMENT (( #7939 ) ) ;
#2606 = ORIENTED_EDGE ( 'NONE', *, *, #8100, .T. ) ;
#2607 = UNCERTAINTY_MEASURE_WITH_UNIT (LENGTH_MEASURE( 1.000000000000000082E-05 ), #9367, 'distance_accuracy_value', 'NONE');
#2608 = DIRECTION ( 'NONE',  ( 0.9999748501857348426, -0.0000000000000000000, 0.007092178509964379082 ) ) ;
#2609 = EDGE_CURVE ( 'NONE', #4646, #5321, #3353, .T. ) ;
#2610 = FACE_OUTER_BOUND ( 'NONE', #1569, .T. ) ;
#2611 = STYLED_ITEM ( 'NONE', ( #6870 ), #3274 ) ;
#2612 = STYLED_ITEM ( 'NONE', ( #2985 ), #9715 ) ;
#2613 = CARTESIAN_POINT ( 'NONE',  ( -0.1484167451370287383, 0.9810000000000003162, 0.2033598746594020568 ) ) ;
#2614 = DIRECTION ( 'NONE',  ( -0.0000000000000000000, -1.000000000000000000, -0.0000000000000000000 ) ) ;
#2615 = FILL_AREA_STYLE ('',( #7210 ) ) ;
#2616 = ORIENTED_EDGE ( 'NONE', *, *, #11472, .T. ) ;
#2617 = EDGE_CURVE ( 'NONE', #10315, #7211, #4458, .T. ) ;
#2618 = CARTESIAN_POINT ( 'NONE',  ( 0.1577257532260294970, 0.9810000000000003162, 0.3320868017686833262 ) ) ;
#2619 = MECHANICAL_DESIGN_GEOMETRIC_PRESENTATION_REPRESENTATION (  '', ( #10708 ), #4956 ) ;
#2620 = ORIENTED_EDGE ( 'NONE', *, *, #11060, .F. ) ;
#2621 =( GEOMETRIC_REPRESENTATION_CONTEXT ( 3 ) GLOBAL_UNCERTAINTY_ASSIGNED_CONTEXT ( ( #5508 ) ) GLOBAL_UNIT_ASSIGNED_CONTEXT ( ( #3477, #3530, #9030 ) ) REPRESENTATION_CONTEXT ( 'NONE', 'WORKASPACE' ) );
#2622 = CARTESIAN_POINT ( 'NONE',  ( -0.1962292172351242647, 0.9810000000000003162, 0.3273269567171492311 ) ) ;
#2623 = PRESENTATION_LAYER_ASSIGNMENT (  '', '', ( #2798 ) ) ;
#2624 = ORIENTED_EDGE ( 'NONE', *, *, #9754, .T. ) ;
#2625 = ORIENTED_EDGE ( 'NONE', *, *, #7188, .T. ) ;
#2626 = EDGE_CURVE ( 'NONE', #2967, #5524, #11794, .T. ) ;
#2627 = CARTESIAN_POINT ( 'NONE',  ( -0.1298273066357303607, 0.9800000000000004263, 0.2468767077743667659 ) ) ;
#2628 = CARTESIAN_POINT ( 'NONE',  ( -0.2499999999999994171, -1.000000000000000444, -0.02000000000000000389 ) ) ;
#2629 = DIRECTION ( 'NONE',  ( -0.007092178509958829702, 0.0000000000000000000, 0.9999748501857349536 ) ) ;
#2630 = ORIENTED_EDGE ( 'NONE', *, *, #3496, .T. ) ;
#2631 = SURFACE_STYLE_FILL_AREA ( #191 ) ;
#2632 = SURFACE_STYLE_USAGE ( .BOTH. , #4390 ) ;
#2633 = FILL_AREA_STYLE_COLOUR ( '', #6161 ) ;
#2634 = UNCERTAINTY_MEASURE_WITH_UNIT (LENGTH_MEASURE( 1.000000000000000082E-05 ), #6682, 'distance_accuracy_value', 'NONE');
#2635 = ORIENTED_EDGE ( 'NONE', *, *, #6385, .T. ) ;
#2636 = PRESENTATION_LAYER_ASSIGNMENT (  '', '', ( #5156 ) ) ;
#2637 = CARTESIAN_POINT ( 'NONE',  ( 0.5800000000000001821, -0.9800000000000004263, 0.5300000000000001377 ) ) ;
#2638 =( NAMED_UNIT ( * ) PLANE_ANGLE_UNIT ( ) SI_UNIT ( $, .RADIAN. ) );
#2639 = CARTESIAN_POINT ( 'NONE',  ( -0.1012904573062684277, 0.9800000000000004263, 0.3007579537369385325 ) ) ;
#2640 = CARTESIAN_POINT ( 'NONE',  ( -0.1248929121863773528, 0.9800000000000004263, 0.2420247191473610393 ) ) ;
#2641 = ADVANCED_FACE ( 'NONE', ( #4397 ), #3540, .F. ) ;
#2642 = PLANE ( 'NONE',  #10980 ) ;
#2643 = AXIS2_PLACEMENT_3D ( 'NONE', #7573, #10348, #2074 ) ;
#2644 = FILL_AREA_STYLE ('',( #3603 ) ) ;
#2645 = DIRECTION ( 'NONE',  ( 0.0000000000000000000, -0.0000000000000000000, -1.000000000000000000 ) ) ;
#2646 = CARTESIAN_POINT ( 'NONE',  ( -0.1383858290365907184, 0.9810000000000003162, 0.2459321912224008977 ) ) ;
#2647 = CARTESIAN_POINT ( 'NONE',  ( -0.1012904573062684277, 0.9800000000000004263, 0.3007579537369385325 ) ) ;
#2648 = ORIENTED_EDGE ( 'NONE', *, *, #2764, .T. ) ;
#2649 = LINE ( 'NONE', #7412, #2494 ) ;
#2650 = VECTOR ( 'NONE', #8231, 1000.000000000000000 ) ;
#2651 = CARTESIAN_POINT ( 'NONE',  ( 0.1467067903565250908, 0.9810000000000003162, 0.3056187417824263175 ) ) ;
#2652 = EDGE_CURVE ( 'NONE', #6226, #667, #176, .T. ) ;
#2653 = SURFACE_STYLE_USAGE ( .BOTH. , #10855 ) ;
#2654 = SURFACE_SIDE_STYLE ('',( #3616 ) ) ;
#2655 = ORIENTED_EDGE ( 'NONE', *, *, #9529, .T. ) ;
#2656 = CARTESIAN_POINT ( 'NONE',  ( -0.1942609917352297322, 0.9810000000000003162, 0.2202431572054830144 ) ) ;
#2657 = VECTOR ( 'NONE', #5124, 1000.000000000000114 ) ;
#2658 =( GEOMETRIC_REPRESENTATION_CONTEXT ( 3 ) GLOBAL_UNCERTAINTY_ASSIGNED_CONTEXT ( ( #8897 ) ) GLOBAL_UNIT_ASSIGNED_CONTEXT ( ( #8408, #11159, #11454 ) ) REPRESENTATION_CONTEXT ( 'NONE', 'WORKASPACE' ) );
#2659 = DIRECTION ( 'NONE',  ( 0.9999748501857348426, -0.0000000000000000000, 0.007092178509964200406 ) ) ;
#2660 = CARTESIAN_POINT ( 'NONE',  ( 0.1471528985507288279, 0.9810000000000003162, 0.2427198625404619614 ) ) ;
#2661 = EDGE_LOOP ( 'NONE', ( #6720, #8120, #5969, #5050 ) ) ;
#2662 = EDGE_LOOP ( 'NONE', ( #11118, #3454, #7150, #3556 ) ) ;
#2663 = DIRECTION ( 'NONE',  ( -0.0000000000000000000, -1.000000000000000000, -0.0000000000000000000 ) ) ;
#2664 = CARTESIAN_POINT ( 'NONE',  ( -0.005569245625948512218, 0.9810000000000003162, 0.2662191137651554462 ) ) ;
#2665 = MECHANICAL_DESIGN_GEOMETRIC_PRESENTATION_REPRESENTATION (  '', ( #11345 ), #156 ) ;
#2666 = STYLED_ITEM ( 'NONE', ( #6111 ), #8641 ) ;
#2667 = CARTESIAN_POINT ( 'NONE',  ( -0.3073167037677345115, 0.9800000000000004263, 0.2136445295764712038 ) ) ;
#2668 = DIRECTION ( 'NONE',  ( -0.0000000000000000000, -1.000000000000000000, -0.0000000000000000000 ) ) ;
#2669 = VERTEX_POINT ( 'NONE', #3774 ) ;
#2670 = EDGE_CURVE ( 'NONE', #681, #9819, #8380, .T. ) ;
#2671 =( NAMED_UNIT ( * ) PLANE_ANGLE_UNIT ( ) SI_UNIT ( $, .RADIAN. ) );
#2672 = VECTOR ( 'NONE', #8496, 1000.000000000000114 ) ;
#2673 = ORIENTED_EDGE ( 'NONE', *, *, #7270, .F. ) ;
#2674 = VECTOR ( 'NONE', #10799, 1000.000000000000000 ) ;
#2675 = FACE_OUTER_BOUND ( 'NONE', #5487, .T. ) ;
#2676 = PRESENTATION_LAYER_ASSIGNMENT (  '', '', ( #5979 ) ) ;
#2677 = VERTEX_POINT ( 'NONE', #3959 ) ;
#2678 = CARTESIAN_POINT ( 'NONE',  ( 0.1813122104065303664, 0.9800000000000004263, 0.2176567344499826251 ) ) ;
#2679 = FILL_AREA_STYLE_COLOUR ( '', #853 ) ;
#2680 = VECTOR ( 'NONE', #208, 1000.000000000000000 ) ;
#2681 = AXIS2_PLACEMENT_3D ( 'NONE', #307, #10507, #247 ) ;
#2682 = DIRECTION ( 'NONE',  ( -0.9919892169122311865, 0.0000000000000000000, 0.1263225772768199751 ) ) ;
#2683 = ORIENTED_EDGE ( 'NONE', *, *, #8756, .F. ) ;
#2684 = CARTESIAN_POINT ( 'NONE',  ( 0.3817097946182765877, -1.034353464437637760, 0.5500000000000000444 ) ) ;
#2685 =( GEOMETRIC_REPRESENTATION_CONTEXT ( 3 ) GLOBAL_UNCERTAINTY_ASSIGNED_CONTEXT ( ( #9732 ) ) GLOBAL_UNIT_ASSIGNED_CONTEXT ( ( #11566, #2459, #1565 ) ) REPRESENTATION_CONTEXT ( 'NONE', 'WORKASPACE' ) );
#2686 = EDGE_CURVE ( 'NONE', #6494, #719, #6765, .T. ) ;
#2687 =( GEOMETRIC_REPRESENTATION_CONTEXT ( 3 ) GLOBAL_UNCERTAINTY_ASSIGNED_CONTEXT ( ( #11531 ) ) GLOBAL_UNIT_ASSIGNED_CONTEXT ( ( #8734, #7642, #5717 ) ) REPRESENTATION_CONTEXT ( 'NONE', 'WORKASPACE' ) );
#2688 = VERTEX_POINT ( 'NONE', #3062 ) ;
#2689 = COLOUR_RGB ( '',0.2235294117647058654, 0.2235294117647058654, 0.2235294117647058654 ) ;
#2690 = VERTEX_POINT ( 'NONE', #10429 ) ;
#2691 = CARTESIAN_POINT ( 'NONE',  ( -0.5999999999999994227, -1.000000000000000444, 0.5500000000000000444 ) ) ;
#2692 = PRESENTATION_STYLE_ASSIGNMENT (( #10061 ) ) ;
#2693 = STYLED_ITEM ( 'NONE', ( #9714 ), #5114 ) ;
#2694 = LINE ( 'NONE', #6400, #7058 ) ;
#2695 = LINE ( 'NONE', #8271, #5940 ) ;
#2696 = B_SPLINE_SURFACE_WITH_KNOTS ( 'NONE', 3, 1, ( 
 ( #4402, #2405 ),
 ( #7184, #1672 ),
 ( #4463, #7231 ),
 ( #10901, #2640 ) ),
 .UNSPECIFIED., .F., .F., .F.,
 ( 4, 4 ),
 ( 2, 2 ),
 ( 13.00000000000000000, 14.00000000000000000 ),
 ( 0.0000000000000000000, 1.000000000000000000 ),
 .UNSPECIFIED. ) ;
#2697 = PRESENTATION_STYLE_ASSIGNMENT (( #10902 ) ) ;
#2698 = EDGE_CURVE ( 'NONE', #5084, #7995, #7596, .T. ) ;
#2699 =( LENGTH_UNIT ( ) NAMED_UNIT ( * ) SI_UNIT ( .MILLI., .METRE. ) );
#2700 = CARTESIAN_POINT ( 'NONE',  ( -0.08826680385442121912, 0.9800000000000004263, 0.3062052100787246989 ) ) ;
#2701 = LINE ( 'NONE', #154, #182 ) ;
#2702 = CARTESIAN_POINT ( 'NONE',  ( -0.1601822152078898887, 0.9810000000000003162, 0.2147660436838172704 ) ) ;
#2703 = CARTESIAN_POINT ( 'NONE',  ( -0.09590984541418960674, 0.9800000000000004263, 0.3007961149567175974 ) ) ;
#2704 = STYLED_ITEM ( 'NONE', ( #10079 ), #11112 ) ;
#2705 = ADVANCED_FACE ( 'NONE', ( #3129 ), #5502, .T. ) ;
#2706 = EDGE_LOOP ( 'NONE', ( #9996, #3271, #8362, #10716, #11285, #3796, #3121, #10471 ) ) ;
#2707 =( NAMED_UNIT ( * ) PLANE_ANGLE_UNIT ( ) SI_UNIT ( $, .RADIAN. ) );
#2708 = DIRECTION ( 'NONE',  ( -0.0000000000000000000, -1.000000000000000000, -0.0000000000000000000 ) ) ;
#2709 = LINE ( 'NONE', #10317, #9096 ) ;
#2710 = CARTESIAN_POINT ( 'NONE',  ( -0.1324238690058055501, 0.9810000000000003162, 0.2354726564968886993 ) ) ;
#2711 = CARTESIAN_POINT ( 'NONE',  ( -0.1249032359946249532, 0.9800000000000004263, 0.2434803436203266669 ) ) ;
#2712 = PRESENTATION_LAYER_ASSIGNMENT (  '', '', ( #5054 ) ) ;
#2713 = PLANE ( 'NONE',  #11929 ) ;
#2714 = STYLED_ITEM ( 'NONE', ( #4746 ), #11264 ) ;
#2715 = ORIENTED_EDGE ( 'NONE', *, *, #96, .F. ) ;
#2716 =( NAMED_UNIT ( * ) SI_UNIT ( $, .STERADIAN. ) SOLID_ANGLE_UNIT ( ) );
#2717 = CARTESIAN_POINT ( 'NONE',  ( -0.08288195124660147073, 0.9800000000000004263, 0.3019802867017373771 ) ) ;
#2718 = CARTESIAN_POINT ( 'NONE',  ( 0.2250111927590992544, 0.9800000000000004263, 0.2747230760545777972 ) ) ;
#2719 = CARTESIAN_POINT ( 'NONE',  ( 0.1549441181133584255, 0.9800000000000004263, 0.2145776506308751386 ) ) ;
#2720 = ORIENTED_EDGE ( 'NONE', *, *, #653, .T. ) ;
#2721 = ADVANCED_FACE ( 'NONE', ( #2093 ), #337, .F. ) ;
#2722 = EDGE_LOOP ( 'NONE', ( #9297, #4509, #11903, #8836 ) ) ;
#2723 = UNCERTAINTY_MEASURE_WITH_UNIT (LENGTH_MEASURE( 1.000000000000000082E-05 ), #2841, 'distance_accuracy_value', 'NONE');
#2724 = PLANE ( 'NONE',  #1707 ) ;
#2725 = VECTOR ( 'NONE', #1107, 1000.000000000000000 ) ;
#2726 = LINE ( 'NONE', #4429, #2600 ) ;
#2727 = DIRECTION ( 'NONE',  ( -0.9181298069290879660, 0.0000000000000000000, -0.3962797719141813446 ) ) ;
#2728 = DIRECTION ( 'NONE',  ( 0.0000000000000000000, -1.000000000000000000, 0.0000000000000000000 ) ) ;
#2729 = ORIENTED_EDGE ( 'NONE', *, *, #4862, .F. ) ;
#2730 = VECTOR ( 'NONE', #5746, 1000.000000000000114 ) ;
#2731 = CARTESIAN_POINT ( 'NONE',  ( 0.1529828312786696287, 0.9800000000000004263, 0.3381987626197052177 ) ) ;
#2732 = ORIENTED_EDGE ( 'NONE', *, *, #8348, .T. ) ;
#2733 = CARTESIAN_POINT ( 'NONE',  ( -0.2314884647984113697, 0.9810000000000003162, 0.2591789859950905939 ) ) ;
#2734 = ORIENTED_EDGE ( 'NONE', *, *, #3707, .T. ) ;
#2735 =( LENGTH_UNIT ( ) NAMED_UNIT ( * ) SI_UNIT ( .MILLI., .METRE. ) );
#2736 = ADVANCED_FACE ( 'NONE', ( #9575 ), #2132, .F. ) ;
#2737 =( NAMED_UNIT ( * ) SI_UNIT ( $, .STERADIAN. ) SOLID_ANGLE_UNIT ( ) );
#2738 = LINE ( 'NONE', #6440, #5805 ) ;
#2739 = EDGE_LOOP ( 'NONE', ( #10098, #9453, #1023, #6620 ) ) ;
#2740 = ORIENTED_EDGE ( 'NONE', *, *, #3908, .T. ) ;
#2741 = DIRECTION ( 'NONE',  ( 0.007092178509962490836, 0.0000000000000000000, -0.9999748501857348426 ) ) ;
#2742 = CARTESIAN_POINT ( 'NONE',  ( -0.1904708755964152622, 0.9810000000000003162, 0.3437443959815647543 ) ) ;
#2743 = ORIENTED_EDGE ( 'NONE', *, *, #4206, .T. ) ;
#2744 = CARTESIAN_POINT ( 'NONE',  ( -0.1144412211968475201, 0.9810000000000003162, 0.3040699766448613506 ) ) ;
#2745 = ORIENTED_EDGE ( 'NONE', *, *, #5286, .F. ) ;
#2746 = FACE_OUTER_BOUND ( 'NONE', #6253, .T. ) ;
#2747 = CARTESIAN_POINT ( 'NONE',  ( -0.1314404726750542929, 0.9800000000000004263, 0.3405498110341374507 ) ) ;
#2748 = EDGE_CURVE ( 'NONE', #4249, #10649, #7563, .T. ) ;
#2749 =( LENGTH_UNIT ( ) NAMED_UNIT ( * ) SI_UNIT ( .MILLI., .METRE. ) );
#2750 = AXIS2_PLACEMENT_3D ( 'NONE', #5470, #4640, #27 ) ;
#2751 = FILL_AREA_STYLE_COLOUR ( '', #1966 ) ;
#2752 = LINE ( 'NONE', #10125, #590 ) ;
#2753 = CARTESIAN_POINT ( 'NONE',  ( -0.2586451891742486686, 0.9810000000000003162, 0.2581025643573647277 ) ) ;
#2754 = SURFACE_STYLE_FILL_AREA ( #4406 ) ;
#2755 = LINE ( 'NONE', #6455, #10794 ) ;
#2756 = EDGE_CURVE ( 'NONE', #3238, #3955, #1882, .T. ) ;
#2757 = DIRECTION ( 'NONE',  ( -0.0000000000000000000, -1.000000000000000000, -0.0000000000000000000 ) ) ;
#2758 = DIRECTION ( 'NONE',  ( -0.0000000000000000000, 1.000000000000000000, -0.0000000000000000000 ) ) ;
#2759 = ORIENTED_EDGE ( 'NONE', *, *, #9063, .F. ) ;
#2760 = LINE ( 'NONE', #8510, #9751 ) ;
#2761 = CARTESIAN_POINT ( 'NONE',  ( -0.07419584504895446186, 0.9810000000000003162, 0.2152979059030083742 ) ) ;
#2762 = PRESENTATION_STYLE_ASSIGNMENT (( #5562 ) ) ;
#2763 = B_SPLINE_CURVE_WITH_KNOTS ( 'NONE', 3,
 ( #6569, #10175, #11117, #6386 ),
 .UNSPECIFIED., .F., .F.,
 ( 4, 4 ),
 ( 19.00000000000000000, 20.00000000000000000 ),
 .UNSPECIFIED. ) ;
#2764 = EDGE_CURVE ( 'NONE', #11606, #7586, #241, .T. ) ;
#2765 = CARTESIAN_POINT ( 'NONE',  ( -0.1008707769358664214, 0.9800000000000004263, 0.2470820778170456922 ) ) ;
#2766 = SURFACE_STYLE_USAGE ( .BOTH. , #6601 ) ;
#2767 = EDGE_CURVE ( 'NONE', #9531, #5852, #5832, .T. ) ;
#2768 = ORIENTED_EDGE ( 'NONE', *, *, #9794, .F. ) ;
#2769 = FILL_AREA_STYLE ('',( #7422 ) ) ;
#2770 = UNCERTAINTY_MEASURE_WITH_UNIT (LENGTH_MEASURE( 1.000000000000000082E-05 ), #5972, 'distance_accuracy_value', 'NONE');
#2771 =( NAMED_UNIT ( * ) SI_UNIT ( $, .STERADIAN. ) SOLID_ANGLE_UNIT ( ) );
#2772 = CARTESIAN_POINT ( 'NONE',  ( 0.1660348399979919010, 0.9810000000000003162, 0.3328687438566483858 ) ) ;
#2773 = EDGE_LOOP ( 'NONE', ( #2560, #1789, #10107, #9512 ) ) ;
#2774 = ORIENTED_EDGE ( 'NONE', *, *, #9582, .F. ) ;
#2775 = FILL_AREA_STYLE_COLOUR ( '', #9622 ) ;
#2776 =( NAMED_UNIT ( * ) SI_UNIT ( $, .STERADIAN. ) SOLID_ANGLE_UNIT ( ) );
#2777 = DIRECTION ( 'NONE',  ( 0.0000000000000000000, 1.000000000000000000, 0.0000000000000000000 ) ) ;
#2778 = STYLED_ITEM ( 'NONE', ( #5505 ), #253 ) ;
#2779 = PRESENTATION_STYLE_ASSIGNMENT (( #11168 ) ) ;
#2780 = PRESENTATION_LAYER_ASSIGNMENT (  '', '', ( #4339 ) ) ;
#2781 = DIRECTION ( 'NONE',  ( 0.0000000000000000000, 0.0000000000000000000, -1.000000000000000000 ) ) ;
#2782 = EDGE_CURVE ( 'NONE', #8959, #9753, #2969, .T. ) ;
#2783 = VECTOR ( 'NONE', #9515, 1000.000000000000000 ) ;
#2784 = ORIENTED_EDGE ( 'NONE', *, *, #2202, .T. ) ;
#2785 =( NAMED_UNIT ( * ) PLANE_ANGLE_UNIT ( ) SI_UNIT ( $, .RADIAN. ) );
#2786 = ORIENTED_EDGE ( 'NONE', *, *, #6867, .T. ) ;
#2787 = CARTESIAN_POINT ( 'NONE',  ( -0.1027234132343150808, 0.9800000000000004263, 0.3415333207181004971 ) ) ;
#2788 = B_SPLINE_CURVE_WITH_KNOTS ( 'NONE', 3,
 ( #2787, #7445, #20, #9082 ),
 .UNSPECIFIED., .F., .F.,
 ( 4, 4 ),
 ( 7.000000000000000000, 8.000000000000000000 ),
 .UNSPECIFIED. ) ;
#2789 = ORIENTED_EDGE ( 'NONE', *, *, #2266, .T. ) ;
#2790 = SURFACE_SIDE_STYLE ('',( #9027 ) ) ;
#2791 = B_SPLINE_SURFACE_WITH_KNOTS ( 'NONE', 3, 1, ( 
 ( #9734, #1471 ),
 ( #8839, #7946 ),
 ( #2434, #6125 ),
 ( #9792, #5453 ) ),
 .UNSPECIFIED., .F., .F., .F.,
 ( 4, 4 ),
 ( 2, 2 ),
 ( 6.000000000000000000, 7.000000000000000000 ),
 ( 0.0000000000000000000, 1.000000000000000000 ),
 .UNSPECIFIED. ) ;
#2792 = COLOUR_RGB ( '',0.2235294117647058654, 0.2235294117647058654, 0.2235294117647058654 ) ;
#2793 = CARTESIAN_POINT ( 'NONE',  ( -0.2030867450043408462, 0.9800000000000004263, 0.3211176000878182557 ) ) ;
#2794 = EDGE_CURVE ( 'NONE', #9318, #9198, #3997, .T. ) ;
#2795 = VERTEX_POINT ( 'NONE', #184 ) ;
#2796 = ORIENTED_EDGE ( 'NONE', *, *, #244, .F. ) ;
#2797 = PRESENTATION_LAYER_ASSIGNMENT (  '', '', ( #6679 ) ) ;
#2798 = STYLED_ITEM ( 'NONE', ( #8871 ), #10070 ) ;
#2799 =( NAMED_UNIT ( * ) PLANE_ANGLE_UNIT ( ) SI_UNIT ( $, .RADIAN. ) );
#2800 = MECHANICAL_DESIGN_GEOMETRIC_PRESENTATION_REPRESENTATION (  '', ( #4358 ), #3577 ) ;
#2801 = ORIENTED_EDGE ( 'NONE', *, *, #5663, .F. ) ;
#2802 =( LENGTH_UNIT ( ) NAMED_UNIT ( * ) SI_UNIT ( .MILLI., .METRE. ) );
#2803 = SURFACE_STYLE_USAGE ( .BOTH. , #10185 ) ;
#2804 = EDGE_LOOP ( 'NONE', ( #7585, #10696, #9800, #2616 ) ) ;
#2805 = CARTESIAN_POINT ( 'NONE',  ( -0.2278327320775205556, 0.9800000000000004263, 0.3356550372596888154 ) ) ;
#2806 = CARTESIAN_POINT ( 'NONE',  ( -0.08854543622480952336, 0.9810000000000003162, 0.2300390510330524718 ) ) ;
#2807 = DIRECTION ( 'NONE',  ( 0.9370112956730890508, 0.0000000000000000000, -0.3492990578015331971 ) ) ;
#2808 = VECTOR ( 'NONE', #8700, 1000.000000000000000 ) ;
#2809 = AXIS2_PLACEMENT_3D ( 'NONE', #4130, #6808, #11244 ) ;
#2810 = DIRECTION ( 'NONE',  ( -0.9999748501857350647, 0.0000000000000000000, -0.007092178509949110914 ) ) ;
#2811 = DIRECTION ( 'NONE',  ( -0.0000000000000000000, -1.000000000000000000, -0.0000000000000000000 ) ) ;
#2812 = LINE ( 'NONE', #10903, #4207 ) ;
#2813 = CARTESIAN_POINT ( 'NONE',  ( -0.2371444115801924490, 0.9810000000000003162, 0.3144553843501228241 ) ) ;
#2814 = FACE_OUTER_BOUND ( 'NONE', #7959, .T. ) ;
#2815 = PRESENTATION_LAYER_ASSIGNMENT (  '', '', ( #1294 ) ) ;
#2816 = PRESENTATION_STYLE_ASSIGNMENT (( #4710 ) ) ;
#2817 = B_SPLINE_CURVE_WITH_KNOTS ( 'NONE', 3,
 ( #11694, #7927, #605, #5323 ),
 .UNSPECIFIED., .F., .F.,
 ( 4, 4 ),
 ( 12.00000000000000000, 13.00000000000000000 ),
 .UNSPECIFIED. ) ;
#2818 = EDGE_CURVE ( 'NONE', #8775, #770, #10336, .T. ) ;
#2819 = VECTOR ( 'NONE', #11366, 1000.000000000000114 ) ;
#2820 = PRESENTATION_STYLE_ASSIGNMENT (( #3786 ) ) ;
#2821 = CARTESIAN_POINT ( 'NONE',  ( -0.1519029950726835665, 0.9800000000000004263, 0.2954080280364402289 ) ) ;
#2822 = ORIENTED_EDGE ( 'NONE', *, *, #10978, .F. ) ;
#2823 = CARTESIAN_POINT ( 'NONE',  ( -0.08992420183222217533, 0.9810000000000003162, 0.2514910653370875937 ) ) ;
#2824 = FILL_AREA_STYLE_COLOUR ( '', #1141 ) ;
#2825 = LINE ( 'NONE', #1922, #7141 ) ;
#2826 = CARTESIAN_POINT ( 'NONE',  ( -0.5799999999999994049, 0.0000000000000000000, 0.0000000000000000000 ) ) ;
#2827 = CARTESIAN_POINT ( 'NONE',  ( -0.1181541937166796646, 0.9810000000000003162, 0.2228365073095896487 ) ) ;
#2828 = AXIS2_PLACEMENT_3D ( 'NONE', #9398, #10065, #10964 ) ;
#2829 = EDGE_CURVE ( 'NONE', #5345, #2284, #10100, .T. ) ;
#2830 = LINE ( 'NONE', #1858, #7746 ) ;
#2831 = VERTEX_POINT ( 'NONE', #1281 ) ;
#2832 = SURFACE_SIDE_STYLE ('',( #2903 ) ) ;
#2833 = EDGE_CURVE ( 'NONE', #7546, #2439, #308, .T. ) ;
#2834 = CARTESIAN_POINT ( 'NONE',  ( -0.08342466306684383215, 0.9800000000000004263, 0.2172340361602148329 ) ) ;
#2835 = VECTOR ( 'NONE', #7701, 1000.000000000000000 ) ;
#2836 = CARTESIAN_POINT ( 'NONE',  ( 0.1547441416519498014, 0.9800000000000004263, 0.2427737023457094134 ) ) ;
#2837 = VERTEX_POINT ( 'NONE', #4976 ) ;
#2838 = ORIENTED_EDGE ( 'NONE', *, *, #7343, .T. ) ;
#2839 = UNCERTAINTY_MEASURE_WITH_UNIT (LENGTH_MEASURE( 1.000000000000000082E-05 ), #9071, 'distance_accuracy_value', 'NONE');
#2840 = CARTESIAN_POINT ( 'NONE',  ( -0.2661852694723765844, 0.9810000000000003162, 0.2400088338596155779 ) ) ;
#2841 =( LENGTH_UNIT ( ) NAMED_UNIT ( * ) SI_UNIT ( .MILLI., .METRE. ) );
#2842 = FACE_OUTER_BOUND ( 'NONE', #9537, .T. ) ;
#2843 = PLANE ( 'NONE',  #2681 ) ;
#2844 = PRESENTATION_LAYER_ASSIGNMENT (  '', '', ( #4599 ) ) ;
#2845 = CARTESIAN_POINT ( 'NONE',  ( -0.2312104593905486283, 0.9810000000000003162, 0.2199810983942929177 ) ) ;
#2846 =( GEOMETRIC_REPRESENTATION_CONTEXT ( 3 ) GLOBAL_UNCERTAINTY_ASSIGNED_CONTEXT ( ( #8062 ) ) GLOBAL_UNIT_ASSIGNED_CONTEXT ( ( #536, #9894, #7139 ) ) REPRESENTATION_CONTEXT ( 'NONE', 'WORKASPACE' ) );
#2847 = ORIENTED_EDGE ( 'NONE', *, *, #70, .F. ) ;
#2848 = SURFACE_STYLE_USAGE ( .BOTH. , #5422 ) ;
#2849 = AXIS2_PLACEMENT_3D ( 'NONE', #4708, #10067, #8387 ) ;
#2850 = SURFACE_SIDE_STYLE ('',( #6488 ) ) ;
#2851 = EDGE_LOOP ( 'NONE', ( #5656, #2087, #3814, #1662 ) ) ;
#2852 = LINE ( 'NONE', #2733, #10553 ) ;
#2853 = COLOUR_RGB ( '',0.2235294117647058654, 0.2235294117647058654, 0.2235294117647058654 ) ;
#2854 = ORIENTED_EDGE ( 'NONE', *, *, #5907, .F. ) ;
#2855 = EDGE_CURVE ( 'NONE', #2051, #10411, #3216, .T. ) ;
#2856 = FILL_AREA_STYLE_COLOUR ( '', #3558 ) ;
#2857 = CARTESIAN_POINT ( 'NONE',  ( -0.1268544847074608295, 0.9800000000000004263, 0.2455460728015328442 ) ) ;
#2858 = DIRECTION ( 'NONE',  ( -0.9999748501857341765, -0.0000000000000000000, -0.007092178510045413220 ) ) ;
#2859 = DIRECTION ( 'NONE',  ( 0.007092178509934083004, 0.0000000000000000000, -0.9999748501857351757 ) ) ;
#2860 = FACE_OUTER_BOUND ( 'NONE', #2851, .T. ) ;
#2861 = ORIENTED_EDGE ( 'NONE', *, *, #3141, .T. ) ;
#2862 = ORIENTED_EDGE ( 'NONE', *, *, #498, .F. ) ;
#2863 = MECHANICAL_DESIGN_GEOMETRIC_PRESENTATION_REPRESENTATION (  '', ( #4218 ), #6303 ) ;
#2864 =( GEOMETRIC_REPRESENTATION_CONTEXT ( 3 ) GLOBAL_UNCERTAINTY_ASSIGNED_CONTEXT ( ( #4984 ) ) GLOBAL_UNIT_ASSIGNED_CONTEXT ( ( #2870, #211, #1587 ) ) REPRESENTATION_CONTEXT ( 'NONE', 'WORKASPACE' ) );
#2865 = CARTESIAN_POINT ( 'NONE',  ( 0.03378161602439329336, 0.9810000000000003162, 0.3247006391044053308 ) ) ;
#2866 = UNCERTAINTY_MEASURE_WITH_UNIT (LENGTH_MEASURE( 1.000000000000000082E-05 ), #10002, 'distance_accuracy_value', 'NONE');
#2867 = ORIENTED_EDGE ( 'NONE', *, *, #9569, .F. ) ;
#2868 = CARTESIAN_POINT ( 'NONE',  ( -0.1063201597271762333, 0.9800000000000004263, 0.3007222812923620592 ) ) ;
#2869 = MECHANICAL_DESIGN_GEOMETRIC_PRESENTATION_REPRESENTATION (  '', ( #5979 ), #11724 ) ;
#2870 =( LENGTH_UNIT ( ) NAMED_UNIT ( * ) SI_UNIT ( .MILLI., .METRE. ) );
#2871 = VERTEX_POINT ( 'NONE', #5694 ) ;
#2872 = EDGE_CURVE ( 'NONE', #11377, #1241, #9358, .T. ) ;
#2874 = MECHANICAL_DESIGN_GEOMETRIC_PRESENTATION_REPRESENTATION (  '', ( #759 ), #1343 ) ;
#2873 = SURFACE_STYLE_FILL_AREA ( #6696 ) ;
#2875 = SURFACE_STYLE_USAGE ( .BOTH. , #1968 ) ;
#2876 =( LENGTH_UNIT ( ) NAMED_UNIT ( * ) SI_UNIT ( .MILLI., .METRE. ) );
#2877 = DIRECTION ( 'NONE',  ( 0.0000000000000000000, -1.000000000000000000, 0.0000000000000000000 ) ) ;
#2878 = FACE_OUTER_BOUND ( 'NONE', #9547, .T. ) ;
#2879 = MECHANICAL_DESIGN_GEOMETRIC_PRESENTATION_REPRESENTATION (  '', ( #1157 ), #2685 ) ;
#2880 = DIRECTION ( 'NONE',  ( -0.007092178509963301819, -0.0000000000000000000, 0.9999748501857348426 ) ) ;
#2881 = SURFACE_SIDE_STYLE ('',( #4824 ) ) ;
#2882 =( NAMED_UNIT ( * ) SI_UNIT ( $, .STERADIAN. ) SOLID_ANGLE_UNIT ( ) );
#2883 = PRESENTATION_STYLE_ASSIGNMENT (( #2170 ) ) ;
#2884 =( NAMED_UNIT ( * ) SI_UNIT ( $, .STERADIAN. ) SOLID_ANGLE_UNIT ( ) );
#2885 =( LENGTH_UNIT ( ) NAMED_UNIT ( * ) SI_UNIT ( .MILLI., .METRE. ) );
#2886 = VECTOR ( 'NONE', #8185, 999.9999999999998863 ) ;
#2887 = MECHANICAL_DESIGN_GEOMETRIC_PRESENTATION_REPRESENTATION (  '', ( #6566 ), #386 ) ;
#2888 = CARTESIAN_POINT ( 'NONE',  ( -0.1027004626466781617, 0.9800000000000004263, 0.3474602526721866647 ) ) ;
#2889 = FACE_OUTER_BOUND ( 'NONE', #3948, .T. ) ;
#2890 = CARTESIAN_POINT ( 'NONE',  ( -0.05361791722322011705, 0.9810000000000003162, 0.2441678867532692254 ) ) ;
#2891 = COLOUR_RGB ( '',0.2235294117647058654, 0.2235294117647058654, 0.2235294117647058654 ) ;
#2892 = ORIENTED_EDGE ( 'NONE', *, *, #4903, .T. ) ;
#2893 = CARTESIAN_POINT ( 'NONE',  ( 0.2250111927590992544, 0.9810000000000003162, 0.2747230760545777972 ) ) ;
#2894 = CARTESIAN_POINT ( 'NONE',  ( -0.1835368340714350066, 0.9800000000000004263, 0.2951836695607316652 ) ) ;
#2895 = ORIENTED_EDGE ( 'NONE', *, *, #10050, .T. ) ;
#2896 = CARTESIAN_POINT ( 'NONE',  ( -0.1495073765154116274, 0.9810000000000003162, 0.3241490534604413720 ) ) ;
#2897 = CARTESIAN_POINT ( 'NONE',  ( -0.1143966075969112678, 0.9810000000000003162, 0.2977795994568313565 ) ) ;
#2898 = EDGE_CURVE ( 'NONE', #262, #8912, #8473, .T. ) ;
#2899 = CARTESIAN_POINT ( 'NONE',  ( -0.1586756964620332500, 0.9810000000000003162, 0.2004991934865253400 ) ) ;
#2900 = DIRECTION ( 'NONE',  ( 0.9999748501857348426, -0.0000000000000000000, 0.007092178509962038073 ) ) ;
#2901 = VERTEX_POINT ( 'NONE', #2710 ) ;
#2902 = VECTOR ( 'NONE', #9598, 1000.000000000000000 ) ;
#2903 = SURFACE_STYLE_FILL_AREA ( #2769 ) ;
#2904 = CARTESIAN_POINT ( 'NONE',  ( -0.1573411102404881079, 0.9810000000000003162, 0.2081835649905804664 ) ) ;
#2905 = B_SPLINE_SURFACE_WITH_KNOTS ( 'NONE', 3, 1, ( 
 ( #5134, #656 ),
 ( #8816, #4226 ),
 ( #3322, #3435 ),
 ( #3493, #9890 ) ),
 .UNSPECIFIED., .F., .F., .F.,
 ( 4, 4 ),
 ( 2, 2 ),
 ( 14.00000000000000000, 15.00000000000000000 ),
 ( 0.0000000000000000000, 1.000000000000000000 ),
 .UNSPECIFIED. ) ;
#2906 = CARTESIAN_POINT ( 'NONE',  ( 0.1141344337110899720, 0.9800000000000004263, 0.3617826256724412382 ) ) ;
#2907 = ORIENTED_EDGE ( 'NONE', *, *, #9951, .F. ) ;
#2908 = ORIENTED_EDGE ( 'NONE', *, *, #7439, .T. ) ;
#2909 = CARTESIAN_POINT ( 'NONE',  ( -0.1385436276972784042, 0.9810000000000003162, 0.2168691073937580316 ) ) ;
#2910 = VECTOR ( 'NONE', #8937, 1000.000000000000000 ) ;
#2911 = ADVANCED_FACE ( 'NONE', ( #9228 ), #7417, .F. ) ;
#2912 = DIRECTION ( 'NONE',  ( 0.9999748501857348426, 0.0000000000000000000, 0.007092178509962600123 ) ) ;
#2913 =( NAMED_UNIT ( * ) PLANE_ANGLE_UNIT ( ) SI_UNIT ( $, .RADIAN. ) );
#2914 = DIRECTION ( 'NONE',  ( -0.0000000000000000000, -1.000000000000000000, -0.0000000000000000000 ) ) ;
#2915 = ORIENTED_EDGE ( 'NONE', *, *, #11559, .T. ) ;
#2916 = PRESENTATION_STYLE_ASSIGNMENT (( #2848 ) ) ;
#2917 = CARTESIAN_POINT ( 'NONE',  ( -0.2288457337151711679, 0.9810000000000003162, 0.3392091131190770881 ) ) ;
#2918 = ORIENTED_EDGE ( 'NONE', *, *, #8613, .T. ) ;
#2919 =( NAMED_UNIT ( * ) PLANE_ANGLE_UNIT ( ) SI_UNIT ( $, .RADIAN. ) );
#2920 = EDGE_CURVE ( 'NONE', #3709, #5004, #1474, .T. ) ;
#2921 = ORIENTED_EDGE ( 'NONE', *, *, #4107, .T. ) ;
#2922 = CARTESIAN_POINT ( 'NONE',  ( -0.09242979192425743173, 0.9810000000000003162, 0.3397347154340394915 ) ) ;
#2923 = FACE_OUTER_BOUND ( 'NONE', #4552, .T. ) ;
#2924 =( LENGTH_UNIT ( ) NAMED_UNIT ( * ) SI_UNIT ( .MILLI., .METRE. ) );
#2925 = SURFACE_STYLE_FILL_AREA ( #7337 ) ;
#2926 = B_SPLINE_CURVE_WITH_KNOTS ( 'NONE', 3,
 ( #1116, #3885, #128, #10354 ),
 .UNSPECIFIED., .F., .F.,
 ( 4, 4 ),
 ( 5.000000000000000000, 6.000000000000000000 ),
 .UNSPECIFIED. ) ;
#2927 = SURFACE_STYLE_FILL_AREA ( #1051 ) ;
#2928 = STYLED_ITEM ( 'NONE', ( #8656 ), #11717 ) ;
#2929 = LINE ( 'NONE', #10105, #2126 ) ;
#2930 = ORIENTED_EDGE ( 'NONE', *, *, #1299, .T. ) ;
#2931 = ORIENTED_EDGE ( 'NONE', *, *, #2998, .T. ) ;
#2932 = FILL_AREA_STYLE ('',( #8437 ) ) ;
#2933 = EDGE_CURVE ( 'NONE', #8791, #2439, #5566, .T. ) ;
#2934 = CARTESIAN_POINT ( 'NONE',  ( -0.2281505509264918907, 0.9810000000000003162, 0.3364846104284340833 ) ) ;
#2935 = ORIENTED_EDGE ( 'NONE', *, *, #9203, .T. ) ;
#2936 = PLANE ( 'NONE',  #3067 ) ;
#2937 = ORIENTED_EDGE ( 'NONE', *, *, #7651, .T. ) ;
#2938 = SURFACE_SIDE_STYLE ('',( #2873 ) ) ;
#2939 = CARTESIAN_POINT ( 'NONE',  ( -0.08985265769498364252, 0.9810000000000003162, 0.2200998419151681540 ) ) ;
#2940 = SURFACE_SIDE_STYLE ('',( #11260 ) ) ;
#2941 = DIRECTION ( 'NONE',  ( -0.9999748501857348426, 0.0000000000000000000, -0.007092178509962493438 ) ) ;
#2942 = FILL_AREA_STYLE ('',( #7659 ) ) ;
#2943 = FILL_AREA_STYLE ('',( #11201 ) ) ;
#2944 = FILL_AREA_STYLE_COLOUR ( '', #4272 ) ;
#2945 = CARTESIAN_POINT ( 'NONE',  ( -0.1027004626466781617, 0.9800000000000004263, 0.3474602526721866647 ) ) ;
#2946 = CARTESIAN_POINT ( 'NONE',  ( -0.1245580496112889679, 0.9810000000000003162, 0.2956019681485554385 ) ) ;
#2947 = ADVANCED_FACE ( 'NONE', ( #9341 ), #6467, .F. ) ;
#2948 = CARTESIAN_POINT ( 'NONE',  ( -0.1683899403307217713, 0.9810000000000003162, 0.3402877522229448837 ) ) ;
#2949 = B_SPLINE_CURVE_WITH_KNOTS ( 'NONE', 3,
 ( #8390, #834, #9224, #7361 ),
 .UNSPECIFIED., .F., .F.,
 ( 4, 4 ),
 ( 22.00000000000000000, 23.00000000000000000 ),
 .UNSPECIFIED. ) ;
#2950 =( NAMED_UNIT ( * ) PLANE_ANGLE_UNIT ( ) SI_UNIT ( $, .RADIAN. ) );
#2951 = EDGE_LOOP ( 'NONE', ( #4604, #3987, #4878, #6885 ) ) ;
#2952 = SURFACE_STYLE_FILL_AREA ( #4773 ) ;
#2953 =( GEOMETRIC_REPRESENTATION_CONTEXT ( 3 ) GLOBAL_UNCERTAINTY_ASSIGNED_CONTEXT ( ( #4426 ) ) GLOBAL_UNIT_ASSIGNED_CONTEXT ( ( #8323, #3534, #932 ) ) REPRESENTATION_CONTEXT ( 'NONE', 'WORKASPACE' ) );
#2954 = LINE ( 'NONE', #6599, #10270 ) ;
#2955 = ORIENTED_EDGE ( 'NONE', *, *, #7101, .T. ) ;
#2956 = FILL_AREA_STYLE ('',( #8221 ) ) ;
#2957 = CARTESIAN_POINT ( 'NONE',  ( -0.1029712521515706164, 0.9810000000000003162, 0.2207086544064105205 ) ) ;
#2958 = CARTESIAN_POINT ( 'NONE',  ( -0.1835368340714350066, 0.9810000000000003162, 0.2951836695607316652 ) ) ;
#2959 = ORIENTED_EDGE ( 'NONE', *, *, #4686, .T. ) ;
#2960 = EDGE_CURVE ( 'NONE', #11885, #3214, #10532, .T. ) ;
#2961 = CARTESIAN_POINT ( 'NONE',  ( -0.09669995412308492189, 0.9810000000000003162, 0.2142804768750715683 ) ) ;
#2962 = CARTESIAN_POINT ( 'NONE',  ( -0.1512356340308023683, 0.9810000000000003162, 0.1976470643281151851 ) ) ;
#2963 = SURFACE_STYLE_FILL_AREA ( #365 ) ;
#2964 = DIRECTION ( 'NONE',  ( 0.007092178509964536075, 0.0000000000000000000, -0.9999748501857348426 ) ) ;
#2965 = EDGE_CURVE ( 'NONE', #9531, #2562, #167, .T. ) ;
#2966 = ORIENTED_EDGE ( 'NONE', *, *, #10776, .T. ) ;
#2967 = VERTEX_POINT ( 'NONE', #11215 ) ;
#2968 = CARTESIAN_POINT ( 'NONE',  ( -0.2583828538324782764, 0.9810000000000003162, 0.2211141067604965316 ) ) ;
#2969 = LINE ( 'NONE', #2066, #7495 ) ;
#2970 = CARTESIAN_POINT ( 'NONE',  ( -0.1961842349277509723, 0.9800000000000004263, 0.3209845929408485232 ) ) ;
#2971 = DIRECTION ( 'NONE',  ( -0.3962797719141813446, 0.0000000000000000000, 0.9181298069290879660 ) ) ;
#2972 =( LENGTH_UNIT ( ) NAMED_UNIT ( * ) SI_UNIT ( .MILLI., .METRE. ) );
#2973 = VERTEX_POINT ( 'NONE', #10323 ) ;
#2974 = EDGE_CURVE ( 'NONE', #4438, #3710, #4528, .T. ) ;
#2975 = CARTESIAN_POINT ( 'NONE',  ( -0.3073167037677345115, 0.9810000000000003162, 0.2136445295764712038 ) ) ;
#2976 = SURFACE_STYLE_USAGE ( .BOTH. , #4921 ) ;
#2977 = ORIENTED_EDGE ( 'NONE', *, *, #5753, .F. ) ;
#2978 = SURFACE_STYLE_FILL_AREA ( #4072 ) ;
#2980 =( NAMED_UNIT ( * ) SI_UNIT ( $, .STERADIAN. ) SOLID_ANGLE_UNIT ( ) );
#2979 = B_SPLINE_CURVE_WITH_KNOTS ( 'NONE', 3,
 ( #908, #11163, #11097, #2840 ),
 .UNSPECIFIED., .F., .F.,
 ( 4, 4 ),
 ( 4.000000000000000000, 5.000000000000000000 ),
 .UNSPECIFIED. ) ;
#2981 = EDGE_CURVE ( 'NONE', #10649, #796, #9234, .T. ) ;
#2982 = UNCERTAINTY_MEASURE_WITH_UNIT (LENGTH_MEASURE( 1.000000000000000082E-05 ), #76, 'distance_accuracy_value', 'NONE');
#2983 = ORIENTED_EDGE ( 'NONE', *, *, #11559, .F. ) ;
#2984 = CARTESIAN_POINT ( 'NONE',  ( 0.1630506780863280325, 0.9810000000000003162, 0.1929448197610338367 ) ) ;
#2985 = PRESENTATION_STYLE_ASSIGNMENT (( #10525 ) ) ;
#2986 =( GEOMETRIC_REPRESENTATION_CONTEXT ( 3 ) GLOBAL_UNCERTAINTY_ASSIGNED_CONTEXT ( ( #487 ) ) GLOBAL_UNIT_ASSIGNED_CONTEXT ( ( #216, #10305, #1133 ) ) REPRESENTATION_CONTEXT ( 'NONE', 'WORKASPACE' ) );
#2987 = DIRECTION ( 'NONE',  ( -0.9999748501857348426, -0.0000000000000000000, -0.007092178509962600991 ) ) ;
#2988 = LINE ( 'NONE', #6626, #6153 ) ;
#2989 = CARTESIAN_POINT ( 'NONE',  ( -0.1183255496279410762, 0.9800000000000004263, 0.2414994159896735326 ) ) ;
#2990 = CARTESIAN_POINT ( 'NONE',  ( -0.1901429103307739343, 0.9810000000000003162, 0.2975023256621182055 ) ) ;
#2991 = ADVANCED_FACE ( 'NONE', ( #8639 ), #9349, .F. ) ;
#2992 = VERTEX_POINT ( 'NONE', #3022 ) ;
#2993 = ORIENTED_EDGE ( 'NONE', *, *, #10063, .F. ) ;
#2994 = CARTESIAN_POINT ( 'NONE',  ( -0.2278327320775205556, 0.9810000000000003162, 0.3356550372596888154 ) ) ;
#2995 = EDGE_LOOP ( 'NONE', ( #573, #9270, #4839, #9509 ) ) ;
#2996 = AXIS2_PLACEMENT_3D ( 'NONE', #10280, #9244, #9487 ) ;
#2997 =( NAMED_UNIT ( * ) PLANE_ANGLE_UNIT ( ) SI_UNIT ( $, .RADIAN. ) );
#2998 = EDGE_CURVE ( 'NONE', #6001, #11171, #11277, .T. ) ;
#2999 = VECTOR ( 'NONE', #9474, 1000.000000000000000 ) ;
#3000 = ORIENTED_EDGE ( 'NONE', *, *, #3506, .T. ) ;
#3001 = FILL_AREA_STYLE_COLOUR ( '', #1653 ) ;
#3002 = CARTESIAN_POINT ( 'NONE',  ( -0.09348784744999619201, 0.9810000000000003162, 0.2195281732170089595 ) ) ;
#3003 = CARTESIAN_POINT ( 'NONE',  ( 0.1473528750121374797, 0.9800000000000004263, 0.2145238108256276310 ) ) ;
#3004 = CARTESIAN_POINT ( 'NONE',  ( -0.2810581327235270876, 0.9800000000000004263, 0.2277378766252798892 ) ) ;
#3005 =( NAMED_UNIT ( * ) PLANE_ANGLE_UNIT ( ) SI_UNIT ( $, .RADIAN. ) );
#3006 = COLOUR_RGB ( '',0.2235294117647058654, 0.2235294117647058654, 0.2235294117647058654 ) ;
#3007 = CARTESIAN_POINT ( 'NONE',  ( -0.1286046035131483412, 0.9800000000000004263, 0.2192531180488545839 ) ) ;
#3008 = DIRECTION ( 'NONE',  ( -0.3382111624868761046, -0.0000000000000000000, 0.9410702468834490908 ) ) ;
#3009 = PRESENTATION_LAYER_ASSIGNMENT (  '', '', ( #10124 ) ) ;
#3010 = CARTESIAN_POINT ( 'NONE',  ( -0.2915304852540109848, 0.9800000000000004263, 0.2565696000177977720 ) ) ;
#3011 = CARTESIAN_POINT ( 'NONE',  ( -0.09514941069187050904, 0.9800000000000004263, 0.3475138074274803368 ) ) ;
#3012 = CARTESIAN_POINT ( 'NONE',  ( 0.2101081641215258311, 0.9800000000000004263, 0.2352132453259013212 ) ) ;
#3013 =( GEOMETRIC_REPRESENTATION_CONTEXT ( 3 ) GLOBAL_UNCERTAINTY_ASSIGNED_CONTEXT ( ( #10352 ) ) GLOBAL_UNIT_ASSIGNED_CONTEXT ( ( #4448, #2517, #3584 ) ) REPRESENTATION_CONTEXT ( 'NONE', 'WORKASPACE' ) );
#3014 = MECHANICAL_DESIGN_GEOMETRIC_PRESENTATION_REPRESENTATION (  '', ( #6688 ), #11085 ) ;
#3015 = LINE ( 'NONE', #2890, #11302 ) ;
#3016 = AXIS2_PLACEMENT_3D ( 'NONE', #3358, #4382, #7042 ) ;
#3017 = CARTESIAN_POINT ( 'NONE',  ( -0.2514703083717731436, 0.9810000000000003162, 0.2947018611167986912 ) ) ;
#3018 = FILL_AREA_STYLE ('',( #1147 ) ) ;
#3019 = CARTESIAN_POINT ( 'NONE',  ( -0.1334531839170124967, 0.9810000000000003162, 0.2284988029813187493 ) ) ;
#3020 = EDGE_CURVE ( 'NONE', #7488, #6478, #8705, .T. ) ;
#3021 = LINE ( 'NONE', #9657, #8025 ) ;
#3022 = CARTESIAN_POINT ( 'NONE',  ( -0.1325413023246454214, 0.9810000000000003162, 0.2520303848801613289 ) ) ;
#3023 = PLANE ( 'NONE',  #11393 ) ;
#3024 = VECTOR ( 'NONE', #729, 1000.000000000000114 ) ;
#3025 = ORIENTED_EDGE ( 'NONE', *, *, #5416, .T. ) ;
#3026 = CARTESIAN_POINT ( 'NONE',  ( -0.2126059009832764746, 0.9810000000000003162, 0.2430402872325851393 ) ) ;
#3027 = CARTESIAN_POINT ( 'NONE',  ( 0.5800000000000001821, 0.9800000000000004263, 0.01999999999999999695 ) ) ;
#3028 = COLOUR_RGB ( '',0.2235294117647058654, 0.2235294117647058654, 0.2235294117647058654 ) ;
#3029 = DIRECTION ( 'NONE',  ( -0.0000000000000000000, -1.000000000000000000, -0.0000000000000000000 ) ) ;
#3030 = SURFACE_STYLE_USAGE ( .BOTH. , #3099 ) ;
#3031 = VERTEX_POINT ( 'NONE', #5933 ) ;
#3032 = VERTEX_POINT ( 'NONE', #3148 ) ;
#3033 =( GEOMETRIC_REPRESENTATION_CONTEXT ( 3 ) GLOBAL_UNCERTAINTY_ASSIGNED_CONTEXT ( ( #2145 ) ) GLOBAL_UNIT_ASSIGNED_CONTEXT ( ( #10664, #10009, #5256 ) ) REPRESENTATION_CONTEXT ( 'NONE', 'WORKASPACE' ) );
#3034 = DIRECTION ( 'NONE',  ( -0.0000000000000000000, -1.000000000000000000, -0.0000000000000000000 ) ) ;
#3035 = CARTESIAN_POINT ( 'NONE',  ( -0.08741177710879574625, 0.9810000000000003162, 0.2223007000513831932 ) ) ;
#3036 = VECTOR ( 'NONE', #9749, 1000.000000000000000 ) ;
#3037 = EDGE_CURVE ( 'NONE', #2417, #6504, #9376, .T. ) ;
#3038 = SURFACE_STYLE_USAGE ( .BOTH. , #3930 ) ;
#3039 = DIRECTION ( 'NONE',  ( -0.0000000000000000000, -1.000000000000000000, -0.0000000000000000000 ) ) ;
#3040 = SURFACE_STYLE_FILL_AREA ( #11524 ) ;
#3041 = CARTESIAN_POINT ( 'NONE',  ( -0.1361515083795944714, 0.9800000000000004263, 0.2241125724212622294 ) ) ;
#3042 = ORIENTED_EDGE ( 'NONE', *, *, #11757, .T. ) ;
#3043 = PRESENTATION_LAYER_ASSIGNMENT (  '', '', ( #6129 ) ) ;
#3044 = DIRECTION ( 'NONE',  ( -0.0000000000000000000, 0.0000000000000000000, 1.000000000000000000 ) ) ;
#3045 = EDGE_LOOP ( 'NONE', ( #3239, #11834, #4378, #5238 ) ) ;
#3046 = CARTESIAN_POINT ( 'NONE',  ( -0.2514703083717731436, 0.9800000000000004263, 0.2947018611167986912 ) ) ;
#3047 = CARTESIAN_POINT ( 'NONE',  ( -0.2499999999999994171, 0.0000000000000000000, 0.0000000000000000000 ) ) ;
#3048 = ORIENTED_EDGE ( 'NONE', *, *, #6621, .T. ) ;
#3049 = SURFACE_SIDE_STYLE ('',( #11306 ) ) ;
#3050 = B_SPLINE_CURVE_WITH_KNOTS ( 'NONE', 3,
 ( #9217, #954, #4661, #1205 ),
 .UNSPECIFIED., .F., .F.,
 ( 4, 4 ),
 ( 7.000000000000000000, 8.000000000000000000 ),
 .UNSPECIFIED. ) ;
#3051 = DIRECTION ( 'NONE',  ( -0.9999748501857348426, -0.0000000000000000000, -0.007092178509963858665 ) ) ;
#3052 = EDGE_CURVE ( 'NONE', #6634, #10574, #6834, .T. ) ;
#3053 = CARTESIAN_POINT ( 'NONE',  ( 0.1107144256405065141, 0.9800000000000004263, 0.2323392796703987184 ) ) ;
#3054 = ORIENTED_EDGE ( 'NONE', *, *, #11314, .F. ) ;
#3055 = ORIENTED_EDGE ( 'NONE', *, *, #5274, .T. ) ;
#3056 = PRESENTATION_STYLE_ASSIGNMENT (( #10365 ) ) ;
#3057 = SURFACE_SIDE_STYLE ('',( #10299 ) ) ;
#3058 = ORIENTED_EDGE ( 'NONE', *, *, #11327, .T. ) ;
#3059 = VECTOR ( 'NONE', #10659, 1000.000000000000000 ) ;
#3060 = ORIENTED_EDGE ( 'NONE', *, *, #10000, .T. ) ;
#3061 =( LENGTH_UNIT ( ) NAMED_UNIT ( * ) SI_UNIT ( .MILLI., .METRE. ) );
#3062 = CARTESIAN_POINT ( 'NONE',  ( -0.2030867450043408462, 0.9810000000000003162, 0.3211176000878182557 ) ) ;
#3063 = CARTESIAN_POINT ( 'NONE',  ( -0.1249032359946249532, 0.9810000000000003162, 0.2434803436203266669 ) ) ;
#3064 =( NAMED_UNIT ( * ) SI_UNIT ( $, .STERADIAN. ) SOLID_ANGLE_UNIT ( ) );
#3065 =( GEOMETRIC_REPRESENTATION_CONTEXT ( 3 ) GLOBAL_UNCERTAINTY_ASSIGNED_CONTEXT ( ( #7805 ) ) GLOBAL_UNIT_ASSIGNED_CONTEXT ( ( #10166, #2671, #1878 ) ) REPRESENTATION_CONTEXT ( 'NONE', 'WORKASPACE' ) );
#3066 = DIRECTION ( 'NONE',  ( -0.0000000000000000000, -1.000000000000000000, -0.0000000000000000000 ) ) ;
#3067 = AXIS2_PLACEMENT_3D ( 'NONE', #9906, #8063, #10748 ) ;
#3068 = EDGE_CURVE ( 'NONE', #9017, #9318, #737, .T. ) ;
#3069 =( NAMED_UNIT ( * ) SI_UNIT ( $, .STERADIAN. ) SOLID_ANGLE_UNIT ( ) );
#3070 = EDGE_CURVE ( 'NONE', #7174, #2302, #5822, .T. ) ;
#3071 = SURFACE_STYLE_FILL_AREA ( #7662 ) ;
#3072 = FACE_OUTER_BOUND ( 'NONE', #3765, .T. ) ;
#3073 = LINE ( 'NONE', #2948, #3 ) ;
#3074 = LINE ( 'NONE', #2172, #4416 ) ;
#3075 = AXIS2_PLACEMENT_3D ( 'NONE', #4015, #11540, #500 ) ;
#3076 = CARTESIAN_POINT ( 'NONE',  ( -0.1361282798110324543, 0.9810000000000003162, 0.2208374173563976139 ) ) ;
#3077 = MECHANICAL_DESIGN_GEOMETRIC_PRESENTATION_REPRESENTATION (  '', ( #559 ), #9164 ) ;
#3078 = FACE_OUTER_BOUND ( 'NONE', #10703, .T. ) ;
#3079 = EDGE_CURVE ( 'NONE', #1414, #1965, #11672, .T. ) ;
#3080 = LINE ( 'NONE', #8570, #8406 ) ;
#3081 = SURFACE_STYLE_USAGE ( .BOTH. , #7672 ) ;
#3082 = CARTESIAN_POINT ( 'NONE',  ( -0.1027234132343150808, 0.9800000000000004263, 0.3415333207181004971 ) ) ;
#3083 = FILL_AREA_STYLE ('',( #11273 ) ) ;
#3084 = AXIS2_PLACEMENT_3D ( 'NONE', #5006, #8685, #2212 ) ;
#3085 = EDGE_LOOP ( 'NONE', ( #11600, #10427, #1368, #11922, #8547, #3702, #9249, #9225 ) ) ;
#3086 = VECTOR ( 'NONE', #7673, 1000.000000000000114 ) ;
#3087 = PRESENTATION_STYLE_ASSIGNMENT (( #9593 ) ) ;
#3088 = CARTESIAN_POINT ( 'NONE',  ( -0.1325413023246454214, 0.9800000000000004263, 0.2520303848801613289 ) ) ;
#3089 =( LENGTH_UNIT ( ) NAMED_UNIT ( * ) SI_UNIT ( .MILLI., .METRE. ) );
#3090 = STYLED_ITEM ( 'NONE', ( #11236 ), #5815 ) ;
#3091 = CARTESIAN_POINT ( 'NONE',  ( 0.05991642631702531752, 0.9800000000000004263, 0.2587304362004614333 ) ) ;
#3092 = B_SPLINE_CURVE_WITH_KNOTS ( 'NONE', 3,
 ( #6518, #3662, #4653, #6704 ),
 .UNSPECIFIED., .F., .F.,
 ( 4, 4 ),
 ( 3.000000000000000000, 4.000000000000000000 ),
 .UNSPECIFIED. ) ;
#3093 = EDGE_LOOP ( 'NONE', ( #2504, #6141, #5757, #4680 ) ) ;
#3094 =( LENGTH_UNIT ( ) NAMED_UNIT ( * ) SI_UNIT ( .MILLI., .METRE. ) );
#3095 = EDGE_CURVE ( 'NONE', #1766, #3031, #10668, .T. ) ;
#3096 = CARTESIAN_POINT ( 'NONE',  ( -0.1053523166280632278, 0.9810000000000003162, 0.2522232188699653488 ) ) ;
#3097 = MECHANICAL_DESIGN_GEOMETRIC_PRESENTATION_REPRESENTATION (  '', ( #8304 ), #10973 ) ;
#3098 = SURFACE_SIDE_STYLE ('',( #2963 ) ) ;
#3099 = SURFACE_SIDE_STYLE ('',( #11223 ) ) ;
#3100 = ORIENTED_EDGE ( 'NONE', *, *, #7017, .T. ) ;
#3101 = ORIENTED_EDGE ( 'NONE', *, *, #11491, .T. ) ;
#3102 = LINE ( 'NONE', #4062, #2297 ) ;
#3103 = CARTESIAN_POINT ( 'NONE',  ( -0.08681088979673344530, 0.9810000000000003162, 0.2237086702488154111 ) ) ;
#3104 =( GEOMETRIC_REPRESENTATION_CONTEXT ( 3 ) GLOBAL_UNCERTAINTY_ASSIGNED_CONTEXT ( ( #2129 ) ) GLOBAL_UNIT_ASSIGNED_CONTEXT ( ( #10554, #5935, #7680 ) ) REPRESENTATION_CONTEXT ( 'NONE', 'WORKASPACE' ) );
#3105 = MECHANICAL_DESIGN_GEOMETRIC_PRESENTATION_REPRESENTATION (  '', ( #583 ), #7331 ) ;
#3106 = CARTESIAN_POINT ( 'NONE',  ( -0.2125646057502787178, 0.9800000000000004263, 0.2372177893396844039 ) ) ;
#3107 = FILL_AREA_STYLE ('',( #7807 ) ) ;
#3108 = ORIENTED_EDGE ( 'NONE', *, *, #2829, .F. ) ;
#3109 = SURFACE_STYLE_USAGE ( .BOTH. , #5948 ) ;
#3110 = ADVANCED_FACE ( 'NONE', ( #1152 ), #2603, .F. ) ;
#3111 = FILL_AREA_STYLE ('',( #1112 ) ) ;
#3112 = SURFACE_STYLE_USAGE ( .BOTH. , #5770 ) ;
#3113 = ORIENTED_EDGE ( 'NONE', *, *, #405, .F. ) ;
#3114 = LINE ( 'NONE', #5844, #9595 ) ;
#3115 = CARTESIAN_POINT ( 'NONE',  ( -0.2371444115801924490, 0.9810000000000003162, 0.3144553843501228241 ) ) ;
#3116 = AXIS2_PLACEMENT_3D ( 'NONE', #3881, #8481, #4735 ) ;
#3117 = MECHANICAL_DESIGN_GEOMETRIC_PRESENTATION_REPRESENTATION (  '', ( #1375 ), #10038 ) ;
#3118 = CARTESIAN_POINT ( 'NONE',  ( -0.1519441059519627546, 0.9810000000000003162, 0.3012045326352056351 ) ) ;
#3119 =( LENGTH_UNIT ( ) NAMED_UNIT ( * ) SI_UNIT ( .MILLI., .METRE. ) );
#3120 = PRESENTATION_STYLE_ASSIGNMENT (( #1304 ) ) ;
#3121 = ORIENTED_EDGE ( 'NONE', *, *, #3428, .F. ) ;
#3122 = VERTEX_POINT ( 'NONE', #9767 ) ;
#3123 = FILL_AREA_STYLE_COLOUR ( '', #4899 ) ;
#3124 = AXIS2_PLACEMENT_3D ( 'NONE', #2899, #4904, #1270 ) ;
#3125 = EDGE_LOOP ( 'NONE', ( #10003, #4134, #11578, #11177 ) ) ;
#3126 = CARTESIAN_POINT ( 'NONE',  ( 0.07274796198588512341, 0.9800000000000004263, 0.2335160094338862014 ) ) ;
#3127 = ORIENTED_EDGE ( 'NONE', *, *, #8274, .F. ) ;
#3128 = ADVANCED_FACE ( 'NONE', ( #8159 ), #8812, .F. ) ;
#3129 = FACE_OUTER_BOUND ( 'NONE', #8321, .T. ) ;
#3130 = SURFACE_STYLE_USAGE ( .BOTH. , #7722 ) ;
#3131 = VECTOR ( 'NONE', #10040, 1000.000000000000000 ) ;
#3132 = UNCERTAINTY_MEASURE_WITH_UNIT (LENGTH_MEASURE( 1.000000000000000082E-05 ), #8256, 'distance_accuracy_value', 'NONE');
#3133 = DIRECTION ( 'NONE',  ( 0.0000000000000000000, 0.0000000000000000000, -1.000000000000000000 ) ) ;
#3134 = CARTESIAN_POINT ( 'NONE',  ( -0.1495073765154116274, 0.9810000000000003162, 0.3241490534604413720 ) ) ;
#3135 =( NAMED_UNIT ( * ) SI_UNIT ( $, .STERADIAN. ) SOLID_ANGLE_UNIT ( ) );
#3136 = DIRECTION ( 'NONE',  ( -0.0000000000000000000, -1.000000000000000000, -0.0000000000000000000 ) ) ;
#3137 = LINE ( 'NONE', #9464, #5420 ) ;
#3138 = ORIENTED_EDGE ( 'NONE', *, *, #6592, .T. ) ;
#3139 = EDGE_CURVE ( 'NONE', #5887, #3302, #884, .T. ) ;
#3140 = CARTESIAN_POINT ( 'NONE',  ( 0.2022169666217112638, 0.9810000000000003162, 0.2264811313939439630 ) ) ;
#3141 = EDGE_CURVE ( 'NONE', #6638, #2415, #7183, .T. ) ;
#3142 = DIRECTION ( 'NONE',  ( -0.0000000000000000000, -1.000000000000000000, -0.0000000000000000000 ) ) ;
#3143 =( LENGTH_UNIT ( ) NAMED_UNIT ( * ) SI_UNIT ( .MILLI., .METRE. ) );
#3144 = EDGE_CURVE ( 'NONE', #8791, #115, #11115, .T. ) ;
#3145 = CARTESIAN_POINT ( 'NONE',  ( 0.1577257532260294970, 0.9810000000000003162, 0.3320868017686833262 ) ) ;
#3146 = DIRECTION ( 'NONE',  ( -0.0000000000000000000, -1.000000000000000000, -0.0000000000000000000 ) ) ;
#3147 = ORIENTED_EDGE ( 'NONE', *, *, #7398, .T. ) ;
#3148 = CARTESIAN_POINT ( 'NONE',  ( -0.1763723712847932723, 0.9800000000000004263, 0.3460799233489057491 ) ) ;
#3149 = LINE ( 'NONE', #1028, #11003 ) ;
#3150 = SURFACE_STYLE_USAGE ( .BOTH. , #3985 ) ;
#3151 = CARTESIAN_POINT ( 'NONE',  ( -0.2538087766958543878, 0.9800000000000004263, 0.2542376756705261309 ) ) ;
#3152 = EDGE_CURVE ( 'NONE', #743, #160, #10841, .T. ) ;
#3153 = LINE ( 'NONE', #5875, #2902 ) ;
#3154 = CARTESIAN_POINT ( 'NONE',  ( -0.1618681131406391194, 0.9810000000000003162, 0.3461827927239643499 ) ) ;
#3156 = ADVANCED_FACE ( 'NONE', ( #6217 ), #9827, .T. ) ;
#3155 =( NAMED_UNIT ( * ) PLANE_ANGLE_UNIT ( ) SI_UNIT ( $, .RADIAN. ) );
#3157 = CARTESIAN_POINT ( 'NONE',  ( -0.1356345043302168152, 0.9810000000000003162, 0.2520084467876314571 ) ) ;
#3158 = ADVANCED_FACE ( 'NONE', ( #2878 ), #669, .T. ) ;
#3159 = ORIENTED_EDGE ( 'NONE', *, *, #3172, .F. ) ;
#3160 = ORIENTED_EDGE ( 'NONE', *, *, #9219, .T. ) ;
#3161 = CARTESIAN_POINT ( 'NONE',  ( -0.1642756972842778773, 0.9810000000000003162, 0.2091741664913350507 ) ) ;
#3162 = ADVANCED_FACE ( 'NONE', ( #3722 ), #7531, .F. ) ;
#3163 =( NAMED_UNIT ( * ) SI_UNIT ( $, .STERADIAN. ) SOLID_ANGLE_UNIT ( ) );
#3164 = ORIENTED_EDGE ( 'NONE', *, *, #6914, .F. ) ;
#3165 = UNCERTAINTY_MEASURE_WITH_UNIT (LENGTH_MEASURE( 1.000000000000000082E-05 ), #3911, 'distance_accuracy_value', 'NONE');
#3166 = SURFACE_STYLE_USAGE ( .BOTH. , #1290 ) ;
#3167 = CARTESIAN_POINT ( 'NONE',  ( -0.09147336715208141678, 0.9800000000000004263, 0.2195424606302124049 ) ) ;
#3168 = VERTEX_POINT ( 'NONE', #9210 ) ;
#3169 = CARTESIAN_POINT ( 'NONE',  ( -0.5799999999999994049, -1.000000000000000444, 0.5300000000000001377 ) ) ;
#3170 = CARTESIAN_POINT ( 'NONE',  ( -0.1626110226560525951, 0.9810000000000003162, 0.2236909606880192469 ) ) ;
#3171 = CARTESIAN_POINT ( 'NONE',  ( -0.1279438937094599937, 0.9800000000000004263, 0.2140588837051433935 ) ) ;
#3172 = EDGE_CURVE ( 'NONE', #2318, #4905, #3092, .T. ) ;
#3173 =( NAMED_UNIT ( * ) SI_UNIT ( $, .STERADIAN. ) SOLID_ANGLE_UNIT ( ) );
#3174 = DIRECTION ( 'NONE',  ( 0.007092178509963215950, -0.0000000000000000000, -0.9999748501857348426 ) ) ;
#3175 = CARTESIAN_POINT ( 'NONE',  ( -0.1942976914693321233, 0.9800000000000004263, 0.3097163158567410313 ) ) ;
#3176 = ORIENTED_EDGE ( 'NONE', *, *, #4703, .T. ) ;
#3177 = ORIENTED_EDGE ( 'NONE', *, *, #11391, .F. ) ;
#3178 = FACE_OUTER_BOUND ( 'NONE', #11489, .T. ) ;
#3179 = ORIENTED_EDGE ( 'NONE', *, *, #244, .T. ) ;
#3180 =( LENGTH_UNIT ( ) NAMED_UNIT ( * ) SI_UNIT ( .MILLI., .METRE. ) );
#3181 = ORIENTED_EDGE ( 'NONE', *, *, #6554, .F. ) ;
#3182 = ORIENTED_EDGE ( 'NONE', *, *, #6546, .F. ) ;
#3183 =( LENGTH_UNIT ( ) NAMED_UNIT ( * ) SI_UNIT ( .MILLI., .METRE. ) );
#3184 = ADVANCED_FACE ( 'NONE', ( #827 ), #273, .T. ) ;
#3185 = CARTESIAN_POINT ( 'NONE',  ( -0.1012904573062684277, 0.9810000000000003162, 0.3007579537369385325 ) ) ;
#3186 = SURFACE_STYLE_FILL_AREA ( #2942 ) ;
#3187 = CARTESIAN_POINT ( 'NONE',  ( -0.1279438937094599937, 0.9810000000000003162, 0.2140588837051433935 ) ) ;
#3188 = CARTESIAN_POINT ( 'NONE',  ( -0.2912490753945281008, 0.9800000000000004263, 0.2553758442002304618 ) ) ;
#3189 = MECHANICAL_DESIGN_GEOMETRIC_PRESENTATION_REPRESENTATION (  '', ( #8581 ), #11056 ) ;
#3190 = PLANE ( 'NONE',  #443 ) ;
#3191 = PRESENTATION_LAYER_ASSIGNMENT (  '', '', ( #5701 ) ) ;
#3192 = FILL_AREA_STYLE ('',( #11268 ) ) ;
#3193 = ORIENTED_EDGE ( 'NONE', *, *, #6622, .T. ) ;
#3194 = CARTESIAN_POINT ( 'NONE',  ( -0.1278942141534321897, 0.9810000000000003162, 0.2308777433289414260 ) ) ;
#3195 = CARTESIAN_POINT ( 'NONE',  ( 0.09802132204498795187, 0.9800000000000004263, 0.3399779926670717933 ) ) ;
#3196 = FACE_OUTER_BOUND ( 'NONE', #2662, .T. ) ;
#3197 =( LENGTH_UNIT ( ) NAMED_UNIT ( * ) SI_UNIT ( .MILLI., .METRE. ) );
#3198 = CARTESIAN_POINT ( 'NONE',  ( 0.3817097946182765877, -1.034353464437637760, 0.5300000000000001377 ) ) ;
#3199 = AXIS2_PLACEMENT_3D ( 'NONE', #7400, #4514, #946 ) ;
#3200 = ORIENTED_EDGE ( 'NONE', *, *, #10187, .F. ) ;
#3201 =( NAMED_UNIT ( * ) SI_UNIT ( $, .STERADIAN. ) SOLID_ANGLE_UNIT ( ) );
#3202 = STYLED_ITEM ( 'NONE', ( #6653 ), #8838 ) ;
#3203 = CARTESIAN_POINT ( 'NONE',  ( 0.01684555845657268944, 0.9800000000000004263, 0.2660165733965533796 ) ) ;
#3204 = B_SPLINE_CURVE_WITH_KNOTS ( 'NONE', 3,
 ( #11601, #4317, #4138, #8007 ),
 .UNSPECIFIED., .F., .F.,
 ( 4, 4 ),
 ( 7.000000000000000000, 8.000000000000000000 ),
 .UNSPECIFIED. ) ;
#3205 = EDGE_CURVE ( 'NONE', #2973, #1655, #11262, .T. ) ;
#3206 = FACE_OUTER_BOUND ( 'NONE', #9298, .T. ) ;
#3207 = SURFACE_SIDE_STYLE ('',( #5200 ) ) ;
#3208 = VECTOR ( 'NONE', #2168, 999.9999999999998863 ) ;
#3209 = B_SPLINE_SURFACE_WITH_KNOTS ( 'NONE', 3, 1, ( 
 ( #2962, #1931 ),
 ( #3798, #4848 ),
 ( #5687, #8521 ),
 ( #9348, #7618 ) ),
 .UNSPECIFIED., .F., .F., .F.,
 ( 4, 4 ),
 ( 2, 2 ),
 ( 1.000000000000000000, 2.000000000000000000 ),
 ( 0.0000000000000000000, 1.000000000000000000 ),
 .UNSPECIFIED. ) ;
#3210 = AXIS2_PLACEMENT_3D ( 'NONE', #7851, #7794, #10492 ) ;
#3211 = PRESENTATION_STYLE_ASSIGNMENT (( #10558 ) ) ;
#3212 = FACE_OUTER_BOUND ( 'NONE', #2559, .T. ) ;
#3213 = VERTEX_POINT ( 'NONE', #5732 ) ;
#3214 = VERTEX_POINT ( 'NONE', #6643 ) ;
#3215 = UNCERTAINTY_MEASURE_WITH_UNIT (LENGTH_MEASURE( 1.000000000000000082E-05 ), #6632, 'distance_accuracy_value', 'NONE');
#3216 = LINE ( 'NONE', #6898, #4231 ) ;
#3217 = PRESENTATION_LAYER_ASSIGNMENT (  '', '', ( #8427 ) ) ;
#3218 =( NAMED_UNIT ( * ) SI_UNIT ( $, .STERADIAN. ) SOLID_ANGLE_UNIT ( ) );
#3219 = VECTOR ( 'NONE', #9617, 1000.000000000000114 ) ;
#3220 = EDGE_CURVE ( 'NONE', #8765, #1243, #10481, .T. ) ;
#3221 = ORIENTED_EDGE ( 'NONE', *, *, #11314, .T. ) ;
#3222 = SURFACE_STYLE_USAGE ( .BOTH. , #11462 ) ;
#3223 = COLOUR_RGB ( '',0.2235294117647058654, 0.2235294117647058654, 0.2235294117647058654 ) ;
#3224 =( NAMED_UNIT ( * ) SI_UNIT ( $, .STERADIAN. ) SOLID_ANGLE_UNIT ( ) );
#3225 = CARTESIAN_POINT ( 'NONE',  ( -0.1906467391812632917, 0.9800000000000004263, 0.3062329384880760896 ) ) ;
#3226 = EDGE_LOOP ( 'NONE', ( #5099, #8815, #11284, #2789 ) ) ;
#3227 = CARTESIAN_POINT ( 'NONE',  ( -0.1639402752660993612, 0.9800000000000004263, 0.2223558084692126846 ) ) ;
#3228 = LINE ( 'NONE', #3047, #5150 ) ;
#3229 = ORIENTED_EDGE ( 'NONE', *, *, #1299, .F. ) ;
#3230 = UNCERTAINTY_MEASURE_WITH_UNIT (LENGTH_MEASURE( 1.000000000000000082E-05 ), #828, 'distance_accuracy_value', 'NONE');
#3231 = CARTESIAN_POINT ( 'NONE',  ( -0.09705687510639963989, 0.9800000000000004263, 0.3415735098287858151 ) ) ;
#3232 = LINE ( 'NONE', #6911, #2416 ) ;
#3233 = CARTESIAN_POINT ( 'NONE',  ( -0.1760709587560318201, 0.9800000000000004263, 0.3402332756990598117 ) ) ;
#3234 = PLANE ( 'NONE',  #3075 ) ;
#3235 = VECTOR ( 'NONE', #7200, 1000.000000000000000 ) ;
#3236 = CARTESIAN_POINT ( 'NONE',  ( -0.1181075522258395460, 0.9810000000000003162, 0.2162602038860722276 ) ) ;
#3237 = CARTESIAN_POINT ( 'NONE',  ( -0.1384900796140219881, 0.9810000000000003162, 0.2514683019951686749 ) ) ;
#3238 = VERTEX_POINT ( 'NONE', #8503 ) ;
#3239 = ORIENTED_EDGE ( 'NONE', *, *, #2829, .T. ) ;
#3240 =( NAMED_UNIT ( * ) SI_UNIT ( $, .STERADIAN. ) SOLID_ANGLE_UNIT ( ) );
#3241 =( NAMED_UNIT ( * ) SI_UNIT ( $, .STERADIAN. ) SOLID_ANGLE_UNIT ( ) );
#3242 = ORIENTED_EDGE ( 'NONE', *, *, #6092, .T. ) ;
#3243 = CARTESIAN_POINT ( 'NONE',  ( 0.06765124920874769632, 0.9810000000000003162, 0.2385409496262888840 ) ) ;
#3244 = EDGE_CURVE ( 'NONE', #7925, #6312, #11324, .T. ) ;
#3245 = ORIENTED_EDGE ( 'NONE', *, *, #8172, .T. ) ;
#3246 = ORIENTED_EDGE ( 'NONE', *, *, #1000, .F. ) ;
#3247 = CARTESIAN_POINT ( 'NONE',  ( -0.2057221106415925982, 0.9810000000000003162, 0.2950263236617829965 ) ) ;
#3248 = DIRECTION ( 'NONE',  ( 0.9999748501857348426, -0.0000000000000000000, 0.007092178509961008515 ) ) ;
#3249 = CARTESIAN_POINT ( 'NONE',  ( -0.1461948790893620176, 0.9810000000000003162, 0.2511017215875920860 ) ) ;
#3250 =( LENGTH_UNIT ( ) NAMED_UNIT ( * ) SI_UNIT ( .MILLI., .METRE. ) );
#3251 = FILL_AREA_STYLE ('',( #8088 ) ) ;
#3252 = LINE ( 'NONE', #3310, #642 ) ;
#3253 = VECTOR ( 'NONE', #9282, 1000.000000000000000 ) ;
#3254 = LINE ( 'NONE', #9938, #7931 ) ;
#3255 = VERTEX_POINT ( 'NONE', #219 ) ;
#3256 = ADVANCED_FACE ( 'NONE', ( #3901 ), #10880, .T. ) ;
#3257 = CARTESIAN_POINT ( 'NONE',  ( -0.2831783384289687788, 0.9810000000000003162, 0.2334676463382734657 ) ) ;
#3258 = SURFACE_STYLE_USAGE ( .BOTH. , #1324 ) ;
#3259 = SURFACE_SIDE_STYLE ('',( #7912 ) ) ;
#3260 = CARTESIAN_POINT ( 'NONE',  ( -0.2394708957524849247, 0.9810000000000003162, 0.2649711571210510153 ) ) ;
#3261 = VECTOR ( 'NONE', #10426, 1000.000000000000000 ) ;
#3262 = DIRECTION ( 'NONE',  ( -0.007092178509970711690, -0.0000000000000000000, 0.9999748501857347316 ) ) ;
#3263 = DIRECTION ( 'NONE',  ( -0.0000000000000000000, -1.000000000000000000, -0.0000000000000000000 ) ) ;
#3264 = FILL_AREA_STYLE ('',( #5310 ) ) ;
#3265 = CARTESIAN_POINT ( 'NONE',  ( -0.2586451891742486686, 0.9800000000000004263, 0.2581025643573647277 ) ) ;
#3266 = ORIENTED_EDGE ( 'NONE', *, *, #3144, .F. ) ;
#3267 = VECTOR ( 'NONE', #2663, 1000.000000000000000 ) ;
#3268 = CARTESIAN_POINT ( 'NONE',  ( -0.1410897765776967239, 0.9810000000000003162, 0.2441713755496451588 ) ) ;
#3269 = PRESENTATION_LAYER_ASSIGNMENT (  '', '', ( #8102 ) ) ;
#3270 =( NAMED_UNIT ( * ) SI_UNIT ( $, .STERADIAN. ) SOLID_ANGLE_UNIT ( ) );
#3271 = ORIENTED_EDGE ( 'NONE', *, *, #86, .F. ) ;
#3272 = ORIENTED_EDGE ( 'NONE', *, *, #7945, .F. ) ;
#3273 = CARTESIAN_POINT ( 'NONE',  ( 0.1606150882671101288, 0.9810000000000003162, 0.3324688012273488980 ) ) ;
#3274 = ADVANCED_FACE ( 'NONE', ( #3961 ), #5711, .F. ) ;
#3275 = AXIS2_PLACEMENT_3D ( 'NONE', #9060, #2364, #10805 ) ;
#3276 = LINE ( 'NONE', #3446, #9662 ) ;
#3277 = SURFACE_STYLE_FILL_AREA ( #7081 ) ;
#3278 = VECTOR ( 'NONE', #3648, 1000.000000000000000 ) ;
#3279 = ORIENTED_EDGE ( 'NONE', *, *, #7243, .T. ) ;
#3280 = SURFACE_SIDE_STYLE ('',( #11638 ) ) ;
#3281 = VECTOR ( 'NONE', #1020, 1000.000000000000000 ) ;
#3282 = ORIENTED_EDGE ( 'NONE', *, *, #11619, .F. ) ;
#3283 = FACE_OUTER_BOUND ( 'NONE', #6123, .T. ) ;
#3284 = STYLED_ITEM ( 'NONE', ( #2697 ), #4545 ) ;
#3285 = FILL_AREA_STYLE ('',( #5160 ) ) ;
#3286 = VERTEX_POINT ( 'NONE', #3249 ) ;
#3287 = CARTESIAN_POINT ( 'NONE',  ( 0.1621738583449651716, 0.9800000000000004263, 0.2656012851959037024 ) ) ;
#3288 = EDGE_CURVE ( 'NONE', #6051, #8356, #7043, .T. ) ;
#3289 =( GEOMETRIC_REPRESENTATION_CONTEXT ( 3 ) GLOBAL_UNCERTAINTY_ASSIGNED_CONTEXT ( ( #1514 ) ) GLOBAL_UNIT_ASSIGNED_CONTEXT ( ( #1913, #42, #4588 ) ) REPRESENTATION_CONTEXT ( 'NONE', 'WORKASPACE' ) );
#3290 = CARTESIAN_POINT ( 'NONE',  ( -0.1115721950537148927, 0.9800000000000004263, 0.3466954769348883358 ) ) ;
#3291 = CARTESIAN_POINT ( 'NONE',  ( -0.09590984541418960674, 0.9800000000000004263, 0.3007961149567175974 ) ) ;
#3292 = CARTESIAN_POINT ( 'NONE',  ( -0.1427102068934577028, 0.9810000000000003162, 0.2270814295841633301 ) ) ;
#3293 = SURFACE_STYLE_FILL_AREA ( #1240 ) ;
#3294 = ORIENTED_EDGE ( 'NONE', *, *, #2044, .F. ) ;
#3295 = ORIENTED_EDGE ( 'NONE', *, *, #3941, .T. ) ;
#3296 = EDGE_CURVE ( 'NONE', #2677, #10416, #11555, .T. ) ;
#3297 = COLOUR_RGB ( '',0.2235294117647058654, 0.2235294117647058654, 0.2235294117647058654 ) ;
#3298 = ORIENTED_EDGE ( 'NONE', *, *, #10616, .F. ) ;
#3299 = FILL_AREA_STYLE ('',( #1649 ) ) ;
#3300 = VECTOR ( 'NONE', #8416, 1000.000000000000000 ) ;
#3301 = VERTEX_POINT ( 'NONE', #8795 ) ;
#3302 = VERTEX_POINT ( 'NONE', #2570 ) ;
#3303 = CARTESIAN_POINT ( 'NONE',  ( 0.1332087075751947625, 0.9800000000000004263, 0.2209306122946781414 ) ) ;
#3304 = VECTOR ( 'NONE', #1717, 1000.000000000000000 ) ;
#3305 = CARTESIAN_POINT ( 'NONE',  ( 0.09802132204498795187, 0.9800000000000004263, 0.3399779926670717933 ) ) ;
#3306 = MECHANICAL_DESIGN_GEOMETRIC_PRESENTATION_REPRESENTATION (  '', ( #8509 ), #7944 ) ;
#3307 = CARTESIAN_POINT ( 'NONE',  ( -0.005569245625948512218, 0.9800000000000004263, 0.2662191137651554462 ) ) ;
#3308 = ADVANCED_FACE ( 'NONE', ( #10603 ), #1658, .F. ) ;
#3309 = B_SPLINE_SURFACE_WITH_KNOTS ( 'NONE', 3, 1, ( 
 ( #8901, #7547 ),
 ( #3861, #3793 ),
 ( #4717, #10269 ),
 ( #965, #1085 ) ),
 .UNSPECIFIED., .F., .F., .F.,
 ( 4, 4 ),
 ( 2, 2 ),
 ( 0.0000000000000000000, 1.000000000000000000 ),
 ( 0.0000000000000000000, 1.000000000000000000 ),
 .UNSPECIFIED. ) ;
#3310 = CARTESIAN_POINT ( 'NONE',  ( 0.2499999999999994171, -1.000000000000000444, 0.02000000000000000042 ) ) ;
#3311 = CARTESIAN_POINT ( 'NONE',  ( 0.02988217082207585834, 0.9800000000000004263, 0.3138278063142558860 ) ) ;
#3312 = ORIENTED_EDGE ( 'NONE', *, *, #8996, .T. ) ;
#3313 = DIRECTION ( 'NONE',  ( 0.9999748501857348426, 0.0000000000000000000, 0.007092178509964145762 ) ) ;
#3314 = FILL_AREA_STYLE_COLOUR ( '', #10891 ) ;
#3315 = CARTESIAN_POINT ( 'NONE',  ( -0.1955466647065569052, 0.9800000000000004263, 0.3392113305852193506 ) ) ;
#3316 = FACE_OUTER_BOUND ( 'NONE', #6989, .T. ) ;
#3317 = EDGE_CURVE ( 'NONE', #1811, #8092, #7647, .T. ) ;
#3318 = CARTESIAN_POINT ( 'NONE',  ( -0.1840793830045865109, 0.9800000000000004263, 0.3460252624712996106 ) ) ;
#3319 = CARTESIAN_POINT ( 'NONE',  ( -0.1961842349277509723, 0.9800000000000004263, 0.3209845929408485232 ) ) ;
#3320 = VECTOR ( 'NONE', #103, 1000.000000000000114 ) ;
#3321 = SURFACE_SIDE_STYLE ('',( #10666 ) ) ;
#3322 = CARTESIAN_POINT ( 'NONE',  ( -0.1271894467118268313, 0.9810000000000003162, 0.2377973058347565283 ) ) ;
#3323 = CARTESIAN_POINT ( 'NONE',  ( -0.1944046177862706892, 0.9800000000000004263, 0.3321229041344889166 ) ) ;
#3324 = PLANE ( 'NONE',  #727 ) ;
#3325 = ORIENTED_EDGE ( 'NONE', *, *, #2139, .T. ) ;
#3326 = VERTEX_POINT ( 'NONE', #8857 ) ;
#3327 = UNCERTAINTY_MEASURE_WITH_UNIT (LENGTH_MEASURE( 1.000000000000000082E-05 ), #112, 'distance_accuracy_value', 'NONE');
#3328 = FACE_OUTER_BOUND ( 'NONE', #4318, .T. ) ;
#3329 = LINE ( 'NONE', #7865, #6359 ) ;
#3330 = CARTESIAN_POINT ( 'NONE',  ( -0.08764267869100149377, 0.9810000000000003162, 0.2456942039155791124 ) ) ;
#3331 = EDGE_CURVE ( 'NONE', #8492, #9116, #9872, .T. ) ;
#3332 = SURFACE_STYLE_USAGE ( .BOTH. , #8767 ) ;
#3333 = EDGE_LOOP ( 'NONE', ( #4974, #9507, #10278, #3179 ) ) ;
#3334 = CARTESIAN_POINT ( 'NONE',  ( -0.1279438937094599937, 0.9810000000000003162, 0.2140588837051433935 ) ) ;
#3335 = EDGE_CURVE ( 'NONE', #11377, #10564, #6931, .T. ) ;
#3336 = CARTESIAN_POINT ( 'NONE',  ( -0.2575031422539598713, 0.9810000000000003162, 0.2510141379062890699 ) ) ;
#3337 =( LENGTH_UNIT ( ) NAMED_UNIT ( * ) SI_UNIT ( .MILLI., .METRE. ) );
#3338 = ORIENTED_EDGE ( 'NONE', *, *, #1203, .F. ) ;
#3339 = UNCERTAINTY_MEASURE_WITH_UNIT (LENGTH_MEASURE( 1.000000000000000082E-05 ), #9463, 'distance_accuracy_value', 'NONE');
#3340 =( GEOMETRIC_REPRESENTATION_CONTEXT ( 3 ) GLOBAL_UNCERTAINTY_ASSIGNED_CONTEXT ( ( #2263 ) ) GLOBAL_UNIT_ASSIGNED_CONTEXT ( ( #4505, #10054, #6325 ) ) REPRESENTATION_CONTEXT ( 'NONE', 'WORKASPACE' ) );
#3341 = CARTESIAN_POINT ( 'NONE',  ( -0.1027004626466781617, 0.9810000000000003162, 0.3474602526721866647 ) ) ;
#3342 = CARTESIAN_POINT ( 'NONE',  ( 0.1612945021292072345, 0.9800000000000004263, 0.2366745570461957215 ) ) ;
#3343 = SURFACE_SIDE_STYLE ('',( #11712 ) ) ;
#3344 = CARTESIAN_POINT ( 'NONE',  ( 0.0000000000000000000, 0.0000000000000000000, 0.0000000000000000000 ) ) ;
#3345 = DIRECTION ( 'NONE',  ( 0.9410702468860460135, -0.0000000000000000000, 0.3382111624796505511 ) ) ;
#3346 = PRESENTATION_STYLE_ASSIGNMENT (( #1593 ) ) ;
#3347 = ORIENTED_EDGE ( 'NONE', *, *, #357, .T. ) ;
#3348 = VERTEX_POINT ( 'NONE', #7840 ) ;
#3349 = ADVANCED_FACE ( 'NONE', ( #7962 ), #4657, .F. ) ;
#3350 = CARTESIAN_POINT ( 'NONE',  ( -0.005569245625948512218, 0.9810000000000003162, 0.2662191137651554462 ) ) ;
#3351 = VERTEX_POINT ( 'NONE', #609 ) ;
#3352 = UNCERTAINTY_MEASURE_WITH_UNIT (LENGTH_MEASURE( 1.000000000000000082E-05 ), #11487, 'distance_accuracy_value', 'NONE');
#3353 = B_SPLINE_CURVE_WITH_KNOTS ( 'NONE', 3,
 ( #6333, #3719, #7397, #11062 ),
 .UNSPECIFIED., .F., .F.,
 ( 4, 4 ),
 ( 11.00000000000000000, 12.00000000000000000 ),
 .UNSPECIFIED. ) ;
#3354 = ORIENTED_EDGE ( 'NONE', *, *, #6498, .T. ) ;
#3355 = ORIENTED_EDGE ( 'NONE', *, *, #9854, .F. ) ;
#3356 =( LENGTH_UNIT ( ) NAMED_UNIT ( * ) SI_UNIT ( .MILLI., .METRE. ) );
#3357 = EDGE_CURVE ( 'NONE', #7835, #3364, #3939, .T. ) ;
#3358 = CARTESIAN_POINT ( 'NONE',  ( -0.1876565740791538706, 0.9810000000000003162, 0.2144932019206998719 ) ) ;
#3359 = DIRECTION ( 'NONE',  ( 0.0000000000000000000, 0.0000000000000000000, 1.000000000000000000 ) ) ;
#3360 = LINE ( 'NONE', #2280, #3486 ) ;
#3361 = CARTESIAN_POINT ( 'NONE',  ( -0.2057221106415925982, 0.9800000000000004263, 0.2950263236617829965 ) ) ;
#3362 = EDGE_CURVE ( 'NONE', #4450, #2063, #10801, .T. ) ;
#3363 = DIRECTION ( 'NONE',  ( -0.007092178509964370409, 0.0000000000000000000, 0.9999748501857348426 ) ) ;
#3364 = VERTEX_POINT ( 'NONE', #11633 ) ;
#3365 = CARTESIAN_POINT ( 'NONE',  ( 0.04919997201009356641, 0.9800000000000004263, 0.3425237802703828272 ) ) ;
#3366 =( NAMED_UNIT ( * ) PLANE_ANGLE_UNIT ( ) SI_UNIT ( $, .RADIAN. ) );
#3367 =( LENGTH_UNIT ( ) NAMED_UNIT ( * ) SI_UNIT ( .MILLI., .METRE. ) );
#3368 = VECTOR ( 'NONE', #4424, 1000.000000000000114 ) ;
#3369 = VECTOR ( 'NONE', #2094, 1000.000000000000000 ) ;
#3370 =( NAMED_UNIT ( * ) PLANE_ANGLE_UNIT ( ) SI_UNIT ( $, .RADIAN. ) );
#3371 = CARTESIAN_POINT ( 'NONE',  ( -0.2535694000644493906, 0.9800000000000004263, 0.2626356297533611883 ) ) ;
#3372 =( NAMED_UNIT ( * ) PLANE_ANGLE_UNIT ( ) SI_UNIT ( $, .RADIAN. ) );
#3373 = CARTESIAN_POINT ( 'NONE',  ( 0.1807789363790551496, 0.9810000000000003162, 0.2418738492965728792 ) ) ;
#3374 = FILL_AREA_STYLE_COLOUR ( '', #9178 ) ;
#3375 = COLOUR_RGB ( '',0.2235294117647058654, 0.2235294117647058654, 0.2235294117647058654 ) ;
#3376 = ORIENTED_EDGE ( 'NONE', *, *, #9670, .T. ) ;
#3377 = EDGE_CURVE ( 'NONE', #2795, #2163, #4360, .T. ) ;
#3378 = VECTOR ( 'NONE', #5058, 1000.000000000000114 ) ;
#3379 = ORIENTED_EDGE ( 'NONE', *, *, #2756, .T. ) ;
#3380 =( GEOMETRIC_REPRESENTATION_CONTEXT ( 3 ) GLOBAL_UNCERTAINTY_ASSIGNED_CONTEXT ( ( #7022 ) ) GLOBAL_UNIT_ASSIGNED_CONTEXT ( ( #9652, #3366, #9766 ) ) REPRESENTATION_CONTEXT ( 'NONE', 'WORKASPACE' ) );
#3381 = PRESENTATION_STYLE_ASSIGNMENT (( #9896 ) ) ;
#3382 = FACE_OUTER_BOUND ( 'NONE', #10211, .T. ) ;
#3383 = SURFACE_STYLE_FILL_AREA ( #5383 ) ;
#3384 =( LENGTH_UNIT ( ) NAMED_UNIT ( * ) SI_UNIT ( .MILLI., .METRE. ) );
#3385 = FACE_OUTER_BOUND ( 'NONE', #2086, .T. ) ;
#3386 = VECTOR ( 'NONE', #2278, 1000.000000000000000 ) ;
#3387 = EDGE_LOOP ( 'NONE', ( #6925, #1339, #10021, #4883, #10643, #7967 ) ) ;
#3388 = CARTESIAN_POINT ( 'NONE',  ( -0.1183255496279410762, 0.9800000000000004263, 0.2414994159896735326 ) ) ;
#3389 = COLOUR_RGB ( '',0.2235294117647058654, 0.2235294117647058654, 0.2235294117647058654 ) ;
#3390 = UNCERTAINTY_MEASURE_WITH_UNIT (LENGTH_MEASURE( 1.000000000000000082E-05 ), #2597, 'distance_accuracy_value', 'NONE');
#3391 = PRESENTATION_STYLE_ASSIGNMENT (( #2255 ) ) ;
#3392 = DIRECTION ( 'NONE',  ( 0.0000000000000000000, 0.0000000000000000000, 1.000000000000000000 ) ) ;
#3393 = EDGE_LOOP ( 'NONE', ( #7826, #4910, #6692, #3138 ) ) ;
#3394 = EDGE_CURVE ( 'NONE', #1049, #8679, #8974, .T. ) ;
#3395 = CIRCLE ( 'NONE', #5519, 0.02000000000000000042 ) ;
#3396 = LINE ( 'NONE', #6302, #5776 ) ;
#3397 =( GEOMETRIC_REPRESENTATION_CONTEXT ( 3 ) GLOBAL_UNCERTAINTY_ASSIGNED_CONTEXT ( ( #1037 ) ) GLOBAL_UNIT_ASSIGNED_CONTEXT ( ( #1388, #4045, #10490 ) ) REPRESENTATION_CONTEXT ( 'NONE', 'WORKASPACE' ) );
#3398 = CARTESIAN_POINT ( 'NONE',  ( -0.2583828538324782764, 0.9810000000000003162, 0.2211141067604965316 ) ) ;
#3399 = B_SPLINE_SURFACE_WITH_KNOTS ( 'NONE', 3, 1, ( 
 ( #10977, #1853 ),
 ( #5563, #7304 ),
 ( #1986, #5678 ),
 ( #11147, #9226 ) ),
 .UNSPECIFIED., .F., .F., .F.,
 ( 4, 4 ),
 ( 2, 2 ),
 ( 5.000000000000000000, 6.000000000000000000 ),
 ( 0.0000000000000000000, 1.000000000000000000 ),
 .UNSPECIFIED. ) ;
#3400 = SURFACE_SIDE_STYLE ('',( #6187 ) ) ;
#3401 = CARTESIAN_POINT ( 'NONE',  ( 0.1547441416519498014, 0.9800000000000004263, 0.2427737023457094134 ) ) ;
#3402 = PRESENTATION_STYLE_ASSIGNMENT (( #1476 ) ) ;
#3403 = CARTESIAN_POINT ( 'NONE',  ( 0.04773351886878311745, 0.9810000000000003162, 0.2944330980640477158 ) ) ;
#3404 =( NAMED_UNIT ( * ) SI_UNIT ( $, .STERADIAN. ) SOLID_ANGLE_UNIT ( ) );
#3405 = ORIENTED_EDGE ( 'NONE', *, *, #8370, .T. ) ;
#3406 = ORIENTED_EDGE ( 'NONE', *, *, #173, .T. ) ;
#3407 =( NAMED_UNIT ( * ) SI_UNIT ( $, .STERADIAN. ) SOLID_ANGLE_UNIT ( ) );
#3408 = AXIS2_PLACEMENT_3D ( 'NONE', #9676, #5272, #6179 ) ;
#3409 = PRESENTATION_LAYER_ASSIGNMENT (  '', '', ( #1296 ) ) ;
#3410 = CARTESIAN_POINT ( 'NONE',  ( 0.5800000000000001821, -0.9800000000000004263, 0.5300000000000001377 ) ) ;
#3411 = MECHANICAL_DESIGN_GEOMETRIC_PRESENTATION_REPRESENTATION (  '', ( #7261 ), #6305 ) ;
#3412 = ORIENTED_EDGE ( 'NONE', *, *, #9031, .F. ) ;
#3413 = PLANE ( 'NONE',  #4780 ) ;
#3414 = VERTEX_POINT ( 'NONE', #7930 ) ;
#3415 = ORIENTED_EDGE ( 'NONE', *, *, #1216, .F. ) ;
#3416 =( GEOMETRIC_REPRESENTATION_CONTEXT ( 3 ) GLOBAL_UNCERTAINTY_ASSIGNED_CONTEXT ( ( #7817 ) ) GLOBAL_UNIT_ASSIGNED_CONTEXT ( ( #6921, #8846, #7953 ) ) REPRESENTATION_CONTEXT ( 'NONE', 'WORKASPACE' ) );
#3417 = CARTESIAN_POINT ( 'NONE',  ( -0.1942976914693321233, 0.9810000000000003162, 0.3097163158567410313 ) ) ;
#3418 = MECHANICAL_DESIGN_GEOMETRIC_PRESENTATION_REPRESENTATION (  '', ( #6513 ), #5346 ) ;
#3419 = EDGE_CURVE ( 'NONE', #11373, #1705, #1354, .T. ) ;
#3420 = CARTESIAN_POINT ( 'NONE',  ( -0.07175893125868469669, 0.9800000000000004263, 0.2382164334341080880 ) ) ;
#3421 = SURFACE_SIDE_STYLE ('',( #10769 ) ) ;
#3422 = SURFACE_STYLE_FILL_AREA ( #813 ) ;
#3423 = SURFACE_SIDE_STYLE ('',( #9701 ) ) ;
#3424 = CARTESIAN_POINT ( 'NONE',  ( -0.005569245625948512218, 0.9800000000000004263, 0.2662191137651554462 ) ) ;
#3425 = VERTEX_POINT ( 'NONE', #2477 ) ;
#3426 = VECTOR ( 'NONE', #6298, 1000.000000000000000 ) ;
#3427 = DIRECTION ( 'NONE',  ( 0.9999748501857348426, -0.0000000000000000000, 0.007092178509962634818 ) ) ;
#3428 = EDGE_CURVE ( 'NONE', #3563, #1234, #9965, .T. ) ;
#3429 = DIRECTION ( 'NONE',  ( -0.0000000000000000000, -1.000000000000000000, -0.0000000000000000000 ) ) ;
#3430 = VECTOR ( 'NONE', #474, 1000.000000000000114 ) ;
#3431 = CARTESIAN_POINT ( 'NONE',  ( -0.08403495647966544024, 0.9810000000000003162, 0.2428083957821409733 ) ) ;
#3432 = SURFACE_STYLE_FILL_AREA ( #3264 ) ;
#3433 = MECHANICAL_DESIGN_GEOMETRIC_PRESENTATION_REPRESENTATION (  '', ( #8833 ), #3614 ) ;
#3434 = DIRECTION ( 'NONE',  ( 0.9999748501857348426, -0.0000000000000000000, 0.007092178509965330578 ) ) ;
#3435 = CARTESIAN_POINT ( 'NONE',  ( -0.1271894467118268313, 0.9800000000000004263, 0.2377973058347565283 ) ) ;
#3436 = LINE ( 'NONE', #1620, #384 ) ;
#3437 = EDGE_CURVE ( 'NONE', #6200, #5411, #6099, .T. ) ;
#3438 = DIRECTION ( 'NONE',  ( -0.0000000000000000000, -1.000000000000000000, -0.0000000000000000000 ) ) ;
#3439 =( NAMED_UNIT ( * ) SI_UNIT ( $, .STERADIAN. ) SOLID_ANGLE_UNIT ( ) );
#3440 = VECTOR ( 'NONE', #7522, 1000.000000000000114 ) ;
#3441 = ORIENTED_EDGE ( 'NONE', *, *, #4030, .T. ) ;
#3442 = UNCERTAINTY_MEASURE_WITH_UNIT (LENGTH_MEASURE( 1.000000000000000082E-05 ), #11155, 'distance_accuracy_value', 'NONE');
#3443 = CYLINDRICAL_SURFACE ( 'NONE', #5199, 0.01999999999999999695 ) ;
#3444 = DIRECTION ( 'NONE',  ( -0.007092178509965773800, -0.0000000000000000000, 0.9999748501857348426 ) ) ;
#3445 = CARTESIAN_POINT ( 'NONE',  ( -0.2057221106415925982, 0.9800000000000004263, 0.2950263236617829965 ) ) ;
#3446 = CARTESIAN_POINT ( 'NONE',  ( -0.1032049167189015987, 0.9810000000000003162, 0.2298311023591409763 ) ) ;
#3447 = COLOUR_RGB ( '',0.2235294117647058654, 0.2235294117647058654, 0.2235294117647058654 ) ;
#3448 = FACE_OUTER_BOUND ( 'NONE', #6818, .T. ) ;
#3449 = STYLED_ITEM ( 'NONE', ( #1868 ), #8534 ) ;
#3450 = ADVANCED_FACE ( 'NONE', ( #7018 ), #3665, .F. ) ;
#3451 = ORIENTED_EDGE ( 'NONE', *, *, #7869, .F. ) ;
#3452 = DIRECTION ( 'NONE',  ( 0.007092178509964274999, -0.0000000000000000000, -0.9999748501857348426 ) ) ;
#3453 = PLANE ( 'NONE',  #2599 ) ;
#3454 = ORIENTED_EDGE ( 'NONE', *, *, #6747, .F. ) ;
#3455 = UNCERTAINTY_MEASURE_WITH_UNIT (LENGTH_MEASURE( 1.000000000000000082E-05 ), #4987, 'distance_accuracy_value', 'NONE');
#3456 = COLOUR_RGB ( '',0.2235294117647058654, 0.2235294117647058654, 0.2235294117647058654 ) ;
#3457 =( GEOMETRIC_REPRESENTATION_CONTEXT ( 3 ) GLOBAL_UNCERTAINTY_ASSIGNED_CONTEXT ( ( #4790 ) ) GLOBAL_UNIT_ASSIGNED_CONTEXT ( ( #2137, #2068, #5763 ) ) REPRESENTATION_CONTEXT ( 'NONE', 'WORKASPACE' ) );
#3458 = DIRECTION ( 'NONE',  ( -0.0000000000000000000, -1.000000000000000000, -0.0000000000000000000 ) ) ;
#3459 = CARTESIAN_POINT ( 'NONE',  ( -0.1183255496279410762, 0.9810000000000003162, 0.2414994159896735326 ) ) ;
#3460 = AXIS2_PLACEMENT_3D ( 'NONE', #8512, #6831, #11213 ) ;
#3461 = CARTESIAN_POINT ( 'NONE',  ( 0.02824395665767102243, 0.9810000000000003162, 0.2389844735709412971 ) ) ;
#3462 = CARTESIAN_POINT ( 'NONE',  ( -0.1022564371421887941, 0.9810000000000003162, 0.2243789629646361639 ) ) ;
#3463 =( LENGTH_UNIT ( ) NAMED_UNIT ( * ) SI_UNIT ( .MILLI., .METRE. ) );
#3464 = EDGE_CURVE ( 'NONE', #7073, #3940, #1146, .T. ) ;
#3465 = ORIENTED_EDGE ( 'NONE', *, *, #7265, .T. ) ;
#3466 = VERTEX_POINT ( 'NONE', #4837 ) ;
#3467 = MECHANICAL_DESIGN_GEOMETRIC_PRESENTATION_REPRESENTATION (  '', ( #2122 ), #7917 ) ;
#3468 = VECTOR ( 'NONE', #7419, 1000.000000000000000 ) ;
#3469 = CARTESIAN_POINT ( 'NONE',  ( 0.03378161602439329336, 0.9800000000000004263, 0.3247006391044053308 ) ) ;
#3470 = VERTEX_POINT ( 'NONE', #1263 ) ;
#3471 = VERTEX_POINT ( 'NONE', #353 ) ;
#3472 = ORIENTED_EDGE ( 'NONE', *, *, #5445, .F. ) ;
#3473 = B_SPLINE_SURFACE_WITH_KNOTS ( 'NONE', 3, 1, ( 
 ( #1393, #7551 ),
 ( #2958, #6660 ),
 ( #2123, #3920 ),
 ( #10389, #7006 ) ),
 .UNSPECIFIED., .F., .F., .F.,
 ( 4, 4 ),
 ( 2, 2 ),
 ( 5.000000000000000000, 6.000000000000000000 ),
 ( 0.0000000000000000000, 1.000000000000000000 ),
 .UNSPECIFIED. ) ;
#3474 = DIRECTION ( 'NONE',  ( -0.0000000000000000000, -1.000000000000000000, -0.0000000000000000000 ) ) ;
#3475 = VECTOR ( 'NONE', #3491, 1000.000000000000000 ) ;
#3476 = CARTESIAN_POINT ( 'NONE',  ( -0.1312837720141229736, 0.9800000000000004263, 0.3184555109937997064 ) ) ;
#3477 =( LENGTH_UNIT ( ) NAMED_UNIT ( * ) SI_UNIT ( .MILLI., .METRE. ) );
#3478 = CARTESIAN_POINT ( 'NONE',  ( 0.1289913240301206465, 0.9810000000000003162, 0.3568269137446797301 ) ) ;
#3479 = CARTESIAN_POINT ( 'NONE',  ( -0.2661852694723765844, 0.9800000000000004263, 0.2400088338596155779 ) ) ;
#3480 =( GEOMETRIC_REPRESENTATION_CONTEXT ( 3 ) GLOBAL_UNCERTAINTY_ASSIGNED_CONTEXT ( ( #11759 ) ) GLOBAL_UNIT_ASSIGNED_CONTEXT ( ( #9583, #2283, #5073 ) ) REPRESENTATION_CONTEXT ( 'NONE', 'WORKASPACE' ) );
#3481 = VERTEX_POINT ( 'NONE', #3145 ) ;
#3482 = FILL_AREA_STYLE ('',( #5534 ) ) ;
#3483 = EDGE_LOOP ( 'NONE', ( #10955, #578, #8243, #1100 ) ) ;
#3484 = ADVANCED_FACE ( 'NONE', ( #5927 ), #10444, .F. ) ;
#3485 = DIRECTION ( 'NONE',  ( 0.0000000000000000000, -1.000000000000000000, 0.0000000000000000000 ) ) ;
#3486 = VECTOR ( 'NONE', #2393, 1000.000000000000227 ) ;
#3487 = LINE ( 'NONE', #2581, #11156 ) ;
#3488 = MECHANICAL_DESIGN_GEOMETRIC_PRESENTATION_REPRESENTATION (  '', ( #7934 ), #6006 ) ;
#3489 = CARTESIAN_POINT ( 'NONE',  ( -0.09348784744999619201, 0.9800000000000004263, 0.2195281732170089595 ) ) ;
#3490 = DIRECTION ( 'NONE',  ( 0.0000000000000000000, 0.0000000000000000000, -1.000000000000000000 ) ) ;
#3491 = DIRECTION ( 'NONE',  ( -0.0000000000000000000, -0.0000000000000000000, -1.000000000000000000 ) ) ;
#3492 = CARTESIAN_POINT ( 'NONE',  ( -0.09348784744999619201, 0.9800000000000004263, 0.2195281732170089595 ) ) ;
#3493 = CARTESIAN_POINT ( 'NONE',  ( -0.1262595874407420882, 0.9810000000000003162, 0.2386357279820021660 ) ) ;
#3494 = AXIS2_PLACEMENT_3D ( 'NONE', #3827, #7276, #1955 ) ;
#3495 = SURFACE_STYLE_USAGE ( .BOTH. , #8109 ) ;
#3496 = EDGE_CURVE ( 'NONE', #3032, #503, #2176, .T. ) ;
#3497 = CARTESIAN_POINT ( 'NONE',  ( -0.2538087766958543878, 0.9800000000000004263, 0.2542376756705261309 ) ) ;
#3498 = CARTESIAN_POINT ( 'NONE',  ( -0.2288457337151711679, 0.9810000000000003162, 0.3392091131190770881 ) ) ;
#3499 = VERTEX_POINT ( 'NONE', #10381 ) ;
#3500 = CARTESIAN_POINT ( 'NONE',  ( -0.2288457337151711679, 0.9800000000000004263, 0.3392091131190770881 ) ) ;
#3501 = VECTOR ( 'NONE', #4311, 1000.000000000000000 ) ;
#3502 = EDGE_CURVE ( 'NONE', #9989, #7546, #7245, .T. ) ;
#3503 = PRESENTATION_STYLE_ASSIGNMENT (( #2653 ) ) ;
#3504 = EDGE_LOOP ( 'NONE', ( #84, #4865, #4879, #9780, #9129, #6022 ) ) ;
#3505 = B_SPLINE_CURVE_WITH_KNOTS ( 'NONE', 3,
 ( #7186, #3667, #10844, #2753 ),
 .UNSPECIFIED., .F., .F.,
 ( 4, 4 ),
 ( 3.000000000000000000, 4.000000000000000000 ),
 .UNSPECIFIED. ) ;
#3506 = EDGE_CURVE ( 'NONE', #11792, #10502, #6041, .T. ) ;
#3507 =( NAMED_UNIT ( * ) PLANE_ANGLE_UNIT ( ) SI_UNIT ( $, .RADIAN. ) );
#3508 = CARTESIAN_POINT ( 'NONE',  ( -0.2385925549333033358, 0.9810000000000003162, 0.2199287419381709685 ) ) ;
#3509 =( GEOMETRIC_REPRESENTATION_CONTEXT ( 3 ) GLOBAL_UNCERTAINTY_ASSIGNED_CONTEXT ( ( #10480 ) ) GLOBAL_UNIT_ASSIGNED_CONTEXT ( ( #4598, #2049, #10267 ) ) REPRESENTATION_CONTEXT ( 'NONE', 'WORKASPACE' ) );
#3510 = ORIENTED_EDGE ( 'NONE', *, *, #5976, .F. ) ;
#3511 = CARTESIAN_POINT ( 'NONE',  ( 0.1756206855218711838, 0.9800000000000004263, 0.2555744928868387000 ) ) ;
#3512 = DIRECTION ( 'NONE',  ( -0.0000000000000000000, -1.000000000000000000, -0.0000000000000000000 ) ) ;
#3513 = CARTESIAN_POINT ( 'NONE',  ( -0.2286897739503591098, 0.9800000000000004263, 0.3392102192413882777 ) ) ;
#3514 = CARTESIAN_POINT ( 'NONE',  ( -0.1510654097695903197, 0.9810000000000003162, 0.3404106239764875252 ) ) ;
#3515 = CARTESIAN_POINT ( 'NONE',  ( -0.07335825974568797869, 0.9800000000000004263, 0.2603005018430569750 ) ) ;
#3516 = CARTESIAN_POINT ( 'NONE',  ( -0.2125646057502787178, 0.9810000000000003162, 0.2372177893396844039 ) ) ;
#3517 = DIRECTION ( 'NONE',  ( -0.0000000000000000000, -1.000000000000000000, -0.0000000000000000000 ) ) ;
#3518 = EDGE_LOOP ( 'NONE', ( #8047, #7142, #4197, #3221 ) ) ;
#3519 = FILL_AREA_STYLE ('',( #7328 ) ) ;
#3520 = SURFACE_STYLE_FILL_AREA ( #6431 ) ;
#3521 = ORIENTED_EDGE ( 'NONE', *, *, #5943, .T. ) ;
#3522 = SURFACE_SIDE_STYLE ('',( #8911 ) ) ;
#3523 = VECTOR ( 'NONE', #644, 1000.000000000000000 ) ;
#3524 = ORIENTED_EDGE ( 'NONE', *, *, #11854, .T. ) ;
#3525 = VERTEX_POINT ( 'NONE', #5024 ) ;
#3526 = EDGE_CURVE ( 'NONE', #7221, #6812, #4155, .T. ) ;
#3527 = PRESENTATION_STYLE_ASSIGNMENT (( #3641 ) ) ;
#3528 = CARTESIAN_POINT ( 'NONE',  ( -0.1281476051487012990, 0.9810000000000003162, 0.2464467125882329746 ) ) ;
#3529 = PLANE ( 'NONE',  #505 ) ;
#3530 =( NAMED_UNIT ( * ) PLANE_ANGLE_UNIT ( ) SI_UNIT ( $, .RADIAN. ) );
#3531 = CARTESIAN_POINT ( 'NONE',  ( -0.2909312565452123467, 0.9810000000000003162, 0.2545462710318336930 ) ) ;
#3532 = ORIENTED_EDGE ( 'NONE', *, *, #1608, .T. ) ;
#3533 = CARTESIAN_POINT ( 'NONE',  ( -0.2200798139609348725, 0.9800000000000004263, 0.3145764125664765043 ) ) ;
#3534 =( NAMED_UNIT ( * ) PLANE_ANGLE_UNIT ( ) SI_UNIT ( $, .RADIAN. ) );
#3535 =( NAMED_UNIT ( * ) SI_UNIT ( $, .STERADIAN. ) SOLID_ANGLE_UNIT ( ) );
#3536 = ORIENTED_EDGE ( 'NONE', *, *, #5286, .T. ) ;
#3537 = CARTESIAN_POINT ( 'NONE',  ( -0.1032296201172143435, 0.9810000000000003162, 0.2333142037774335042 ) ) ;
#3538 = EDGE_CURVE ( 'NONE', #6816, #2160, #7387, .T. ) ;
#3539 = CARTESIAN_POINT ( 'NONE',  ( -0.2385904339955741971, 0.9800000000000004263, 0.2141319608088242399 ) ) ;
#3540 = PLANE ( 'NONE',  #7505 ) ;
#3541 = CARTESIAN_POINT ( 'NONE',  ( -0.2286897739503591098, 0.9810000000000003162, 0.3392102192413882777 ) ) ;
#3542 = SURFACE_STYLE_USAGE ( .BOTH. , #2527 ) ;
#3543 = DIRECTION ( 'NONE',  ( 0.9999748501857348426, -0.0000000000000000000, 0.007092178509963302686 ) ) ;
#3544 =( NAMED_UNIT ( * ) PLANE_ANGLE_UNIT ( ) SI_UNIT ( $, .RADIAN. ) );
#3545 = CARTESIAN_POINT ( 'NONE',  ( -0.2501144111377446855, 0.9800000000000004263, 0.2574612134344180792 ) ) ;
#3546 = CARTESIAN_POINT ( 'NONE',  ( -0.1353248883515932033, 0.9810000000000003162, 0.2468377169628530876 ) ) ;
#3547 = CARTESIAN_POINT ( 'NONE',  ( -0.08826680385442121912, 0.9800000000000004263, 0.3062052100787246989 ) ) ;
#3548 = VERTEX_POINT ( 'NONE', #226 ) ;
#3549 = FACE_OUTER_BOUND ( 'NONE', #5123, .T. ) ;
#3550 = DIRECTION ( 'NONE',  ( -0.9385291719678309219, 0.0000000000000000000, -0.3451999324527419977 ) ) ;
#3551 =( GEOMETRIC_REPRESENTATION_CONTEXT ( 3 ) GLOBAL_UNCERTAINTY_ASSIGNED_CONTEXT ( ( #11588 ) ) GLOBAL_UNIT_ASSIGNED_CONTEXT ( ( #9191, #5593, #6497 ) ) REPRESENTATION_CONTEXT ( 'NONE', 'WORKASPACE' ) );
#3552 =( LENGTH_UNIT ( ) NAMED_UNIT ( * ) SI_UNIT ( .MILLI., .METRE. ) );
#3553 = EDGE_CURVE ( 'NONE', #806, #8201, #8752, .T. ) ;
#3554 = CARTESIAN_POINT ( 'NONE',  ( -0.2371444115801924490, 0.9810000000000003162, 0.3144553843501228241 ) ) ;
#3555 =( NAMED_UNIT ( * ) SI_UNIT ( $, .STERADIAN. ) SOLID_ANGLE_UNIT ( ) );
#3556 = ORIENTED_EDGE ( 'NONE', *, *, #6373, .T. ) ;
#3557 = LINE ( 'NONE', #725, #7320 ) ;
#3558 = COLOUR_RGB ( '',0.2235294117647058654, 0.2235294117647058654, 0.2235294117647058654 ) ;
#3559 = B_SPLINE_SURFACE_WITH_KNOTS ( 'NONE', 3, 1, ( 
 ( #5531, #9627 ),
 ( #1361, #3175 ),
 ( #7825, #326 ),
 ( #11479, #9563 ) ),
 .UNSPECIFIED., .F., .F., .F.,
 ( 4, 4 ),
 ( 2, 2 ),
 ( 3.000000000000000000, 4.000000000000000000 ),
 ( 0.0000000000000000000, 1.000000000000000000 ),
 .UNSPECIFIED. ) ;
#3560 = LINE ( 'NONE', #10858, #7282 ) ;
#3561 = SURFACE_STYLE_USAGE ( .BOTH. , #974 ) ;
#3562 = ORIENTED_EDGE ( 'NONE', *, *, #7643, .T. ) ;
#3563 = VERTEX_POINT ( 'NONE', #3978 ) ;
#3564 = VECTOR ( 'NONE', #4161, 1000.000000000000000 ) ;
#3565 = ADVANCED_FACE ( 'NONE', ( #3912 ), #11502, .T. ) ;
#3566 = FILL_AREA_STYLE ('',( #8360 ) ) ;
#3567 = VECTOR ( 'NONE', #6270, 1000.000000000000114 ) ;
#3568 = CARTESIAN_POINT ( 'NONE',  ( -0.2538087766958543878, 0.9800000000000004263, 0.2542376756705261309 ) ) ;
#3569 = CARTESIAN_POINT ( 'NONE',  ( -0.1615075172667808645, 0.9810000000000003162, 0.2953399093373641482 ) ) ;
#3570 = ORIENTED_EDGE ( 'NONE', *, *, #1330, .T. ) ;
#3571 = CARTESIAN_POINT ( 'NONE',  ( 0.07098665811640676726, 0.9810000000000003162, 0.2779687662479400911 ) ) ;
#3572 = CARTESIAN_POINT ( 'NONE',  ( -0.1053523166280632278, 0.9800000000000004263, 0.2522232188699653488 ) ) ;
#3573 = ORIENTED_EDGE ( 'NONE', *, *, #11538, .F. ) ;
#3574 = COLOUR_RGB ( '',0.2235294117647058654, 0.2235294117647058654, 0.2235294117647058654 ) ;
#3575 = CARTESIAN_POINT ( 'NONE',  ( -0.2126059009832764746, 0.9810000000000003162, 0.2430402872325851393 ) ) ;
#3576 = PRESENTATION_LAYER_ASSIGNMENT (  '', '', ( #2045 ) ) ;
#3577 =( GEOMETRIC_REPRESENTATION_CONTEXT ( 3 ) GLOBAL_UNCERTAINTY_ASSIGNED_CONTEXT ( ( #2312 ) ) GLOBAL_UNIT_ASSIGNED_CONTEXT ( ( #1613, #8809, #8869 ) ) REPRESENTATION_CONTEXT ( 'NONE', 'WORKASPACE' ) );
#3578 = ORIENTED_EDGE ( 'NONE', *, *, #8487, .F. ) ;
#3579 = CARTESIAN_POINT ( 'NONE',  ( -0.1318807768746755316, 0.9810000000000003162, 0.2468621438305867999 ) ) ;
#3580 = ADVANCED_FACE ( 'NONE', ( #7217 ), #6586, .F. ) ;
#3581 = DIRECTION ( 'NONE',  ( 0.3733863129577216222, 0.0000000000000000000, -0.9276759462742570905 ) ) ;
#3582 = VECTOR ( 'NONE', #8230, 1000.000000000000000 ) ;
#3583 = PLANE ( 'NONE',  #3494 ) ;
#3584 =( NAMED_UNIT ( * ) SI_UNIT ( $, .STERADIAN. ) SOLID_ANGLE_UNIT ( ) );
#3585 = COLOUR_RGB ( '',0.2235294117647058654, 0.2235294117647058654, 0.2235294117647058654 ) ;
#3586 = ORIENTED_EDGE ( 'NONE', *, *, #3929, .F. ) ;
#3587 = PRESENTATION_STYLE_ASSIGNMENT (( #2071 ) ) ;
#3588 = CARTESIAN_POINT ( 'NONE',  ( -0.1519441059519627546, 0.9800000000000004263, 0.3012045326352056351 ) ) ;
#3589 = ADVANCED_FACE ( 'NONE', ( #10944 ), #1816, .F. ) ;
#3590 = EDGE_LOOP ( 'NONE', ( #11028, #3282, #2301, #1689 ) ) ;
#3591 = CARTESIAN_POINT ( 'NONE',  ( -0.1907102522281630685, 0.9800000000000004263, 0.3353464418983808093 ) ) ;
#3592 = ORIENTED_EDGE ( 'NONE', *, *, #5636, .T. ) ;
#3593 = STYLED_ITEM ( 'NONE', ( #2298 ), #6786 ) ;
#3594 = SURFACE_SIDE_STYLE ('',( #8975 ) ) ;
#3595 = CARTESIAN_POINT ( 'NONE',  ( -0.05373332265115360329, 0.9800000000000004263, 0.2604396889007068450 ) ) ;
#3596 = SURFACE_STYLE_USAGE ( .BOTH. , #6582 ) ;
#3597 = PRESENTATION_STYLE_ASSIGNMENT (( #9209 ) ) ;
#3598 = CARTESIAN_POINT ( 'NONE',  ( -0.2537452636489530011, 0.9810000000000003162, 0.2251241722602221051 ) ) ;
#3599 = SURFACE_STYLE_USAGE ( .BOTH. , #2881 ) ;
#3600 = DIRECTION ( 'NONE',  ( 0.0000000000000000000, 1.000000000000000000, 0.0000000000000000000 ) ) ;
#3601 = MECHANICAL_DESIGN_GEOMETRIC_PRESENTATION_REPRESENTATION (  '', ( #4005 ), #10543 ) ;
#3602 =( NAMED_UNIT ( * ) SI_UNIT ( $, .STERADIAN. ) SOLID_ANGLE_UNIT ( ) );
#3603 = FILL_AREA_STYLE_COLOUR ( '', #3223 ) ;
#3604 = EDGE_CURVE ( 'NONE', #5106, #1949, #2926, .T. ) ;
#3605 = CARTESIAN_POINT ( 'NONE',  ( -0.5799999999999994049, -0.9800000000000004263, 0.01999999999999999695 ) ) ;
#3606 = DIRECTION ( 'NONE',  ( 0.9468623945986602841, 0.0000000000000000000, -0.3216389368451695874 ) ) ;
#3607 = DIRECTION ( 'NONE',  ( 0.0000000000000000000, -0.0000000000000000000, 1.000000000000000000 ) ) ;
#3608 = VERTEX_POINT ( 'NONE', #2077 ) ;
#3609 = SURFACE_STYLE_USAGE ( .BOTH. , #5381 ) ;
#3610 = LINE ( 'NONE', #11081, #11721 ) ;
#3611 = DIRECTION ( 'NONE',  ( -0.0000000000000000000, -1.000000000000000000, -0.0000000000000000000 ) ) ;
#3612 = PRESENTATION_LAYER_ASSIGNMENT (  '', '', ( #10181 ) ) ;
#3613 = B_SPLINE_CURVE_WITH_KNOTS ( 'NONE', 3,
 ( #8972, #1559, #10607, #11674 ),
 .UNSPECIFIED., .F., .F.,
 ( 4, 4 ),
 ( 13.00000000000000000, 14.00000000000000000 ),
 .UNSPECIFIED. ) ;
#3614 =( GEOMETRIC_REPRESENTATION_CONTEXT ( 3 ) GLOBAL_UNCERTAINTY_ASSIGNED_CONTEXT ( ( #11419 ) ) GLOBAL_UNIT_ASSIGNED_CONTEXT ( ( #10727, #8814, #7918 ) ) REPRESENTATION_CONTEXT ( 'NONE', 'WORKASPACE' ) );
#3615 = SURFACE_SIDE_STYLE ('',( #7368 ) ) ;
#3616 = SURFACE_STYLE_FILL_AREA ( #10271 ) ;
#3617 = VERTEX_POINT ( 'NONE', #5778 ) ;
#3618 = FILL_AREA_STYLE ('',( #4357 ) ) ;
#3619 = VECTOR ( 'NONE', #6999, 1000.000000000000114 ) ;
#3620 = UNCERTAINTY_MEASURE_WITH_UNIT (LENGTH_MEASURE( 1.000000000000000082E-05 ), #8182, 'distance_accuracy_value', 'NONE');
#3621 = CARTESIAN_POINT ( 'NONE',  ( -0.2915304852540109848, 0.9810000000000003162, 0.2565696000177977720 ) ) ;
#3622 = CARTESIAN_POINT ( 'NONE',  ( -0.1636733368827423263, 0.9800000000000004263, 0.2213699068282206084 ) ) ;
#3623 = CARTESIAN_POINT ( 'NONE',  ( 0.1471528985507288279, 0.9800000000000004263, 0.2427198625404619614 ) ) ;
#3624 = EDGE_CURVE ( 'NONE', #6802, #8092, #4806, .T. ) ;
#3625 = ORIENTED_EDGE ( 'NONE', *, *, #278, .T. ) ;
#3626 = EDGE_LOOP ( 'NONE', ( #2892, #6441, #10695, #3000 ) ) ;
#3627 =( NAMED_UNIT ( * ) SI_UNIT ( $, .STERADIAN. ) SOLID_ANGLE_UNIT ( ) );
#3628 = AXIS2_PLACEMENT_3D ( 'NONE', #9185, #9984, #3754 ) ;
#3629 = PRESENTATION_LAYER_ASSIGNMENT (  '', '', ( #11347 ) ) ;
#3630 = DIRECTION ( 'NONE',  ( 0.9999748501857348426, 0.0000000000000000000, 0.007092178509964442400 ) ) ;
#3631 = CARTESIAN_POINT ( 'NONE',  ( -0.09514941069187050904, 0.9810000000000003162, 0.3475138074274803368 ) ) ;
#3632 = ORIENTED_EDGE ( 'NONE', *, *, #691, .F. ) ;
#3633 = PRESENTATION_STYLE_ASSIGNMENT (( #985 ) ) ;
#3634 =( LENGTH_UNIT ( ) NAMED_UNIT ( * ) SI_UNIT ( .MILLI., .METRE. ) );
#3635 = VERTEX_POINT ( 'NONE', #3822 ) ;
#3636 = PRESENTATION_LAYER_ASSIGNMENT (  '', '', ( #1531 ) ) ;
#3637 = CARTESIAN_POINT ( 'NONE',  ( -0.1032049167189015987, 0.9810000000000003162, 0.2298311023591409763 ) ) ;
#3638 = EDGE_CURVE ( 'NONE', #4918, #5066, #993, .T. ) ;
#3639 = VECTOR ( 'NONE', #270, 1000.000000000000000 ) ;
#3640 = ORIENTED_EDGE ( 'NONE', *, *, #4697, .F. ) ;
#3641 = SURFACE_STYLE_USAGE ( .BOTH. , #8250 ) ;
#3642 = VECTOR ( 'NONE', #8114, 1000.000000000000000 ) ;
#3643 = CARTESIAN_POINT ( 'NONE',  ( -0.05357662199022229788, 0.9800000000000004263, 0.2383453888603684345 ) ) ;
#3644 = PRESENTATION_STYLE_ASSIGNMENT (( #8192 ) ) ;
#3645 =( GEOMETRIC_REPRESENTATION_CONTEXT ( 3 ) GLOBAL_UNCERTAINTY_ASSIGNED_CONTEXT ( ( #4681 ) ) GLOBAL_UNIT_ASSIGNED_CONTEXT ( ( #5945, #2307, #8768 ) ) REPRESENTATION_CONTEXT ( 'NONE', 'WORKASPACE' ) );
#3646 = CARTESIAN_POINT ( 'NONE',  ( -0.2592827593950957632, 0.9800000000000004263, 0.2398758267129963151 ) ) ;
#3647 = LINE ( 'NONE', #1889, #8899 ) ;
#3648 = DIRECTION ( 'NONE',  ( -0.0000000000000000000, -1.000000000000000000, -0.0000000000000000000 ) ) ;
#3649 = ADVANCED_FACE ( 'NONE', ( #8366 ), #9501, .F. ) ;
#3650 = ORIENTED_EDGE ( 'NONE', *, *, #775, .F. ) ;
#3651 = ORIENTED_EDGE ( 'NONE', *, *, #5582, .T. ) ;
#3652 = CARTESIAN_POINT ( 'NONE',  ( -0.05402736683254578953, 0.9810000000000003162, 0.3018989930937056032 ) ) ;
#3653 = CARTESIAN_POINT ( 'NONE',  ( -0.1224614342200521788, 0.9810000000000003162, 0.2492164741168255149 ) ) ;
#3654 = EDGE_LOOP ( 'NONE', ( #8574, #7284, #10034, #1363 ) ) ;
#3655 = CARTESIAN_POINT ( 'NONE',  ( 0.06150595553267604321, 0.9810000000000003162, 0.2384973650103970610 ) ) ;
#3656 =( NAMED_UNIT ( * ) PLANE_ANGLE_UNIT ( ) SI_UNIT ( $, .RADIAN. ) );
#3657 = EDGE_LOOP ( 'NONE', ( #6381, #2343, #754, #3836 ) ) ;
#3658 = VECTOR ( 'NONE', #3600, 1000.000000000000000 ) ;
#3659 =( NAMED_UNIT ( * ) SI_UNIT ( $, .STERADIAN. ) SOLID_ANGLE_UNIT ( ) );
#3660 = ADVANCED_FACE ( 'NONE', ( #9255 ), #5, .F. ) ;
#3661 = MECHANICAL_DESIGN_GEOMETRIC_PRESENTATION_REPRESENTATION (  '', ( #5610 ), #3480 ) ;
#3662 = CARTESIAN_POINT ( 'NONE',  ( -0.07903605505406992304, 0.9810000000000003162, 0.3351506802959132725 ) ) ;
#3663 =( LENGTH_UNIT ( ) NAMED_UNIT ( * ) SI_UNIT ( .MILLI., .METRE. ) );
#3664 = CARTESIAN_POINT ( 'NONE',  ( -0.08741998171941695039, 0.9800000000000004263, 0.2289552598882352019 ) ) ;
#3665 = B_SPLINE_SURFACE_WITH_KNOTS ( 'NONE', 3, 1, ( 
 ( #7244, #11762 ),
 ( #2419, #8116 ),
 ( #9841, #10917 ),
 ( #2651, #1325 ) ),
 .UNSPECIFIED., .F., .F., .F.,
 ( 4, 4 ),
 ( 2, 2 ),
 ( 19.00000000000000000, 20.00000000000000000 ),
 ( 0.0000000000000000000, 1.000000000000000000 ),
 .UNSPECIFIED. ) ;
#3666 = LINE ( 'NONE', #779, #7705 ) ;
#3667 = CARTESIAN_POINT ( 'NONE',  ( -0.2662387320508122213, 0.9810000000000003162, 0.2475468891675274286 ) ) ;
#3668 = FACE_OUTER_BOUND ( 'NONE', #30, .T. ) ;
#3669 = CARTESIAN_POINT ( 'NONE',  ( 0.1196054746651321332, 0.9810000000000003162, 0.2530081763347153956 ) ) ;
#3670 = CARTESIAN_POINT ( 'NONE',  ( -0.08890631878235376317, 0.9810000000000003162, 0.3450626039033539150 ) ) ;
#3671 = AXIS2_PLACEMENT_3D ( 'NONE', #1975, #342, #9580 ) ;
#3672 = LINE ( 'NONE', #8342, #7107 ) ;
#3673 = CARTESIAN_POINT ( 'NONE',  ( -0.09156868904808851406, 0.9800000000000004263, 0.3026205315020250586 ) ) ;
#3674 =( GEOMETRIC_REPRESENTATION_CONTEXT ( 3 ) GLOBAL_UNCERTAINTY_ASSIGNED_CONTEXT ( ( #8145 ) ) GLOBAL_UNIT_ASSIGNED_CONTEXT ( ( #4602, #3739, #5326 ) ) REPRESENTATION_CONTEXT ( 'NONE', 'WORKASPACE' ) );
#3675 = ORIENTED_EDGE ( 'NONE', *, *, #9597, .F. ) ;
#3676 = CARTESIAN_POINT ( 'NONE',  ( 0.1815788118333163392, 0.9800000000000004263, 0.3329789872522592731 ) ) ;
#3677 = DIRECTION ( 'NONE',  ( -0.0000000000000000000, -1.000000000000000000, -0.0000000000000000000 ) ) ;
#3678 = LINE ( 'NONE', #2593, #9236 ) ;
#3679 = SURFACE_STYLE_USAGE ( .BOTH. , #1923 ) ;
#3680 = EDGE_CURVE ( 'NONE', #1221, #10096, #8277, .T. ) ;
#3681 = PRESENTATION_LAYER_ASSIGNMENT (  '', '', ( #11368 ) ) ;
#3682 = ORIENTED_EDGE ( 'NONE', *, *, #38, .T. ) ;
#3683 = DIRECTION ( 'NONE',  ( 0.3216389368451695874, -0.0000000000000000000, 0.9468623945986602841 ) ) ;
#3684 = CARTESIAN_POINT ( 'NONE',  ( -0.1635385772153754580, 0.9810000000000003162, 0.2206950029482555031 ) ) ;
#3685 = CARTESIAN_POINT ( 'NONE',  ( -0.1507804757224739389, 0.9800000000000004263, 0.2031091588234313072 ) ) ;
#3686 = FACE_OUTER_BOUND ( 'NONE', #11353, .T. ) ;
#3687 = VERTEX_POINT ( 'NONE', #11420 ) ;
#3688 = EDGE_LOOP ( 'NONE', ( #1427, #6902, #554, #5288 ) ) ;
#3689 = UNCERTAINTY_MEASURE_WITH_UNIT (LENGTH_MEASURE( 1.000000000000000082E-05 ), #3119, 'distance_accuracy_value', 'NONE');
#3690 = DIRECTION ( 'NONE',  ( 0.9999748501857348426, -0.0000000000000000000, 0.007092178509962491703 ) ) ;
#3691 = PRESENTATION_LAYER_ASSIGNMENT (  '', '', ( #9280 ) ) ;
#3692 = ADVANCED_FACE ( 'NONE', ( #11595 ), #560, .F. ) ;
#3693 = SURFACE_STYLE_USAGE ( .BOTH. , #9299 ) ;
#3694 = LINE ( 'NONE', #7378, #2330 ) ;
#3695 = CARTESIAN_POINT ( 'NONE',  ( -0.1573411102404881357, 0.9810000000000003162, 0.2081835649905804664 ) ) ;
#3696 = CARTESIAN_POINT ( 'NONE',  ( 0.6000000000000003109, -1.000000000000000444, 0.5300000000000000266 ) ) ;
#3697 = ORIENTED_EDGE ( 'NONE', *, *, #7734, .F. ) ;
#3698 = PLANE ( 'NONE',  #3628 ) ;
#3699 = SURFACE_STYLE_USAGE ( .BOTH. , #9985 ) ;
#3700 = ORIENTED_EDGE ( 'NONE', *, *, #2748, .F. ) ;
#3701 = B_SPLINE_CURVE_WITH_KNOTS ( 'NONE', 3,
 ( #296, #2906, #3991, #7557 ),
 .UNSPECIFIED., .F., .F.,
 ( 4, 4 ),
 ( 2.000000000000000000, 3.000000000000000000 ),
 .UNSPECIFIED. ) ;
#3702 = ORIENTED_EDGE ( 'NONE', *, *, #4833, .F. ) ;
#3703 = CARTESIAN_POINT ( 'NONE',  ( -0.1558741477235450201, 0.9800000000000004263, 0.2047626817922929832 ) ) ;
#3704 = DIRECTION ( 'NONE',  ( 0.9410702468834492018, -0.0000000000000000000, 0.3382111624868761601 ) ) ;
#3705 = FACE_OUTER_BOUND ( 'NONE', #6062, .T. ) ;
#3706 = CARTESIAN_POINT ( 'NONE',  ( 0.1417074885652207239, 0.9800000000000004263, 0.3478794537793541419 ) ) ;
#3707 = EDGE_CURVE ( 'NONE', #10821, #10630, #5250, .T. ) ;
#3708 = FILL_AREA_STYLE ('',( #5419 ) ) ;
#3709 = VERTEX_POINT ( 'NONE', #10687 ) ;
#3710 = VERTEX_POINT ( 'NONE', #6807 ) ;
#3711 = LINE ( 'NONE', #2684, #9700 ) ;
#3712 = UNCERTAINTY_MEASURE_WITH_UNIT (LENGTH_MEASURE( 1.000000000000000082E-05 ), #4940, 'distance_accuracy_value', 'NONE');
#3713 = ORIENTED_EDGE ( 'NONE', *, *, #3723, .T. ) ;
#3714 = DIRECTION ( 'NONE',  ( -0.0000000000000000000, -1.000000000000000000, -0.0000000000000000000 ) ) ;
#3715 = CARTESIAN_POINT ( 'NONE',  ( -0.04742294917664123532, 0.9810000000000003162, 0.2961490378089223219 ) ) ;
#3716 = VERTEX_POINT ( 'NONE', #5894 ) ;
#3717 = ADVANCED_FACE ( 'NONE', ( #11474 ), #2791, .F. ) ;
#3718 =( LENGTH_UNIT ( ) NAMED_UNIT ( * ) SI_UNIT ( .MILLI., .METRE. ) );
#3719 = CARTESIAN_POINT ( 'NONE',  ( -0.1281476051487012990, 0.9800000000000004263, 0.2464467125882329746 ) ) ;
#3720 =( NAMED_UNIT ( * ) SI_UNIT ( $, .STERADIAN. ) SOLID_ANGLE_UNIT ( ) );
#3721 = DIRECTION ( 'NONE',  ( -0.0000000000000000000, -1.000000000000000000, -0.0000000000000000000 ) ) ;
#3722 = FACE_OUTER_BOUND ( 'NONE', #11770, .T. ) ;
#3723 = EDGE_CURVE ( 'NONE', #7100, #9753, #7205, .T. ) ;
#3724 = DIRECTION ( 'NONE',  ( 0.0000000000000000000, 0.0000000000000000000, -1.000000000000000000 ) ) ;
#3725 = LINE ( 'NONE', #8272, #7512 ) ;
#3726 =( NAMED_UNIT ( * ) SI_UNIT ( $, .STERADIAN. ) SOLID_ANGLE_UNIT ( ) );
#3727 = CARTESIAN_POINT ( 'NONE',  ( -0.005479512633501676215, 0.9800000000000004263, 0.2535670442278914472 ) ) ;
#3728 = PLANE ( 'NONE',  #8312 ) ;
#3729 = FILL_AREA_STYLE ('',( #5619 ) ) ;
#3730 = LINE ( 'NONE', #2702, #5369 ) ;
#3731 = DIRECTION ( 'NONE',  ( -0.0000000000000000000, -1.000000000000000000, -0.0000000000000000000 ) ) ;
#3732 = EDGE_LOOP ( 'NONE', ( #10180, #11470, #1623, #5270 ) ) ;
#3733 = CARTESIAN_POINT ( 'NONE',  ( -0.09249217796259767699, 0.9800000000000004263, 0.2367436611642649014 ) ) ;
#3734 = DIRECTION ( 'NONE',  ( 0.9999748501857348426, 0.0000000000000000000, 0.007092178509965684462 ) ) ;
#3735 = LINE ( 'NONE', #11082, #9045 ) ;
#3736 = DIRECTION ( 'NONE',  ( -0.0000000000000000000, -1.000000000000000000, -0.0000000000000000000 ) ) ;
#3737 = CARTESIAN_POINT ( 'NONE',  ( -0.1511068893563066451, 0.9800000000000004263, 0.3462591151635237008 ) ) ;
#3738 = CARTESIAN_POINT ( 'NONE',  ( -0.1106395623544660783, 0.9810000000000003162, 0.2958306560356189219 ) ) ;
#3739 =( NAMED_UNIT ( * ) PLANE_ANGLE_UNIT ( ) SI_UNIT ( $, .RADIAN. ) );
#3740 = SURFACE_SIDE_STYLE ('',( #4782 ) ) ;
#3741 = VERTEX_POINT ( 'NONE', #9180 ) ;
#3742 = EDGE_CURVE ( 'NONE', #79, #2091, #5400, .T. ) ;
#3743 = CARTESIAN_POINT ( 'NONE',  ( 0.1466298830622249916, 0.9810000000000003162, 0.2654910417758425401 ) ) ;
#3744 = FILL_AREA_STYLE_COLOUR ( '', #1253 ) ;
#3745 = ORIENTED_EDGE ( 'NONE', *, *, #6322, .F. ) ;
#3746 = VERTEX_POINT ( 'NONE', #2664 ) ;
#3747 =( LENGTH_UNIT ( ) NAMED_UNIT ( * ) SI_UNIT ( .MILLI., .METRE. ) );
#3748 = MECHANICAL_DESIGN_GEOMETRIC_PRESENTATION_REPRESENTATION (  '', ( #8396 ), #6074 ) ;
#3749 = CARTESIAN_POINT ( 'NONE',  ( -0.08863871572542110500, 0.9810000000000003162, 0.2212002248946726146 ) ) ;
#3750 = PRESENTATION_STYLE_ASSIGNMENT (( #5404 ) ) ;
#3751 = MECHANICAL_DESIGN_GEOMETRIC_PRESENTATION_REPRESENTATION (  '', ( #4526 ), #2986 ) ;
#3752 = ORIENTED_EDGE ( 'NONE', *, *, #9529, .F. ) ;
#3753 = ADVANCED_FACE ( 'NONE', ( #7091 ), #673, .F. ) ;
#3754 = DIRECTION ( 'NONE',  ( 0.0000000000000000000, -0.0000000000000000000, 1.000000000000000000 ) ) ;
#3755 = FILL_AREA_STYLE_COLOUR ( '', #6375 ) ;
#3756 = ORIENTED_EDGE ( 'NONE', *, *, #575, .T. ) ;
#3757 = CARTESIAN_POINT ( 'NONE',  ( -0.1406043819388396454, 0.9810000000000003162, 0.2307096144780721170 ) ) ;
#3758 = ORIENTED_EDGE ( 'NONE', *, *, #11522, .T. ) ;
#3759 = CARTESIAN_POINT ( 'NONE',  ( -0.5999999999999994227, -1.000000000000000444, 0.5500000000000000444 ) ) ;
#3760 = B_SPLINE_SURFACE_WITH_KNOTS ( 'NONE', 3, 1, ( 
 ( #6977, #2150 ),
 ( #3292, #7640 ),
 ( #9683, #10640 ),
 ( #9739, #11423 ) ),
 .UNSPECIFIED., .F., .F., .F.,
 ( 4, 4 ),
 ( 2, 2 ),
 ( 16.00000000000000000, 17.00000000000000000 ),
 ( 0.0000000000000000000, 1.000000000000000000 ),
 .UNSPECIFIED. ) ;
#3761 = AXIS2_PLACEMENT_3D ( 'NONE', #4457, #10956, #8156 ) ;
#3762 = LINE ( 'NONE', #7275, #3777 ) ;
#3763 = CARTESIAN_POINT ( 'NONE',  ( 0.09802132204498795187, 0.9810000000000003162, 0.3399779926670717933 ) ) ;
#3764 = ORIENTED_EDGE ( 'NONE', *, *, #11087, .T. ) ;
#3765 = EDGE_LOOP ( 'NONE', ( #7263, #551, #939, #7863, #489, #2396, #1001, #8013, #8938, #1764, #6951, #9062 ) ) ;
#3766 = COLOUR_RGB ( '',0.2235294117647058654, 0.2235294117647058654, 0.2235294117647058654 ) ;
#3767 = MECHANICAL_DESIGN_GEOMETRIC_PRESENTATION_REPRESENTATION (  '', ( #4948 ), #1460 ) ;
#3768 = ORIENTED_EDGE ( 'NONE', *, *, #3335, .T. ) ;
#3769 = FACE_OUTER_BOUND ( 'NONE', #6680, .T. ) ;
#3770 = CARTESIAN_POINT ( 'NONE',  ( 0.1857090023169245818, 0.9810000000000003162, 0.3113179476557284553 ) ) ;
#3771 = EDGE_LOOP ( 'NONE', ( #8195, #7072, #11498, #1044 ) ) ;
#3772 = ADVANCED_FACE ( 'NONE', ( #4615 ), #972, .F. ) ;
#3773 = CARTESIAN_POINT ( 'NONE',  ( -0.1143966075969112678, 0.9800000000000004263, 0.2977795994568313565 ) ) ;
#3774 = CARTESIAN_POINT ( 'NONE',  ( -0.2125646057502787178, 0.9800000000000004263, 0.2372177893396843762 ) ) ;
#3775 = PRESENTATION_LAYER_ASSIGNMENT (  '', '', ( #10530 ) ) ;
#3776 = COLOUR_RGB ( '',0.2235294117647058654, 0.2235294117647058654, 0.2235294117647058654 ) ;
#3777 = VECTOR ( 'NONE', #864, 1000.000000000000000 ) ;
#3778 = FILL_AREA_STYLE ('',( #6401 ) ) ;
#3779 =( NAMED_UNIT ( * ) PLANE_ANGLE_UNIT ( ) SI_UNIT ( $, .RADIAN. ) );
#3780 = SURFACE_STYLE_USAGE ( .BOTH. , #6644 ) ;
#3781 =( GEOMETRIC_REPRESENTATION_CONTEXT ( 3 ) GLOBAL_UNCERTAINTY_ASSIGNED_CONTEXT ( ( #4074 ) ) GLOBAL_UNIT_ASSIGNED_CONTEXT ( ( #7974, #3372, #2467 ) ) REPRESENTATION_CONTEXT ( 'NONE', 'WORKASPACE' ) );
#3782 = LINE ( 'NONE', #9278, #8876 ) ;
#3783 = LINE ( 'NONE', #93, #4404 ) ;
#3784 = CARTESIAN_POINT ( 'NONE',  ( -0.08333582197976331651, 0.9800000000000004263, 0.3146624333022755016 ) ) ;
#3785 =( LENGTH_UNIT ( ) NAMED_UNIT ( * ) SI_UNIT ( .MILLI., .METRE. ) );
#3786 = SURFACE_STYLE_USAGE ( .BOTH. , #4958 ) ;
#3787 = CARTESIAN_POINT ( 'NONE',  ( 0.1933899851099938894, 0.9800000000000004263, 0.2477473868847924199 ) ) ;
#3788 = EDGE_CURVE ( 'NONE', #11119, #4100, #2726, .T. ) ;
#3789 = ORIENTED_EDGE ( 'NONE', *, *, #2005, .F. ) ;
#3790 =( NAMED_UNIT ( * ) SI_UNIT ( $, .STERADIAN. ) SOLID_ANGLE_UNIT ( ) );
#3791 = CARTESIAN_POINT ( 'NONE',  ( 0.09822897624322909915, 0.9810000000000003162, 0.3616698184917169212 ) ) ;
#3792 = CARTESIAN_POINT ( 'NONE',  ( -0.1754919095275360719, 0.9800000000000004263, 0.2952407270366810832 ) ) ;
#3793 = CARTESIAN_POINT ( 'NONE',  ( -0.09187479360364153580, 0.9800000000000004263, 0.2523188062731320791 ) ) ;
#3794 = SURFACE_STYLE_FILL_AREA ( #4600 ) ;
#3795 = CARTESIAN_POINT ( 'NONE',  ( -0.2314884647984113697, 0.9810000000000003162, 0.2591789859950905939 ) ) ;
#3796 = ORIENTED_EDGE ( 'NONE', *, *, #1590, .F. ) ;
#3797 = ADVANCED_FACE ( 'NONE', ( #2610 ), #9976, .F. ) ;
#3798 = CARTESIAN_POINT ( 'NONE',  ( -0.1568111956290721420, 0.9810000000000003162, 0.1976075204554459119 ) ) ;
#3800 = ADVANCED_FACE ( 'NONE', ( #11098 ), #8961, .F. ) ;
#3799 = LINE ( 'NONE', #11222, #3430 ) ;
#3801 = MECHANICAL_DESIGN_GEOMETRIC_PRESENTATION_REPRESENTATION (  '', ( #6129 ), #9393 ) ;
#3802 = SURFACE_STYLE_FILL_AREA ( #1034 ) ;
#3803 = ORIENTED_EDGE ( 'NONE', *, *, #8817, .T. ) ;
#3804 = ORIENTED_EDGE ( 'NONE', *, *, #2764, .F. ) ;
#3805 = UNCERTAINTY_MEASURE_WITH_UNIT (LENGTH_MEASURE( 1.000000000000000082E-05 ), #8190, 'distance_accuracy_value', 'NONE');
#3806 = DIRECTION ( 'NONE',  ( 0.0000000000000000000, 0.0000000000000000000, 1.000000000000000000 ) ) ;
#3807 = LINE ( 'NONE', #63, #11533 ) ;
#3808 = EDGE_CURVE ( 'NONE', #5004, #7925, #3807, .T. ) ;
#3809 = SURFACE_STYLE_FILL_AREA ( #10340 ) ;
#3810 = CARTESIAN_POINT ( 'NONE',  ( -0.2125646057502787178, 0.9810000000000003162, 0.2372177893396844039 ) ) ;
#3811 = VECTOR ( 'NONE', #8582, 1000.000000000000114 ) ;
#3812 = CARTESIAN_POINT ( 'NONE',  ( -0.1683899403307217713, 0.9810000000000003162, 0.3402877522229448837 ) ) ;
#3813 = STYLED_ITEM ( 'NONE', ( #10624 ), #334 ) ;
#3814 = ORIENTED_EDGE ( 'NONE', *, *, #9582, .T. ) ;
#3815 = PLANE ( 'NONE',  #3116 ) ;
#3816 = LINE ( 'NONE', #9550, #2296 ) ;
#3817 = CARTESIAN_POINT ( 'NONE',  ( -0.2030308858275618744, 0.9800000000000004263, 0.3132416319557997375 ) ) ;
#3818 = ORIENTED_EDGE ( 'NONE', *, *, #10582, .T. ) ;
#3819 =( NAMED_UNIT ( * ) PLANE_ANGLE_UNIT ( ) SI_UNIT ( $, .RADIAN. ) );
#3820 = PRESENTATION_LAYER_ASSIGNMENT (  '', '', ( #7695 ) ) ;
#3821 = ORIENTED_EDGE ( 'NONE', *, *, #10740, .T. ) ;
#3822 = CARTESIAN_POINT ( 'NONE',  ( -0.1314404726750542651, 0.9800000000000004263, 0.3405498110341374507 ) ) ;
#3823 = CARTESIAN_POINT ( 'NONE',  ( -0.1942609917352297322, 0.9810000000000003162, 0.2202431572054830144 ) ) ;
#3824 = EDGE_CURVE ( 'NONE', #8636, #1959, #7986, .T. ) ;
#3825 = FILL_AREA_STYLE ('',( #1767 ) ) ;
#3826 = CARTESIAN_POINT ( 'NONE',  ( -0.1754940304656119054, 0.9800000000000004263, 0.3010375081660242591 ) ) ;
#3827 = CARTESIAN_POINT ( 'NONE',  ( 0.3817097946182765877, -1.034353464437637760, -1.675075469639685455 ) ) ;
#3828 = CARTESIAN_POINT ( 'NONE',  ( -0.1200913414005839730, 0.9810000000000003162, 0.2357420853957250817 ) ) ;
#3829 = ORIENTED_EDGE ( 'NONE', *, *, #2332, .T. ) ;
#3830 = ORIENTED_EDGE ( 'NONE', *, *, #8006, .F. ) ;
#3831 =( GEOMETRIC_REPRESENTATION_CONTEXT ( 3 ) GLOBAL_UNCERTAINTY_ASSIGNED_CONTEXT ( ( #2475 ) ) GLOBAL_UNIT_ASSIGNED_CONTEXT ( ( #11046, #855, #1809 ) ) REPRESENTATION_CONTEXT ( 'NONE', 'WORKASPACE' ) );
#3832 = VECTOR ( 'NONE', #1983, 1000.000000000000000 ) ;
#3833 = MECHANICAL_DESIGN_GEOMETRIC_PRESENTATION_REPRESENTATION (  '', ( #2666 ), #7899 ) ;
#3834 = PRESENTATION_STYLE_ASSIGNMENT (( #1003 ) ) ;
#3835 = CARTESIAN_POINT ( 'NONE',  ( -0.07335825974568799257, 0.9800000000000004263, 0.2603005018430569195 ) ) ;
#3836 = ORIENTED_EDGE ( 'NONE', *, *, #9778, .T. ) ;
#3837 = FILL_AREA_STYLE ('',( #140 ) ) ;
#3838 = VECTOR ( 'NONE', #1223, 1000.000000000000000 ) ;
#3839 = STYLED_ITEM ( 'NONE', ( #7016 ), #2153 ) ;
#3840 = FACE_OUTER_BOUND ( 'NONE', #3333, .T. ) ;
#3841 = ORIENTED_EDGE ( 'NONE', *, *, #6826, .F. ) ;
#3843 = COLOUR_RGB ( '',0.2235294117647058654, 0.2235294117647058654, 0.2235294117647058654 ) ;
#3842 =( NAMED_UNIT ( * ) PLANE_ANGLE_UNIT ( ) SI_UNIT ( $, .RADIAN. ) );
#3844 = SURFACE_STYLE_FILL_AREA ( #6640 ) ;
#3845 =( GEOMETRIC_REPRESENTATION_CONTEXT ( 3 ) GLOBAL_UNCERTAINTY_ASSIGNED_CONTEXT ( ( #11408 ) ) GLOBAL_UNIT_ASSIGNED_CONTEXT ( ( #9901, #11764, #7019 ) ) REPRESENTATION_CONTEXT ( 'NONE', 'WORKASPACE' ) );
#3846 =( NAMED_UNIT ( * ) SI_UNIT ( $, .STERADIAN. ) SOLID_ANGLE_UNIT ( ) );
#3847 = LINE ( 'NONE', #11064, #8798 ) ;
#3848 = CARTESIAN_POINT ( 'NONE',  ( -0.2927117971955626174, 0.9810000000000003162, 0.2545336428020995578 ) ) ;
#3849 = MECHANICAL_DESIGN_GEOMETRIC_PRESENTATION_REPRESENTATION (  '', ( #9633 ), #9052 ) ;
#3850 = PLANE ( 'NONE',  #7066 ) ;
#3851 = CARTESIAN_POINT ( 'NONE',  ( -0.08288195124660147073, 0.9810000000000003162, 0.3019802867017373771 ) ) ;
#3852 = ADVANCED_FACE ( 'NONE', ( #118 ), #1105, .T. ) ;
#3853 = PRESENTATION_STYLE_ASSIGNMENT (( #3906 ) ) ;
#3854 = LINE ( 'NONE', #10439, #3866 ) ;
#3855 = COLOUR_RGB ( '',0.2235294117647058654, 0.2235294117647058654, 0.2235294117647058654 ) ;
#3856 = VECTOR ( 'NONE', #10011, 1000.000000000000000 ) ;
#3857 = PLANE ( 'NONE',  #6947 ) ;
#3858 = ORIENTED_EDGE ( 'NONE', *, *, #4488, .T. ) ;
#3859 = CARTESIAN_POINT ( 'NONE',  ( -0.1471323806271166434, 0.9810000000000003162, 0.1981960580990772547 ) ) ;
#3860 = SURFACE_STYLE_FILL_AREA ( #8458 ) ;
#3861 = CARTESIAN_POINT ( 'NONE',  ( -0.09187479360364153580, 0.9810000000000003162, 0.2523188062731320791 ) ) ;
#3862 = CARTESIAN_POINT ( 'NONE',  ( -0.1482606923248738773, 0.9800000000000004263, 0.1978501258882068847 ) ) ;
#3863 = FILL_AREA_STYLE ('',( #10209 ) ) ;
#3864 = EDGE_CURVE ( 'NONE', #11275, #8436, #11146, .T. ) ;
#3865 = VERTEX_POINT ( 'NONE', #9407 ) ;
#3866 = VECTOR ( 'NONE', #11331, 1000.000000000000000 ) ;
#3867 = SURFACE_STYLE_USAGE ( .BOTH. , #2832 ) ;
#3868 = STYLED_ITEM ( 'NONE', ( #306 ), #10904 ) ;
#3869 = FILL_AREA_STYLE ('',( #6793 ) ) ;
#3870 = B_SPLINE_SURFACE_WITH_KNOTS ( 'NONE', 3, 1, ( 
 ( #6507, #6574 ),
 ( #8197, #7345 ),
 ( #11053, #77 ),
 ( #5423, #1825 ) ),
 .UNSPECIFIED., .F., .F., .F.,
 ( 4, 4 ),
 ( 2, 2 ),
 ( 33.00000000000000000, 34.00000000000000000 ),
 ( 0.0000000000000000000, 1.000000000000000000 ),
 .UNSPECIFIED. ) ;
#3871 = VERTEX_POINT ( 'NONE', #3859 ) ;
#3872 = ORIENTED_EDGE ( 'NONE', *, *, #8826, .F. ) ;
#3873 = FACE_OUTER_BOUND ( 'NONE', #8142, .T. ) ;
#3874 = EDGE_CURVE ( 'NONE', #7324, #6725, #7472, .T. ) ;
#3875 = SURFACE_SIDE_STYLE ('',( #186 ) ) ;
#3876 = COLOUR_RGB ( '',0.2235294117647058654, 0.2235294117647058654, 0.2235294117647058654 ) ;
#3877 =( NAMED_UNIT ( * ) PLANE_ANGLE_UNIT ( ) SI_UNIT ( $, .RADIAN. ) );
#3878 = FACE_OUTER_BOUND ( 'NONE', #2722, .T. ) ;
#3879 = EDGE_CURVE ( 'NONE', #4594, #3687, #6412, .T. ) ;
#3880 = ORIENTED_EDGE ( 'NONE', *, *, #1095, .T. ) ;
#3881 = CARTESIAN_POINT ( 'NONE',  ( -0.1314404726750542929, 0.9810000000000003162, 0.3405498110341374507 ) ) ;
#3882 = VERTEX_POINT ( 'NONE', #4523 ) ;
#3883 = PLANE ( 'NONE',  #2643 ) ;
#3884 = ORIENTED_EDGE ( 'NONE', *, *, #5921, .T. ) ;
#3885 = CARTESIAN_POINT ( 'NONE',  ( -0.1558741477235450201, 0.9810000000000003162, 0.2047626817922929832 ) ) ;
#3886 = SURFACE_SIDE_STYLE ('',( #1301 ) ) ;
#3887 = PRESENTATION_STYLE_ASSIGNMENT (( #4692 ) ) ;
#3888 = FACE_OUTER_BOUND ( 'NONE', #10528, .T. ) ;
#3889 = ORIENTED_EDGE ( 'NONE', *, *, #2106, .T. ) ;
#3890 = ORIENTED_EDGE ( 'NONE', *, *, #5224, .T. ) ;
#3891 = CARTESIAN_POINT ( 'NONE',  ( -0.2284319607863218027, 0.9810000000000003162, 0.3376783662459988955 ) ) ;
#3892 = ORIENTED_EDGE ( 'NONE', *, *, #9015, .T. ) ;
#3893 = CARTESIAN_POINT ( 'NONE',  ( 0.2699999999999994071, 1.000000000000000444, 0.01999999999999999695 ) ) ;
#3894 = EDGE_CURVE ( 'NONE', #4124, #11480, #11862, .T. ) ;
#3895 = B_SPLINE_CURVE_WITH_KNOTS ( 'NONE', 3,
 ( #6846, #5889, #2142, #3934 ),
 .UNSPECIFIED., .F., .F.,
 ( 4, 4 ),
 ( 1.000000000000000000, 2.000000000000000000 ),
 .UNSPECIFIED. ) ;
#3896 = CARTESIAN_POINT ( 'NONE',  ( 0.2022323288433300892, 0.9810000000000003162, 0.2752845485394986857 ) ) ;
#3897 = VERTEX_POINT ( 'NONE', #2047 ) ;
#3898 = CARTESIAN_POINT ( 'NONE',  ( -0.1003002224825731981, 0.9800000000000004263, 0.2949161914606361345 ) ) ;
#3899 = DIRECTION ( 'NONE',  ( 1.000000000000000000, 0.0000000000000000000, -0.0000000000000000000 ) ) ;
#3900 = CARTESIAN_POINT ( 'NONE',  ( -0.5799999999999994049, 1.000000000000000444, 0.5300000000000001377 ) ) ;
#3901 = FACE_OUTER_BOUND ( 'NONE', #11779, .T. ) ;
#3902 = CARTESIAN_POINT ( 'NONE',  ( -0.2583828538324782764, 0.9800000000000004263, 0.2211141067604965316 ) ) ;
#3903 = SURFACE_SIDE_STYLE ('',( #11386 ) ) ;
#3904 = SURFACE_SIDE_STYLE ('',( #3071 ) ) ;
#3905 = CARTESIAN_POINT ( 'NONE',  ( -0.08040833714202309801, 0.9810000000000003162, 0.2317604167506185919 ) ) ;
#3906 = SURFACE_STYLE_USAGE ( .BOTH. , #10438 ) ;
#3907 = CARTESIAN_POINT ( 'NONE',  ( 0.1924978166923430600, 0.9800000000000004263, 0.2206281110792663314 ) ) ;
#3908 = EDGE_CURVE ( 'NONE', #4293, #9313, #8218, .T. ) ;
#3909 = CARTESIAN_POINT ( 'NONE',  ( -0.1336083126399199017, 0.9810000000000003162, 0.2192176299579966792 ) ) ;
#3910 = CARTESIAN_POINT ( 'NONE',  ( 0.06150595553267604321, 0.9810000000000003162, 0.2384973650103970610 ) ) ;
#3911 =( LENGTH_UNIT ( ) NAMED_UNIT ( * ) SI_UNIT ( .MILLI., .METRE. ) );
#3912 = FACE_OUTER_BOUND ( 'NONE', #5643, .T. ) ;
#3913 =( NAMED_UNIT ( * ) PLANE_ANGLE_UNIT ( ) SI_UNIT ( $, .RADIAN. ) );
#3914 = STYLED_ITEM ( 'NONE', ( #3056 ), #1415 ) ;
#3915 = DIRECTION ( 'NONE',  ( 0.0000000000000000000, 1.000000000000000000, 0.0000000000000000000 ) ) ;
#3916 = ORIENTED_EDGE ( 'NONE', *, *, #11472, .F. ) ;
#3917 = CARTESIAN_POINT ( 'NONE',  ( -0.09597104098580989950, 0.9810000000000003162, 0.2471168284930282122 ) ) ;
#3918 = CARTESIAN_POINT ( 'NONE',  ( -0.08036022082143226553, 0.9800000000000004263, 0.2249761669736695668 ) ) ;
#3919 = B_SPLINE_CURVE_WITH_KNOTS ( 'NONE', 3,
 ( #11220, #2961, #6837, #2058 ),
 .UNSPECIFIED., .F., .F.,
 ( 4, 4 ),
 ( 6.000000000000000000, 7.000000000000000000 ),
 .UNSPECIFIED. ) ;
#3920 = CARTESIAN_POINT ( 'NONE',  ( -0.1901429103307739343, 0.9800000000000004263, 0.2975023256621182055 ) ) ;
#3921 = ORIENTED_EDGE ( 'NONE', *, *, #1552, .F. ) ;
#3922 = SURFACE_SIDE_STYLE ('',( #5996 ) ) ;
#3923 = CARTESIAN_POINT ( 'NONE',  ( -0.09660557314164537612, 0.9810000000000003162, 0.2522852538963212821 ) ) ;
#3924 = CARTESIAN_POINT ( 'NONE',  ( -0.1384900796140219881, 0.9810000000000003162, 0.2514683019951686749 ) ) ;
#3925 = EDGE_LOOP ( 'NONE', ( #6958, #1935, #11214, #10876 ) ) ;
#3926 = ORIENTED_EDGE ( 'NONE', *, *, #11571, .T. ) ;
#3927 = UNCERTAINTY_MEASURE_WITH_UNIT (LENGTH_MEASURE( 1.000000000000000082E-05 ), #11165, 'distance_accuracy_value', 'NONE');
#3928 = CARTESIAN_POINT ( 'NONE',  ( 0.1606150882671101288, 0.9800000000000004263, 0.3324688012273488980 ) ) ;
#3929 = EDGE_CURVE ( 'NONE', #3364, #2430, #3610, .T. ) ;
#3930 = SURFACE_SIDE_STYLE ('',( #8413 ) ) ;
#3931 = CARTESIAN_POINT ( 'NONE',  ( -0.1356237158666682430, 0.9800000000000004263, 0.2266637866773915377 ) ) ;
#3932 = VERTEX_POINT ( 'NONE', #5561 ) ;
#3933 =( NAMED_UNIT ( * ) PLANE_ANGLE_UNIT ( ) SI_UNIT ( $, .RADIAN. ) );
#3934 = CARTESIAN_POINT ( 'NONE',  ( 0.09822897624322909915, 0.9800000000000004263, 0.3616698184917169212 ) ) ;
#3935 =( NAMED_UNIT ( * ) SI_UNIT ( $, .STERADIAN. ) SOLID_ANGLE_UNIT ( ) );
#3936 = ORIENTED_EDGE ( 'NONE', *, *, #11785, .T. ) ;
#3937 = DIRECTION ( 'NONE',  ( 0.007092178509962634818, 0.0000000000000000000, -0.9999748501857348426 ) ) ;
#3938 = UNCERTAINTY_MEASURE_WITH_UNIT (LENGTH_MEASURE( 1.000000000000000082E-05 ), #602, 'distance_accuracy_value', 'NONE');
#3939 = B_SPLINE_CURVE_WITH_KNOTS ( 'NONE', 3,
 ( #2541, #10853, #543, #6290 ),
 .UNSPECIFIED., .F., .F.,
 ( 4, 4 ),
 ( 5.000000000000000000, 6.000000000000000000 ),
 .UNSPECIFIED. ) ;
#3940 = VERTEX_POINT ( 'NONE', #10976 ) ;
#3941 = EDGE_CURVE ( 'NONE', #125, #10828, #5488, .T. ) ;
#3942 = EDGE_CURVE ( 'NONE', #5767, #3716, #9285, .T. ) ;
#3943 = MECHANICAL_DESIGN_GEOMETRIC_PRESENTATION_REPRESENTATION (  '', ( #10503 ), #676 ) ;
#3944 = FACE_OUTER_BOUND ( 'NONE', #7471, .T. ) ;
#3945 = CARTESIAN_POINT ( 'NONE',  ( -0.1336083126399199017, 0.9810000000000003162, 0.2192176299579966792 ) ) ;
#3946 = CARTESIAN_POINT ( 'NONE',  ( -0.1032640942626190522, 0.9810000000000003162, 0.2381749497862886977 ) ) ;
#3947 = ORIENTED_EDGE ( 'NONE', *, *, #10451, .T. ) ;
#3948 = EDGE_LOOP ( 'NONE', ( #7395, #4419, #2368, #6755 ) ) ;
#3949 = DIRECTION ( 'NONE',  ( -0.0000000000000000000, -1.000000000000000000, -0.0000000000000000000 ) ) ;
#3950 = B_SPLINE_CURVE_WITH_KNOTS ( 'NONE', 3,
 ( #7036, #7957, #509, #7890 ),
 .UNSPECIFIED., .F., .F.,
 ( 4, 4 ),
 ( 5.000000000000000000, 6.000000000000000000 ),
 .UNSPECIFIED. ) ;
#3951 = VERTEX_POINT ( 'NONE', #10265 ) ;
#3952 = PRESENTATION_LAYER_ASSIGNMENT (  '', '', ( #8011 ) ) ;
#3953 = VECTOR ( 'NONE', #2436, 1000.000000000000000 ) ;
#3954 = CARTESIAN_POINT ( 'NONE',  ( -0.1471725697378032105, 0.9810000000000003162, 0.2038625962271659597 ) ) ;
#3955 = VERTEX_POINT ( 'NONE', #4774 ) ;
#3956 = ADVANCED_FACE ( 'NONE', ( #11030 ), #1082, .F. ) ;
#3957 = B_SPLINE_CURVE_WITH_KNOTS ( 'NONE', 3,
 ( #1502, #4459, #7057, #7123 ),
 .UNSPECIFIED., .F., .F.,
 ( 4, 4 ),
 ( 3.000000000000000000, 4.000000000000000000 ),
 .UNSPECIFIED. ) ;
#3958 = CARTESIAN_POINT ( 'NONE',  ( -0.1278942141534321897, 0.9810000000000003162, 0.2308777433289414260 ) ) ;
#3959 = CARTESIAN_POINT ( 'NONE',  ( -0.1027234132343150808, 0.9810000000000003162, 0.3415333207181004971 ) ) ;
#3960 = LINE ( 'NONE', #5008, #494 ) ;
#3961 = FACE_OUTER_BOUND ( 'NONE', #5259, .T. ) ;
#3962 = STYLED_ITEM ( 'NONE', ( #6769 ), #3256 ) ;
#3963 = CARTESIAN_POINT ( 'NONE',  ( -0.1096344792239592053, 0.9800000000000004263, 0.2384157093606849298 ) ) ;
#3964 = EDGE_CURVE ( 'NONE', #7862, #9719, #11212, .T. ) ;
#3965 = VECTOR ( 'NONE', #10253, 1000.000000000000114 ) ;
#3966 = B_SPLINE_SURFACE_WITH_KNOTS ( 'NONE', 3, 1, ( 
 ( #3958, #2178 ),
 ( #6884, #6719 ),
 ( #3019, #10550 ),
 ( #4046, #2287 ) ),
 .UNSPECIFIED., .F., .F., .F.,
 ( 4, 4 ),
 ( 2, 2 ),
 ( 3.000000000000000000, 4.000000000000000000 ),
 ( 0.0000000000000000000, 1.000000000000000000 ),
 .UNSPECIFIED. ) ;
#3967 = AXIS2_PLACEMENT_3D ( 'NONE', #2823, #10203, #9962 ) ;
#3968 =( NAMED_UNIT ( * ) PLANE_ANGLE_UNIT ( ) SI_UNIT ( $, .RADIAN. ) );
#3969 = CARTESIAN_POINT ( 'NONE',  ( -0.09249217796259767699, 0.9810000000000003162, 0.2367436611642648736 ) ) ;
#3970 = CARTESIAN_POINT ( 'NONE',  ( -0.005569245625948512218, 0.9800000000000004263, 0.2662191137651554462 ) ) ;
#3971 = CARTESIAN_POINT ( 'NONE',  ( 0.1924978166923430600, 0.9810000000000003162, 0.2206281110792663314 ) ) ;
#3972 = COLOUR_RGB ( '',0.2235294117647058654, 0.2235294117647058654, 0.2235294117647058654 ) ;
#3973 = VECTOR ( 'NONE', #1492, 1000.000000000000000 ) ;
#3974 = FILL_AREA_STYLE_COLOUR ( '', #8078 ) ;
#3975 = SURFACE_STYLE_USAGE ( .BOTH. , #281 ) ;
#3976 = VECTOR ( 'NONE', #7999, 1000.000000000000000 ) ;
#3977 = CARTESIAN_POINT ( 'NONE',  ( -0.2586451891742486686, 0.9810000000000003162, 0.2581025643573647277 ) ) ;
#3978 = CARTESIAN_POINT ( 'NONE',  ( -0.2254477106681113119, 0.9800000000000004263, 0.3457318635279222896 ) ) ;
#3979 = CARTESIAN_POINT ( 'NONE',  ( -0.05357662199022229788, 0.9800000000000004263, 0.2383453888603684345 ) ) ;
#3980 = VERTEX_POINT ( 'NONE', #6067 ) ;
#3981 = DIRECTION ( 'NONE',  ( -1.000000000000000000, 0.0000000000000000000, 0.0000000000000000000 ) ) ;
#3982 = CARTESIAN_POINT ( 'NONE',  ( -0.1384900796140219881, 0.9800000000000004263, 0.2514683019951686749 ) ) ;
#3983 = EDGE_CURVE ( 'NONE', #8310, #4293, #4094, .T. ) ;
#3984 =( NAMED_UNIT ( * ) PLANE_ANGLE_UNIT ( ) SI_UNIT ( $, .RADIAN. ) );
#3985 = SURFACE_SIDE_STYLE ('',( #7741 ) ) ;
#3986 = STYLED_ITEM ( 'NONE', ( #6164 ), #6767 ) ;
#3987 = ORIENTED_EDGE ( 'NONE', *, *, #5695, .F. ) ;
#3988 = STYLED_ITEM ( 'NONE', ( #7159 ), #10802 ) ;
#3989 = LINE ( 'NONE', #1396, #11376 ) ;
#3990 = CARTESIAN_POINT ( 'NONE',  ( -0.1096344792239592331, 0.9810000000000003162, 0.2384157093606849576 ) ) ;
#3991 = CARTESIAN_POINT ( 'NONE',  ( 0.1289913240301206465, 0.9800000000000004263, 0.3568269137446797301 ) ) ;
#3992 = CARTESIAN_POINT ( 'NONE',  ( -0.1384900796140219881, 0.9800000000000004263, 0.2514683019951686749 ) ) ;
#3993 = ORIENTED_EDGE ( 'NONE', *, *, #10244, .F. ) ;
#3994 = ORIENTED_EDGE ( 'NONE', *, *, #9686, .T. ) ;
#3995 =( GEOMETRIC_REPRESENTATION_CONTEXT ( 3 ) GLOBAL_UNCERTAINTY_ASSIGNED_CONTEXT ( ( #3230 ) ) GLOBAL_UNIT_ASSIGNED_CONTEXT ( ( #828, #8103, #8926 ) ) REPRESENTATION_CONTEXT ( 'NONE', 'WORKASPACE' ) );
#3996 = PRESENTATION_STYLE_ASSIGNMENT (( #301 ) ) ;
#3997 = LINE ( 'NONE', #3161, #10403 ) ;
#3998 = STYLED_ITEM ( 'NONE', ( #2161 ), #6889 ) ;
#3999 =( LENGTH_UNIT ( ) NAMED_UNIT ( * ) SI_UNIT ( .MILLI., .METRE. ) );
#4000 = CARTESIAN_POINT ( 'NONE',  ( -0.2394708957524849247, 0.9810000000000003162, 0.2649711571210510153 ) ) ;
#4001 = FACE_OUTER_BOUND ( 'NONE', #5891, .T. ) ;
#4002 = SURFACE_SIDE_STYLE ('',( #2251 ) ) ;
#4003 = VERTEX_POINT ( 'NONE', #323 ) ;
#4004 = CARTESIAN_POINT ( 'NONE',  ( -0.2909312565452122912, 0.9810000000000003162, 0.2545462710318336930 ) ) ;
#4005 = STYLED_ITEM ( 'NONE', ( #988 ), #7131 ) ;
#4006 = ADVANCED_FACE ( 'NONE', ( #10588 ), #3234, .F. ) ;
#4007 = DIRECTION ( 'NONE',  ( -1.000000000000000000, -0.0000000000000000000, -0.0000000000000000000 ) ) ;
#4008 = ORIENTED_EDGE ( 'NONE', *, *, #843, .T. ) ;
#4009 = CARTESIAN_POINT ( 'NONE',  ( 0.1606150882671101288, 0.9800000000000004263, 0.3324688012273488980 ) ) ;
#4010 = B_SPLINE_CURVE_WITH_KNOTS ( 'NONE', 3,
 ( #2834, #6360, #6541, #5504 ),
 .UNSPECIFIED., .F., .F.,
 ( 4, 4 ),
 ( 7.000000000000000000, 8.000000000000000000 ),
 .UNSPECIFIED. ) ;
#4011 = DIRECTION ( 'NONE',  ( 0.9999748501857348426, -0.0000000000000000000, 0.007092178509964358266 ) ) ;
#4012 = CARTESIAN_POINT ( 'NONE',  ( -0.1115721950537148927, 0.9800000000000004263, 0.3466954769348883358 ) ) ;
#4013 = COLOUR_RGB ( '',0.2235294117647058654, 0.2235294117647058654, 0.2235294117647058654 ) ;
#4014 = CARTESIAN_POINT ( 'NONE',  ( -0.1012904573062684277, 0.9810000000000003162, 0.3007579537369385325 ) ) ;
#4016 =( GEOMETRIC_REPRESENTATION_CONTEXT ( 3 ) GLOBAL_UNCERTAINTY_ASSIGNED_CONTEXT ( ( #318 ) ) GLOBAL_UNIT_ASSIGNED_CONTEXT ( ( #6522, #3544, #3602 ) ) REPRESENTATION_CONTEXT ( 'NONE', 'WORKASPACE' ) );
#4015 = CARTESIAN_POINT ( 'NONE',  ( 0.0000000000000000000, 0.9800000000000004263, 0.0000000000000000000 ) ) ;
#4017 = CARTESIAN_POINT ( 'NONE',  ( -0.1183096952081277298, 0.9800000000000004263, 0.2392639926912618620 ) ) ;
#4018 = ADVANCED_FACE ( 'NONE', ( #4192 ), #3760, .F. ) ;
#4019 = CARTESIAN_POINT ( 'NONE',  ( -0.1411336527627564397, 0.9810000000000003162, 0.2503577795607858647 ) ) ;
#4020 = ORIENTED_EDGE ( 'NONE', *, *, #3942, .T. ) ;
#4021 = VERTEX_POINT ( 'NONE', #8669 ) ;
#4022 = CARTESIAN_POINT ( 'NONE',  ( -0.3022296708210212568, 0.9810000000000003162, 0.2275877205213638343 ) ) ;
#4023 = ADVANCED_FACE ( 'NONE', ( #8780 ), #1302, .F. ) ;
#4024 = SURFACE_SIDE_STYLE ('',( #331 ) ) ;
#4025 = ORIENTED_EDGE ( 'NONE', *, *, #4166, .F. ) ;
#4026 = STYLED_ITEM ( 'NONE', ( #2820 ), #7973 ) ;
#4027 = ORIENTED_EDGE ( 'NONE', *, *, #10776, .F. ) ;
#4028 = SURFACE_SIDE_STYLE ('',( #3844 ) ) ;
#4029 = CARTESIAN_POINT ( 'NONE',  ( 0.1767154215945662410, 0.9810000000000003162, 0.2031638970050134441 ) ) ;
#4030 = EDGE_CURVE ( 'NONE', #3932, #2837, #8948, .T. ) ;
#4031 = VECTOR ( 'NONE', #11822, 1000.000000000000000 ) ;
#4032 =( GEOMETRIC_REPRESENTATION_CONTEXT ( 3 ) GLOBAL_UNCERTAINTY_ASSIGNED_CONTEXT ( ( #1867 ) ) GLOBAL_UNIT_ASSIGNED_CONTEXT ( ( #5961, #1238, #4080 ) ) REPRESENTATION_CONTEXT ( 'NONE', 'WORKASPACE' ) );
#4033 = AXIS2_PLACEMENT_3D ( 'NONE', #5452, #8181, #3806 ) ;
#4034 = CARTESIAN_POINT ( 'NONE',  ( -0.2391694832240683077, 0.9810000000000003162, 0.2591245094712030239 ) ) ;
#4035 = CARTESIAN_POINT ( 'NONE',  ( -0.2909312565452122357, 0.9800000000000004263, 0.2545462710318336930 ) ) ;
#4036 = DIRECTION ( 'NONE',  ( -1.000000000000000000, -0.0000000000000000000, -0.0000000000000000000 ) ) ;
#4037 = DIRECTION ( 'NONE',  ( 0.007092178509963868206, 0.0000000000000000000, -0.9999748501857348426 ) ) ;
#4038 = ORIENTED_EDGE ( 'NONE', *, *, #2472, .F. ) ;
#4039 = B_SPLINE_CURVE_WITH_KNOTS ( 'NONE', 3,
 ( #11006, #10294, #926, #997 ),
 .UNSPECIFIED., .F., .F.,
 ( 4, 4 ),
 ( 8.000000000000000000, 9.000000000000000000 ),
 .UNSPECIFIED. ) ;
#4040 = VECTOR ( 'NONE', #1545, 1000.000000000000000 ) ;
#4041 = AXIS2_PLACEMENT_3D ( 'NONE', #2761, #162, #7543 ) ;
#4042 =( NAMED_UNIT ( * ) SI_UNIT ( $, .STERADIAN. ) SOLID_ANGLE_UNIT ( ) );
#4043 = EDGE_CURVE ( 'NONE', #6210, #7835, #1206, .T. ) ;
#4044 = CARTESIAN_POINT ( 'NONE',  ( 0.2186505424965838329, 0.9810000000000003162, 0.3050444569674231055 ) ) ;
#4045 =( NAMED_UNIT ( * ) PLANE_ANGLE_UNIT ( ) SI_UNIT ( $, .RADIAN. ) );
#4046 = CARTESIAN_POINT ( 'NONE',  ( -0.1345384498917537586, 0.9810000000000003162, 0.2275812948293549076 ) ) ;
#4047 = MECHANICAL_DESIGN_GEOMETRIC_PRESENTATION_REPRESENTATION (  '', ( #7902 ), #10963 ) ;
#4048 = PRESENTATION_LAYER_ASSIGNMENT (  '', '', ( #7717 ) ) ;
#4049 = SURFACE_SIDE_STYLE ('',( #4109 ) ) ;
#4050 = CARTESIAN_POINT ( 'NONE',  ( 0.01673531508541209814, 0.9810000000000003162, 0.2815605417844621594 ) ) ;
#4051 = PRESENTATION_LAYER_ASSIGNMENT (  '', '', ( #9438 ) ) ;
#4052 = DIRECTION ( 'NONE',  ( 0.007092178509963163041, -0.0000000000000000000, -0.9999748501857348426 ) ) ;
#4053 = CARTESIAN_POINT ( 'NONE',  ( -0.3817097946182765877, -1.034353464437637760, -1.675075469639685455 ) ) ;
#4054 = CARTESIAN_POINT ( 'NONE',  ( -0.05361791722322011705, 0.9800000000000004263, 0.2441678867532691699 ) ) ;
#4055 = CARTESIAN_POINT ( 'NONE',  ( -0.1248929121863773528, 0.9800000000000004263, 0.2420247191473610393 ) ) ;
#4056 = PRESENTATION_STYLE_ASSIGNMENT (( #4972 ) ) ;
#4057 = CARTESIAN_POINT ( 'NONE',  ( -0.05345531724329093126, 0.9810000000000003162, 0.2212418012999091965 ) ) ;
#4058 = ORIENTED_EDGE ( 'NONE', *, *, #3638, .F. ) ;
#4059 = EDGE_CURVE ( 'NONE', #7455, #5824, #1591, .T. ) ;
#4060 = ORIENTED_EDGE ( 'NONE', *, *, #7119, .F. ) ;
#4061 = UNCERTAINTY_MEASURE_WITH_UNIT (LENGTH_MEASURE( 1.000000000000000082E-05 ), #6738, 'distance_accuracy_value', 'NONE');
#4062 = CARTESIAN_POINT ( 'NONE',  ( -0.2150015195407217472, 0.9810000000000003162, 0.2142992618085834133 ) ) ;
#4063 = CARTESIAN_POINT ( 'NONE',  ( 0.1589589138169000826, 0.9800000000000004263, 0.3111282264814766996 ) ) ;
#4064 = MECHANICAL_DESIGN_GEOMETRIC_PRESENTATION_REPRESENTATION (  '', ( #9831 ), #8695 ) ;
#4065 = FILL_AREA_STYLE ('',( #2250 ) ) ;
#4066 = PRESENTATION_STYLE_ASSIGNMENT (( #7755 ) ) ;
#4067 = ORIENTED_EDGE ( 'NONE', *, *, #5956, .T. ) ;
#4068 =( NAMED_UNIT ( * ) PLANE_ANGLE_UNIT ( ) SI_UNIT ( $, .RADIAN. ) );
#4069 = LINE ( 'NONE', #6742, #5578 ) ;
#4070 = DIRECTION ( 'NONE',  ( -0.007092178509959435988, -0.0000000000000000000, 0.9999748501857349536 ) ) ;
#4071 = ORIENTED_EDGE ( 'NONE', *, *, #6622, .F. ) ;
#4072 = FILL_AREA_STYLE ('',( #2201 ) ) ;
#4073 = EDGE_CURVE ( 'NONE', #1453, #4503, #6827, .T. ) ;
#4074 = UNCERTAINTY_MEASURE_WITH_UNIT (LENGTH_MEASURE( 1.000000000000000082E-05 ), #7974, 'distance_accuracy_value', 'NONE');
#4075 = MECHANICAL_DESIGN_GEOMETRIC_PRESENTATION_REPRESENTATION (  '', ( #3868 ), #10806 ) ;
#4076 = CARTESIAN_POINT ( 'NONE',  ( -0.1027234132343150808, 0.9810000000000003162, 0.3415333207181004971 ) ) ;
#4077 = B_SPLINE_SURFACE_WITH_KNOTS ( 'NONE', 3, 1, ( 
 ( #10795, #8762 ),
 ( #11625, #8932 ),
 ( #1451, #10731 ),
 ( #7860, #4230 ) ),
 .UNSPECIFIED., .F., .F., .F.,
 ( 4, 4 ),
 ( 2, 2 ),
 ( 10.00000000000000000, 11.00000000000000000 ),
 ( 0.0000000000000000000, 1.000000000000000000 ),
 .UNSPECIFIED. ) ;
#4078 = SURFACE_SIDE_STYLE ('',( #257 ) ) ;
#4079 = LINE ( 'NONE', #7767, #10351 ) ;
#4080 =( NAMED_UNIT ( * ) SI_UNIT ( $, .STERADIAN. ) SOLID_ANGLE_UNIT ( ) );
#4081 =( LENGTH_UNIT ( ) NAMED_UNIT ( * ) SI_UNIT ( .MILLI., .METRE. ) );
#4082 =( NAMED_UNIT ( * ) PLANE_ANGLE_UNIT ( ) SI_UNIT ( $, .RADIAN. ) );
#4083 = ORIENTED_EDGE ( 'NONE', *, *, #2331, .F. ) ;
#4084 = ORIENTED_EDGE ( 'NONE', *, *, #11020, .T. ) ;
#4085 = B_SPLINE_CURVE_WITH_KNOTS ( 'NONE', 3,
 ( #9785, #7990, #11637, #3388 ),
 .UNSPECIFIED., .F., .F.,
 ( 4, 4 ),
 ( 6.000000000000000000, 7.000000000000000000 ),
 .UNSPECIFIED. ) ;
#4086 = SURFACE_SIDE_STYLE ('',( #397 ) ) ;
#4087 = VECTOR ( 'NONE', #8732, 1000.000000000000000 ) ;
#4088 = LINE ( 'NONE', #11428, #2672 ) ;
#4089 = ORIENTED_EDGE ( 'NONE', *, *, #11136, .T. ) ;
#4090 = CARTESIAN_POINT ( 'NONE',  ( -0.1642756972842778218, 0.9800000000000004263, 0.2091741664913349952 ) ) ;
#4091 = VERTEX_POINT ( 'NONE', #2667 ) ;
#4092 = VERTEX_POINT ( 'NONE', #5168 ) ;
#4093 = CARTESIAN_POINT ( 'NONE',  ( 0.1813122104065303664, 0.9810000000000003162, 0.2176567344499826251 ) ) ;
#4094 = B_SPLINE_CURVE_WITH_KNOTS ( 'NONE', 3,
 ( #10526, #8607, #3945, #7823 ),
 .UNSPECIFIED., .F., .F.,
 ( 4, 4 ),
 ( 1.000000000000000000, 2.000000000000000000 ),
 .UNSPECIFIED. ) ;
#4095 = ADVANCED_FACE ( 'NONE', ( #1641 ), #11069, .F. ) ;
#4096 = DIRECTION ( 'NONE',  ( -0.007092178509970679598, -0.0000000000000000000, 0.9999748501857348426 ) ) ;
#4097 = DIRECTION ( 'NONE',  ( -0.9999748501857348426, 0.0000000000000000000, -0.007092178509965683594 ) ) ;
#4098 =( LENGTH_UNIT ( ) NAMED_UNIT ( * ) SI_UNIT ( .MILLI., .METRE. ) );
#4099 = FACE_OUTER_BOUND ( 'NONE', #11126, .T. ) ;
#4100 = VERTEX_POINT ( 'NONE', #3515 ) ;
#4101 = CARTESIAN_POINT ( 'NONE',  ( -0.08863871572542110500, 0.9810000000000003162, 0.2212002248946726146 ) ) ;
#4102 =( LENGTH_UNIT ( ) NAMED_UNIT ( * ) SI_UNIT ( .MILLI., .METRE. ) );
#4103 = CARTESIAN_POINT ( 'NONE',  ( -0.08407883266472754302, 0.9800000000000004263, 0.2489947997936305668 ) ) ;
#4104 = DIRECTION ( 'NONE',  ( -0.0000000000000000000, -1.000000000000000000, -0.0000000000000000000 ) ) ;
#4105 = EDGE_LOOP ( 'NONE', ( #10811, #4356, #8673, #10870 ) ) ;
#4106 = EDGE_CURVE ( 'NONE', #10826, #2690, #6548, .T. ) ;
#4107 = EDGE_CURVE ( 'NONE', #7211, #455, #1699, .T. ) ;
#4108 = SURFACE_STYLE_FILL_AREA ( #4964 ) ;
#4109 = SURFACE_STYLE_FILL_AREA ( #9594 ) ;
#4110 = CARTESIAN_POINT ( 'NONE',  ( -0.2538087766958543878, 0.9810000000000003162, 0.2542376756705261309 ) ) ;
#4111 = FACE_OUTER_BOUND ( 'NONE', #7392, .T. ) ;
#4112 = CARTESIAN_POINT ( 'NONE',  ( -0.1944235917151589110, 0.9810000000000003162, 0.2431692426588430156 ) ) ;
#4113 =( NAMED_UNIT ( * ) PLANE_ANGLE_UNIT ( ) SI_UNIT ( $, .RADIAN. ) );
#4114 = ORIENTED_EDGE ( 'NONE', *, *, #5438, .T. ) ;
#4115 = ORIENTED_EDGE ( 'NONE', *, *, #9811, .T. ) ;
#4116 = CARTESIAN_POINT ( 'NONE',  ( 0.01684555845657268944, 0.9800000000000004263, 0.2660165733965533796 ) ) ;
#4117 = LINE ( 'NONE', #11523, #8324 ) ;
#4118 = LINE ( 'NONE', #6669, #7318 ) ;
#4119 = ADVANCED_FACE ( 'NONE', ( #6250 ), #1932, .T. ) ;
#4120 = ORIENTED_EDGE ( 'NONE', *, *, #8979, .F. ) ;
#4121 = FILL_AREA_STYLE ('',( #9674 ) ) ;
#4122 = UNCERTAINTY_MEASURE_WITH_UNIT (LENGTH_MEASURE( 1.000000000000000082E-05 ), #8029, 'distance_accuracy_value', 'NONE');
#4123 = LINE ( 'NONE', #715, #5596 ) ;
#4124 = VERTEX_POINT ( 'NONE', #10161 ) ;
#4125 = CARTESIAN_POINT ( 'NONE',  ( -0.1643392080106935715, 0.9800000000000004263, 0.2236267145774515075 ) ) ;
#4126 = PRESENTATION_STYLE_ASSIGNMENT (( #7574 ) ) ;
#4127 = ORIENTED_EDGE ( 'NONE', *, *, #6322, .T. ) ;
#4128 =( NAMED_UNIT ( * ) PLANE_ANGLE_UNIT ( ) SI_UNIT ( $, .RADIAN. ) );
#4129 =( LENGTH_UNIT ( ) NAMED_UNIT ( * ) SI_UNIT ( .MILLI., .METRE. ) );
#4130 = CARTESIAN_POINT ( 'NONE',  ( 0.6000000000000003109, 0.9999999999999995559, 0.5500000000000000444 ) ) ;
#4131 = DIRECTION ( 'NONE',  ( -0.007092178509963216818, 0.0000000000000000000, 0.9999748501857348426 ) ) ;
#4132 = DIRECTION ( 'NONE',  ( -0.9999748501857348426, -0.0000000000000000000, -0.007092178509964370409 ) ) ;
#4133 = EDGE_CURVE ( 'NONE', #11373, #8232, #188, .T. ) ;
#4134 = ORIENTED_EDGE ( 'NONE', *, *, #10000, .F. ) ;
#4135 = ORIENTED_EDGE ( 'NONE', *, *, #513, .F. ) ;
#4136 = FACE_OUTER_BOUND ( 'NONE', #6021, .T. ) ;
#4137 = B_SPLINE_CURVE_WITH_KNOTS ( 'NONE', 3,
 ( #2397, #9705, #5923, #3195 ),
 .UNSPECIFIED., .F., .F.,
 ( 4, 4 ),
 ( 20.00000000000000000, 21.00000000000000000 ),
 .UNSPECIFIED. ) ;
#4138 = CARTESIAN_POINT ( 'NONE',  ( 0.2197914174653515518, 0.9810000000000003162, 0.2461270851575140806 ) ) ;
#4139 = EDGE_LOOP ( 'NONE', ( #6957, #6512, #6053, #7730 ) ) ;
#4140 = LINE ( 'NONE', #3893, #2267 ) ;
#4141 = ORIENTED_EDGE ( 'NONE', *, *, #10754, .F. ) ;
#4142 = VERTEX_POINT ( 'NONE', #3810 ) ;
#4143 = VECTOR ( 'NONE', #10782, 1000.000000000000000 ) ;
#4144 = CARTESIAN_POINT ( 'NONE',  ( -0.5799999999999994049, -0.9800000000000004263, 0.01999999999999999695 ) ) ;
#4145 = DIRECTION ( 'NONE',  ( 0.0000000000000000000, -0.0000000000000000000, -1.000000000000000000 ) ) ;
#4146 = PRESENTATION_LAYER_ASSIGNMENT (  '', '', ( #2778 ) ) ;
#4147 = MECHANICAL_DESIGN_GEOMETRIC_PRESENTATION_REPRESENTATION (  '', ( #5897 ), #8206 ) ;
#4148 = DIRECTION ( 'NONE',  ( 0.0000000000000000000, -0.0000000000000000000, -1.000000000000000000 ) ) ;
#4149 = STYLED_ITEM ( 'NONE', ( #4887 ), #9500 ) ;
#4150 = PLANE ( 'NONE',  #8107 ) ;
#4151 = ORIENTED_EDGE ( 'NONE', *, *, #1245, .T. ) ;
#4152 = ADVANCED_FACE ( 'NONE', ( #5455 ), #8477, .F. ) ;
#4153 =( NAMED_UNIT ( * ) SI_UNIT ( $, .STERADIAN. ) SOLID_ANGLE_UNIT ( ) );
#4154 = SURFACE_STYLE_FILL_AREA ( #2399 ) ;
#4155 = LINE ( 'NONE', #4897, #2808 ) ;
#4156 = CARTESIAN_POINT ( 'NONE',  ( -0.1322717771878449411, 0.9800000000000004263, 0.2140281888109734909 ) ) ;
#4157 = DIRECTION ( 'NONE',  ( -0.9999748501857348426, -0.0000000000000000000, -0.007092178509964200406 ) ) ;
#4158 = COLOUR_RGB ( '',0.2235294117647058654, 0.2235294117647058654, 0.2235294117647058654 ) ;
#4159 = SURFACE_SIDE_STYLE ('',( #6044 ) ) ;
#4160 = PRESENTATION_LAYER_ASSIGNMENT (  '', '', ( #871 ) ) ;
#4161 = DIRECTION ( 'NONE',  ( -0.0000000000000000000, -1.000000000000000000, -0.0000000000000000000 ) ) ;
#4162 = LINE ( 'NONE', #8984, #2133 ) ;
#4163 = ORIENTED_EDGE ( 'NONE', *, *, #588, .T. ) ;
#4164 = CARTESIAN_POINT ( 'NONE',  ( 0.1466298830622249916, 0.9810000000000003162, 0.2654910417758425401 ) ) ;
#4165 = COLOUR_RGB ( '',0.2235294117647058654, 0.2235294117647058654, 0.2235294117647058654 ) ;
#4166 = EDGE_CURVE ( 'NONE', #10163, #6264, #7437, .T. ) ;
#4167 = STYLED_ITEM ( 'NONE', ( #5306 ), #10106 ) ;
#4168 = B_SPLINE_SURFACE_WITH_KNOTS ( 'NONE', 3, 1, ( 
 ( #11269, #3012 ),
 ( #3140, #224 ),
 ( #3971, #3907 ),
 ( #5982, #6825 ) ),
 .UNSPECIFIED., .F., .F., .F.,
 ( 4, 4 ),
 ( 2, 2 ),
 ( 8.000000000000000000, 9.000000000000000000 ),
 ( 0.0000000000000000000, 1.000000000000000000 ),
 .UNSPECIFIED. ) ;
#4169 =( GEOMETRIC_REPRESENTATION_CONTEXT ( 3 ) GLOBAL_UNCERTAINTY_ASSIGNED_CONTEXT ( ( #11054 ) ) GLOBAL_UNIT_ASSIGNED_CONTEXT ( ( #3061, #5798, #6514 ) ) REPRESENTATION_CONTEXT ( 'NONE', 'WORKASPACE' ) );
#4170 = SURFACE_SIDE_STYLE ('',( #5263 ) ) ;
#4171 = ORIENTED_EDGE ( 'NONE', *, *, #9158, .T. ) ;
#4172 = EDGE_LOOP ( 'NONE', ( #8694, #69, #3521, #3325 ) ) ;
#4173 = UNCERTAINTY_MEASURE_WITH_UNIT (LENGTH_MEASURE( 1.000000000000000082E-05 ), #2885, 'distance_accuracy_value', 'NONE');
#4174 = CARTESIAN_POINT ( 'NONE',  ( -0.2661294102955976126, 0.9800000000000004263, 0.2321328657275964213 ) ) ;
#4175 = DIRECTION ( 'NONE',  ( 0.3451999324343007491, 0.0000000000000000000, -0.9385291719746137185 ) ) ;
#4176 =( GEOMETRIC_REPRESENTATION_CONTEXT ( 3 ) GLOBAL_UNCERTAINTY_ASSIGNED_CONTEXT ( ( #4202 ) ) GLOBAL_UNIT_ASSIGNED_CONTEXT ( ( #11157, #7556, #9419 ) ) REPRESENTATION_CONTEXT ( 'NONE', 'WORKASPACE' ) );
#4177 = EDGE_CURVE ( 'NONE', #7560, #4375, #11043, .T. ) ;
#4178 = DIRECTION ( 'NONE',  ( -0.0000000000000000000, -1.000000000000000000, -0.0000000000000000000 ) ) ;
#4179 = COLOUR_RGB ( '',0.2235294117647058654, 0.2235294117647058654, 0.2235294117647058654 ) ;
#4180 = CARTESIAN_POINT ( 'NONE',  ( 0.1857090023169245818, 0.9810000000000003162, 0.3113179476557284553 ) ) ;
#4181 = EDGE_LOOP ( 'NONE', ( #5231, #10073 ) ) ;
#4182 = CARTESIAN_POINT ( 'NONE',  ( -0.2593277417024690279, 0.9810000000000003162, 0.2462181904892979667 ) ) ;
#4183 = COLOUR_RGB ( '',0.2235294117647058654, 0.2235294117647058654, 0.2235294117647058654 ) ;
#4184 = ORIENTED_EDGE ( 'NONE', *, *, #3502, .T. ) ;
#4185 = SURFACE_SIDE_STYLE ('',( #7993 ) ) ;
#4186 = VECTOR ( 'NONE', #4573, 1000.000000000000114 ) ;
#4187 = CARTESIAN_POINT ( 'NONE',  ( 0.1107400636383502196, 0.9800000000000004263, 0.2287244026595042778 ) ) ;
#4188 = ORIENTED_EDGE ( 'NONE', *, *, #2818, .T. ) ;
#4189 = EDGE_CURVE ( 'NONE', #9000, #4783, #8418, .T. ) ;
#4190 = PRESENTATION_STYLE_ASSIGNMENT (( #1534 ) ) ;
#4191 = DIRECTION ( 'NONE',  ( 0.0000000000000000000, 0.0000000000000000000, -1.000000000000000000 ) ) ;
#4192 = FACE_OUTER_BOUND ( 'NONE', #3125, .T. ) ;
#4193 = VECTOR ( 'NONE', #4482, 1000.000000000000000 ) ;
#4194 = DIRECTION ( 'NONE',  ( -0.0000000000000000000, -1.000000000000000000, -0.0000000000000000000 ) ) ;
#4195 = SURFACE_STYLE_USAGE ( .BOTH. , #742 ) ;
#4196 = ORIENTED_EDGE ( 'NONE', *, *, #2898, .T. ) ;
#4197 = ORIENTED_EDGE ( 'NONE', *, *, #8727, .F. ) ;
#4198 = CARTESIAN_POINT ( 'NONE',  ( -0.1955466647065569052, 0.9810000000000003162, 0.3392113305852193506 ) ) ;
#4199 = FACE_OUTER_BOUND ( 'NONE', #2183, .T. ) ;
#4200 = VERTEX_POINT ( 'NONE', #8241 ) ;
#4201 = PRESENTATION_STYLE_ASSIGNMENT (( #2505 ) ) ;
#4202 = UNCERTAINTY_MEASURE_WITH_UNIT (LENGTH_MEASURE( 1.000000000000000082E-05 ), #11157, 'distance_accuracy_value', 'NONE');
#4203 = ORIENTED_EDGE ( 'NONE', *, *, #4304, .T. ) ;
#4204 = VECTOR ( 'NONE', #4663, 1000.000000000000000 ) ;
#4205 = ORIENTED_EDGE ( 'NONE', *, *, #10961, .F. ) ;
#4206 = EDGE_CURVE ( 'NONE', #5321, #6133, #2215, .T. ) ;
#4207 = VECTOR ( 'NONE', #9047, 1000.000000000000114 ) ;
#4208 = CARTESIAN_POINT ( 'NONE',  ( -0.1311624672671914960, 0.9810000000000003162, 0.3013519234333387753 ) ) ;
#4209 = DIRECTION ( 'NONE',  ( 0.0000000000000000000, -0.0000000000000000000, -1.000000000000000000 ) ) ;
#4210 = DIRECTION ( 'NONE',  ( -0.0000000000000000000, -1.000000000000000000, -0.0000000000000000000 ) ) ;
#4211 = LINE ( 'NONE', #4276, #5620 ) ;
#4212 = AXIS2_PLACEMENT_3D ( 'NONE', #3257, #1440, #3313 ) ;
#4213 =( GEOMETRIC_REPRESENTATION_CONTEXT ( 3 ) GLOBAL_UNCERTAINTY_ASSIGNED_CONTEXT ( ( #11643 ) ) GLOBAL_UNIT_ASSIGNED_CONTEXT ( ( #367, #10331, #237 ) ) REPRESENTATION_CONTEXT ( 'NONE', 'WORKASPACE' ) );
#4214 = ORIENTED_EDGE ( 'NONE', *, *, #7747, .T. ) ;
#4215 = LINE ( 'NONE', #8266, #10384 ) ;
#4216 = ADVANCED_FACE ( 'NONE', ( #1872 ), #2843, .F. ) ;
#4218 = STYLED_ITEM ( 'NONE', ( #10462 ), #6458 ) ;
#4217 = SURFACE_STYLE_FILL_AREA ( #589 ) ;
#4219 = CARTESIAN_POINT ( 'NONE',  ( -0.1507804757224739389, 0.9810000000000003162, 0.2031091588234313072 ) ) ;
#4220 = CARTESIAN_POINT ( 'NONE',  ( -0.1183096952081277298, 0.9810000000000003162, 0.2392639926912618620 ) ) ;
#4221 =( LENGTH_UNIT ( ) NAMED_UNIT ( * ) SI_UNIT ( .MILLI., .METRE. ) );
#4222 =( NAMED_UNIT ( * ) PLANE_ANGLE_UNIT ( ) SI_UNIT ( $, .RADIAN. ) );
#4223 = ADVANCED_FACE ( 'NONE', ( #9429 ), #5414, .F. ) ;
#4224 = CARTESIAN_POINT ( 'NONE',  ( -0.1096344792239592331, 0.9810000000000003162, 0.2384157093606849576 ) ) ;
#4225 = FILL_AREA_STYLE ('',( #5995 ) ) ;
#4226 = CARTESIAN_POINT ( 'NONE',  ( -0.1292355428020206254, 0.9800000000000004263, 0.2367430101241767837 ) ) ;
#4227 = COLOUR_RGB ( '',0.2235294117647058654, 0.2235294117647058654, 0.2235294117647058654 ) ;
#4228 =( GEOMETRIC_REPRESENTATION_CONTEXT ( 3 ) GLOBAL_UNCERTAINTY_ASSIGNED_CONTEXT ( ( #10455 ) ) GLOBAL_UNIT_ASSIGNED_CONTEXT ( ( #5403, #564, #9073 ) ) REPRESENTATION_CONTEXT ( 'NONE', 'WORKASPACE' ) );
#4229 = PRESENTATION_LAYER_ASSIGNMENT (  '', '', ( #6356 ) ) ;
#4230 = CARTESIAN_POINT ( 'NONE',  ( -0.1410897765776967239, 0.9800000000000004263, 0.2441713755496451588 ) ) ;
#4231 = VECTOR ( 'NONE', #1999, 1000.000000000000000 ) ;
#4232 = SURFACE_STYLE_USAGE ( .BOTH. , #4170 ) ;
#4233 = VERTEX_POINT ( 'NONE', #9544 ) ;
#4234 = VECTOR ( 'NONE', #6289, 1000.000000000000114 ) ;
#4235 = ORIENTED_EDGE ( 'NONE', *, *, #6334, .T. ) ;
#4236 = CARTESIAN_POINT ( 'NONE',  ( 0.5800000000000001821, 0.9999999999999995559, 0.02000000000000005246 ) ) ;
#4237 = LINE ( 'NONE', #9781, #6936 ) ;
#4238 =( GEOMETRIC_REPRESENTATION_CONTEXT ( 3 ) GLOBAL_UNCERTAINTY_ASSIGNED_CONTEXT ( ( #8048 ) ) GLOBAL_UNIT_ASSIGNED_CONTEXT ( ( #3634, #2785, #5408 ) ) REPRESENTATION_CONTEXT ( 'NONE', 'WORKASPACE' ) );
#4239 = MECHANICAL_DESIGN_GEOMETRIC_PRESENTATION_REPRESENTATION (  '', ( #9438 ), #3645 ) ;
#4240 = CARTESIAN_POINT ( 'NONE',  ( 0.07279154650397577642, 0.9800000000000004263, 0.2273707295474767243 ) ) ;
#4241 = EDGE_CURVE ( 'NONE', #4003, #10989, #4118, .T. ) ;
#4242 = CARTESIAN_POINT ( 'NONE',  ( -0.1248615691533271205, 0.9800000000000004263, 0.2192796649843538337 ) ) ;
#4243 = VECTOR ( 'NONE', #4775, 1000.000000000000000 ) ;
#4244 = VECTOR ( 'NONE', #5390, 1000.000000000000000 ) ;
#4245 = ORIENTED_EDGE ( 'NONE', *, *, #10375, .T. ) ;
#4246 = B_SPLINE_CURVE_WITH_KNOTS ( 'NONE', 3,
 ( #3265, #3371, #2466, #6100 ),
 .UNSPECIFIED., .F., .F.,
 ( 4, 4 ),
 ( 2.000000000000000000, 3.000000000000000000 ),
 .UNSPECIFIED. ) ;
#4247 = UNCERTAINTY_MEASURE_WITH_UNIT (LENGTH_MEASURE( 1.000000000000000082E-05 ), #5485, 'distance_accuracy_value', 'NONE');
#4248 = PRESENTATION_LAYER_ASSIGNMENT (  '', '', ( #3090 ) ) ;
#4249 = VERTEX_POINT ( 'NONE', #8590 ) ;
#4250 = CARTESIAN_POINT ( 'NONE',  ( 0.07283256726140327486, 0.9810000000000003162, 0.2215869318461886062 ) ) ;
#4251 =( GEOMETRIC_REPRESENTATION_CONTEXT ( 3 ) GLOBAL_UNCERTAINTY_ASSIGNED_CONTEXT ( ( #5879 ) ) GLOBAL_UNIT_ASSIGNED_CONTEXT ( ( #5615, #92, #2882 ) ) REPRESENTATION_CONTEXT ( 'NONE', 'WORKASPACE' ) );
#4252 = CARTESIAN_POINT ( 'NONE',  ( 0.1471452137234624813, 0.9800000000000004263, 0.1928320125314076650 ) ) ;
#4253 = ADVANCED_FACE ( 'NONE', ( #4001 ), #1407, .F. ) ;
#4254 = ORIENTED_EDGE ( 'NONE', *, *, #5494, .T. ) ;
#4255 = CARTESIAN_POINT ( 'NONE',  ( -0.1763723712847932723, 0.9800000000000004263, 0.3460799233489057491 ) ) ;
#4257 = SURFACE_STYLE_USAGE ( .BOTH. , #2264 ) ;
#4256 = VECTOR ( 'NONE', #782, 1000.000000000000000 ) ;
#4258 = CARTESIAN_POINT ( 'NONE',  ( -0.2885462351358029642, 0.9800000000000004263, 0.2646230973000675557 ) ) ;
#4259 = ADVANCED_FACE ( 'NONE', ( #3385 ), #7195, .F. ) ;
#4260 = SURFACE_STYLE_USAGE ( .BOTH. , #5281 ) ;
#4261 = DIRECTION ( 'NONE',  ( 0.3962797719141814001, -0.0000000000000000000, -0.9181298069290879660 ) ) ;
#4262 = CARTESIAN_POINT ( 'NONE',  ( 0.2250111927590992544, 0.9800000000000004263, 0.2747230760545777972 ) ) ;
#4263 = ORIENTED_EDGE ( 'NONE', *, *, #875, .F. ) ;
#4264 = ORIENTED_EDGE ( 'NONE', *, *, #2872, .T. ) ;
#4265 = CARTESIAN_POINT ( 'NONE',  ( -0.09180021817302808085, 0.9810000000000003162, 0.2143152275510540883 ) ) ;
#4266 = VERTEX_POINT ( 'NONE', #1627 ) ;
#4267 = CARTESIAN_POINT ( 'NONE',  ( -0.09180021817302808085, 0.9810000000000003162, 0.2143152275510540883 ) ) ;
#4268 = ORIENTED_EDGE ( 'NONE', *, *, #7420, .T. ) ;
#4269 = EDGE_LOOP ( 'NONE', ( #5248, #626, #10592, #3536 ) ) ;
#4270 = CARTESIAN_POINT ( 'NONE',  ( -0.2661852694723765844, 0.9810000000000003162, 0.2400088338596155779 ) ) ;
#4271 = LINE ( 'NONE', #9029, #8042 ) ;
#4272 = COLOUR_RGB ( '',0.2235294117647058654, 0.2235294117647058654, 0.2235294117647058654 ) ;
#4273 =( NAMED_UNIT ( * ) SI_UNIT ( $, .STERADIAN. ) SOLID_ANGLE_UNIT ( ) );
#4274 = DIRECTION ( 'NONE',  ( -0.0000000000000000000, 1.000000000000000000, -0.0000000000000000000 ) ) ;
#4275 = B_SPLINE_SURFACE_WITH_KNOTS ( 'NONE', 3, 1, ( 
 ( #6320, #640 ),
 ( #6204, #11731 ),
 ( #3478, #2571 ),
 ( #24, #3706 ) ),
 .UNSPECIFIED., .F., .F., .F.,
 ( 4, 4 ),
 ( 2, 2 ),
 ( 2.000000000000000000, 3.000000000000000000 ),
 ( 0.0000000000000000000, 1.000000000000000000 ),
 .UNSPECIFIED. ) ;
#4276 = CARTESIAN_POINT ( 'NONE',  ( 0.09822897624322909915, 0.9810000000000003162, 0.3616698184917169212 ) ) ;
#4277 = CARTESIAN_POINT ( 'NONE',  ( -0.04685089958738627297, 0.9810000000000003162, 0.2154918460151248050 ) ) ;
#4278 = EDGE_CURVE ( 'NONE', #262, #5647, #760, .T. ) ;
#4279 = CARTESIAN_POINT ( 'NONE',  ( 0.05044595173453347153, 0.9810000000000003162, 0.3197577475172901362 ) ) ;
#4280 = ORIENTED_EDGE ( 'NONE', *, *, #2202, .F. ) ;
#4281 = CARTESIAN_POINT ( 'NONE',  ( 0.1478835478460375497, 0.9810000000000003162, 0.3435851849483294029 ) ) ;
#4282 = PRESENTATION_STYLE_ASSIGNMENT (( #7850 ) ) ;
#4283 = CARTESIAN_POINT ( 'NONE',  ( 0.06285189649190150996, 0.9800000000000004263, 0.3545502998984561560 ) ) ;
#4284 = SURFACE_STYLE_USAGE ( .BOTH. , #11681 ) ;
#4285 = CARTESIAN_POINT ( 'NONE',  ( -0.07648797249033079115, 0.9800000000000004263, 0.3204038184596204597 ) ) ;
#4286 = PRESENTATION_STYLE_ASSIGNMENT (( #8758 ) ) ;
#4287 = FACE_OUTER_BOUND ( 'NONE', #422, .T. ) ;
#4288 = ADVANCED_FACE ( 'NONE', ( #3448 ), #7149, .F. ) ;
#4289 = SURFACE_SIDE_STYLE ('',( #1619 ) ) ;
#4290 = B_SPLINE_CURVE_WITH_KNOTS ( 'NONE', 3,
 ( #3685, #4539, #1933, #11768 ),
 .UNSPECIFIED., .F., .F.,
 ( 4, 4 ),
 ( 4.000000000000000000, 5.000000000000000000 ),
 .UNSPECIFIED. ) ;
#4291 = DIRECTION ( 'NONE',  ( -0.0000000000000000000, 1.000000000000000000, -0.0000000000000000000 ) ) ;
#4292 = CARTESIAN_POINT ( 'NONE',  ( -0.1533170416905898781, 0.9810000000000003162, 0.2510512086686566557 ) ) ;
#4293 = VERTEX_POINT ( 'NONE', #2544 ) ;
#4294 = ORIENTED_EDGE ( 'NONE', *, *, #1509, .T. ) ;
#4295 = UNCERTAINTY_MEASURE_WITH_UNIT (LENGTH_MEASURE( 1.000000000000000082E-05 ), #10463, 'distance_accuracy_value', 'NONE');
#4296 = CARTESIAN_POINT ( 'NONE',  ( -0.2291196769592885041, 0.9800000000000004263, 0.3375175211072943826 ) ) ;
#4297 = CARTESIAN_POINT ( 'NONE',  ( -0.1212757873553534926, 0.9810000000000003162, 0.2341480141806742687 ) ) ;
#4298 = CARTESIAN_POINT ( 'NONE',  ( 0.5800000000000001821, 1.000000000000000444, 0.5300000000000001377 ) ) ;
#4299 = CARTESIAN_POINT ( 'NONE',  ( 0.07098665811640676726, 0.9810000000000003162, 0.2779687662479400911 ) ) ;
#4300 = ORIENTED_EDGE ( 'NONE', *, *, #5664, .F. ) ;
#4301 = FACE_BOUND ( 'NONE', #9132, .T. ) ;
#4302 = CARTESIAN_POINT ( 'NONE',  ( 0.07279154650397577642, 0.9810000000000003162, 0.2273707295474767243 ) ) ;
#4303 =( LENGTH_UNIT ( ) NAMED_UNIT ( * ) SI_UNIT ( .MILLI., .METRE. ) );
#4304 = EDGE_CURVE ( 'NONE', #7771, #8683, #4376, .T. ) ;
#4305 = ORIENTED_EDGE ( 'NONE', *, *, #8100, .F. ) ;
#4306 = UNCERTAINTY_MEASURE_WITH_UNIT (LENGTH_MEASURE( 1.000000000000000082E-05 ), #3337, 'distance_accuracy_value', 'NONE');
#4307 = CARTESIAN_POINT ( 'NONE',  ( -0.1027234132343150808, 0.9800000000000004263, 0.3415333207181004971 ) ) ;
#4308 = DIRECTION ( 'NONE',  ( -0.0000000000000000000, -1.000000000000000000, -0.0000000000000000000 ) ) ;
#4309 = LINE ( 'NONE', #6066, #3976 ) ;
#4310 = CARTESIAN_POINT ( 'NONE',  ( -0.1345384498917537586, 0.9800000000000004263, 0.2275812948293549076 ) ) ;
#4311 = DIRECTION ( 'NONE',  ( -0.0000000000000000000, -1.000000000000000000, -0.0000000000000000000 ) ) ;
#4312 = CARTESIAN_POINT ( 'NONE',  ( -0.09669995412308492189, 0.9800000000000004263, 0.2142804768750715683 ) ) ;
#4313 = ADVANCED_BREP_SHAPE_REPRESENTATION ( 'R0508', ( #5821, #7769 ), #5258 ) ;
#4314 = ORIENTED_EDGE ( 'NONE', *, *, #2493, .F. ) ;
#4315 = VERTEX_POINT ( 'NONE', #8889 ) ;
#4316 = CARTESIAN_POINT ( 'NONE',  ( -0.1955466647065569052, 0.9800000000000004263, 0.3392113305852193506 ) ) ;
#4317 = CARTESIAN_POINT ( 'NONE',  ( 0.2251137447504691913, 0.9810000000000003162, 0.2602635680116929251 ) ) ;
#4318 = EDGE_LOOP ( 'NONE', ( #369, #8967, #11805, #1320 ) ) ;
#4319 = FACE_OUTER_BOUND ( 'NONE', #2951, .T. ) ;
#4320 = EDGE_CURVE ( 'NONE', #10591, #7324, #723, .T. ) ;
#4321 = EDGE_CURVE ( 'NONE', #1221, #8233, #7369, .T. ) ;
#4322 = ORIENTED_EDGE ( 'NONE', *, *, #933, .F. ) ;
#4323 = ORIENTED_EDGE ( 'NONE', *, *, #10652, .T. ) ;
#4324 = CARTESIAN_POINT ( 'NONE',  ( -0.1906467391812632917, 0.9810000000000003162, 0.3062329384880760896 ) ) ;
#4325 = CARTESIAN_POINT ( 'NONE',  ( -0.1312837720141229736, 0.9810000000000003162, 0.3184555109937997064 ) ) ;
#4326 = CARTESIAN_POINT ( 'NONE',  ( 0.1207950444543391399, 0.9800000000000004263, 0.3401395120339173461 ) ) ;
#4327 = LINE ( 'NONE', #10770, #8414 ) ;
#4328 = ADVANCED_FACE ( 'NONE', ( #5684 ), #6469, .F. ) ;
#4329 = CARTESIAN_POINT ( 'NONE',  ( -0.07180022649168252280, 0.9810000000000003162, 0.2440389313270088789 ) ) ;
#4330 = CARTESIAN_POINT ( 'NONE',  ( 0.1478835478460375497, 0.9800000000000004263, 0.3435851849483294029 ) ) ;
#4331 = CARTESIAN_POINT ( 'NONE',  ( -0.1027004626466781617, 0.9800000000000004263, 0.3474602526721866647 ) ) ;
#4332 = ORIENTED_EDGE ( 'NONE', *, *, #775, .T. ) ;
#4333 = PRESENTATION_STYLE_ASSIGNMENT (( #6152 ) ) ;
#4334 = CARTESIAN_POINT ( 'NONE',  ( -0.1188938987987478435, 0.9810000000000003162, 0.2373362487876347904 ) ) ;
#4335 = ADVANCED_FACE ( 'NONE', ( #11868 ), #2713, .F. ) ;
#4336 = CARTESIAN_POINT ( 'NONE',  ( -0.1004230800217317393, 0.9810000000000003162, 0.2224423706627196295 ) ) ;
#4337 = MECHANICAL_DESIGN_GEOMETRIC_PRESENTATION_REPRESENTATION (  '', ( #6855 ), #11452 ) ;
#4338 = CARTESIAN_POINT ( 'NONE',  ( -0.07856088943584205175, 0.9810000000000003162, 0.3066379723109163291 ) ) ;
#4339 = STYLED_ITEM ( 'NONE', ( #4190 ), #3692 ) ;
#4340 =( GEOMETRIC_REPRESENTATION_CONTEXT ( 3 ) GLOBAL_UNCERTAINTY_ASSIGNED_CONTEXT ( ( #7346 ) ) GLOBAL_UNIT_ASSIGNED_CONTEXT ( ( #3356, #7894, #10831 ) ) REPRESENTATION_CONTEXT ( 'NONE', 'WORKASPACE' ) );
#4341 = B_SPLINE_SURFACE_WITH_KNOTS ( 'NONE', 3, 1, ( 
 ( #18, #4985 ),
 ( #2199, #9495 ),
 ( #8596, #3817 ),
 ( #7699, #193 ) ),
 .UNSPECIFIED., .F., .F., .F.,
 ( 4, 4 ),
 ( 2, 2 ),
 ( 4.000000000000000000, 5.000000000000000000 ),
 ( 0.0000000000000000000, 1.000000000000000000 ),
 .UNSPECIFIED. ) ;
#4342 = CARTESIAN_POINT ( 'NONE',  ( -0.1763723712847932723, 0.9810000000000003162, 0.3460799233489056936 ) ) ;
#4343 =( LENGTH_UNIT ( ) NAMED_UNIT ( * ) SI_UNIT ( .MILLI., .METRE. ) );
#4344 = CARTESIAN_POINT ( 'NONE',  ( 0.1756206855218711838, 0.9800000000000004263, 0.2555744928868387000 ) ) ;
#4345 = LINE ( 'NONE', #10573, #4830 ) ;
#4346 = CARTESIAN_POINT ( 'NONE',  ( 0.5800000000000001821, -0.9800000000000004263, 0.01999999999999999695 ) ) ;
#4347 = DIRECTION ( 'NONE',  ( 0.007092178509965466754, 0.0000000000000000000, -0.9999748501857348426 ) ) ;
#4348 = VECTOR ( 'NONE', #10615, 1000.000000000000000 ) ;
#4349 = ORIENTED_EDGE ( 'NONE', *, *, #699, .T. ) ;
#4350 = DIRECTION ( 'NONE',  ( 0.0000000000000000000, 1.000000000000000000, 0.0000000000000000000 ) ) ;
#4351 =( LENGTH_UNIT ( ) NAMED_UNIT ( * ) SI_UNIT ( .MILLI., .METRE. ) );
#4352 = EDGE_CURVE ( 'NONE', #5824, #9724, #10080, .T. ) ;
#4353 =( NAMED_UNIT ( * ) SI_UNIT ( $, .STERADIAN. ) SOLID_ANGLE_UNIT ( ) );
#4354 = VECTOR ( 'NONE', #8964, 1000.000000000000000 ) ;
#4355 = VECTOR ( 'NONE', #10306, 1000.000000000000000 ) ;
#4356 = ORIENTED_EDGE ( 'NONE', *, *, #8403, .T. ) ;
#4357 = FILL_AREA_STYLE_COLOUR ( '', #6573 ) ;
#4358 = STYLED_ITEM ( 'NONE', ( #2525 ), #9323 ) ;
#4359 =( LENGTH_UNIT ( ) NAMED_UNIT ( * ) SI_UNIT ( .MILLI., .METRE. ) );
#4360 = B_SPLINE_CURVE_WITH_KNOTS ( 'NONE', 3,
 ( #6351, #3330, #8886, #10025 ),
 .UNSPECIFIED., .F., .F.,
 ( 4, 4 ),
 ( 12.00000000000000000, 13.00000000000000000 ),
 .UNSPECIFIED. ) ;
#4361 = CARTESIAN_POINT ( 'NONE',  ( -0.05373332265115360329, 0.9810000000000003162, 0.2604396889007068450 ) ) ;
#4362 = EDGE_LOOP ( 'NONE', ( #2325, #1597, #8199, #7874 ) ) ;
#4363 =( NAMED_UNIT ( * ) SI_UNIT ( $, .STERADIAN. ) SOLID_ANGLE_UNIT ( ) );
#4364 = VECTOR ( 'NONE', #11337, 1000.000000000000000 ) ;
#4365 = VECTOR ( 'NONE', #10882, 1000.000000000000000 ) ;
#4366 = SURFACE_STYLE_USAGE ( .BOTH. , #3400 ) ;
#4367 =( NAMED_UNIT ( * ) PLANE_ANGLE_UNIT ( ) SI_UNIT ( $, .RADIAN. ) );
#4368 = FILL_AREA_STYLE ('',( #10691 ) ) ;
#4369 = ADVANCED_FACE ( 'NONE', ( #1795 ), #11745, .T. ) ;
#4370 = CARTESIAN_POINT ( 'NONE',  ( 0.1924978166923430600, 0.9800000000000004263, 0.2206281110792663314 ) ) ;
#4371 = ORIENTED_EDGE ( 'NONE', *, *, #6621, .F. ) ;
#4372 = ORIENTED_EDGE ( 'NONE', *, *, #6367, .F. ) ;
#4373 = STYLED_ITEM ( 'NONE', ( #7253 ), #6611 ) ;
#4374 = CARTESIAN_POINT ( 'NONE',  ( 0.03378161602439329336, 0.9810000000000003162, 0.3247006391044053308 ) ) ;
#4375 = VERTEX_POINT ( 'NONE', #3091 ) ;
#4376 = B_SPLINE_CURVE_WITH_KNOTS ( 'NONE', 3,
 ( #6234, #4417, #7933, #5211 ),
 .UNSPECIFIED., .F., .F.,
 ( 4, 4 ),
 ( 10.00000000000000000, 11.00000000000000000 ),
 .UNSPECIFIED. ) ;
#4377 = LINE ( 'NONE', #11603, #3036 ) ;
#4378 = ORIENTED_EDGE ( 'NONE', *, *, #8659, .F. ) ;
#4379 = ORIENTED_EDGE ( 'NONE', *, *, #4030, .F. ) ;
#4380 = CARTESIAN_POINT ( 'NONE',  ( 0.1471528985507288279, 0.9800000000000004263, 0.2427198625404619614 ) ) ;
#4381 = PRESENTATION_LAYER_ASSIGNMENT (  '', '', ( #3593 ) ) ;
#4382 = DIRECTION ( 'NONE',  ( -0.9999748501857348426, 0.0000000000000000000, -0.007092178509963212481 ) ) ;
#4383 = EDGE_CURVE ( 'NONE', #197, #11119, #420, .T. ) ;
#4384 = CARTESIAN_POINT ( 'NONE',  ( -0.1200913414005839730, 0.9810000000000003162, 0.2357420853957250817 ) ) ;
#4385 = CARTESIAN_POINT ( 'NONE',  ( 0.04484162001813838533, 0.9810000000000003162, 0.2944125876853339041 ) ) ;
#4386 = EDGE_CURVE ( 'NONE', #433, #4811, #7121, .T. ) ;
#4387 = PLANE ( 'NONE',  #6103 ) ;
#4388 = VERTEX_POINT ( 'NONE', #10448 ) ;
#4389 = CARTESIAN_POINT ( 'NONE',  ( -0.2126059009832764746, 0.9800000000000004263, 0.2430402872325851393 ) ) ;
#4390 = SURFACE_SIDE_STYLE ('',( #7176 ) ) ;
#4391 = SURFACE_STYLE_USAGE ( .BOTH. , #11560 ) ;
#4392 = ORIENTED_EDGE ( 'NONE', *, *, #3377, .T. ) ;
#4393 = VECTOR ( 'NONE', #4803, 1000.000000000000114 ) ;
#4394 = B_SPLINE_CURVE_WITH_KNOTS ( 'NONE', 3,
 ( #2376, #6975, #6065, #1473 ),
 .UNSPECIFIED., .F., .F.,
 ( 4, 4 ),
 ( 4.000000000000000000, 5.000000000000000000 ),
 .UNSPECIFIED. ) ;
#4395 = CARTESIAN_POINT ( 'NONE',  ( 0.1260584107212490146, 0.9800000000000004263, 0.2606455678126648468 ) ) ;
#4396 = EDGE_CURVE ( 'NONE', #266, #6069, #10495, .T. ) ;
#4397 = FACE_OUTER_BOUND ( 'NONE', #5785, .T. ) ;
#4398 = FILL_AREA_STYLE ('',( #10661 ) ) ;
#4399 = EDGE_CURVE ( 'NONE', #4375, #4594, #2054, .T. ) ;
#4400 = PRESENTATION_LAYER_ASSIGNMENT (  '', '', ( #1118 ) ) ;
#4401 = EDGE_CURVE ( 'NONE', #8215, #3471, #6890, .T. ) ;
#4402 = CARTESIAN_POINT ( 'NONE',  ( -0.1262595874407420882, 0.9810000000000003162, 0.2386357279820021660 ) ) ;
#4403 = CARTESIAN_POINT ( 'NONE',  ( -0.1955466647065569052, 0.9800000000000004263, 0.3392113305852193506 ) ) ;
#4404 = VECTOR ( 'NONE', #2037, 1000.000000000000000 ) ;
#4405 = CARTESIAN_POINT ( 'NONE',  ( -0.2699999999999994071, 0.9800000000000004263, 0.5300000000000001377 ) ) ;
#4406 = FILL_AREA_STYLE ('',( #655 ) ) ;
#4407 = FACE_OUTER_BOUND ( 'NONE', #2773, .T. ) ;
#4408 = DIRECTION ( 'NONE',  ( -0.9999748501857348426, -0.0000000000000000000, -0.007092178509962436192 ) ) ;
#4409 = EDGE_CURVE ( 'NONE', #617, #7164, #8517, .T. ) ;
#4410 = VECTOR ( 'NONE', #2285, 1000.000000000000000 ) ;
#4411 = DIRECTION ( 'NONE',  ( -0.9999748501857348426, 0.0000000000000000000, -0.007092178509965466754 ) ) ;
#4412 = EDGE_LOOP ( 'NONE', ( #1884, #2500, #1247, #5938 ) ) ;
#4413 = UNCERTAINTY_MEASURE_WITH_UNIT (LENGTH_MEASURE( 1.000000000000000082E-05 ), #349, 'distance_accuracy_value', 'NONE');
#4414 = CARTESIAN_POINT ( 'NONE',  ( 0.1107400636383502335, 0.9800000000000004263, 0.2287244026595042501 ) ) ;
#4415 = DIRECTION ( 'NONE',  ( -0.0000000000000000000, -1.000000000000000000, -0.0000000000000000000 ) ) ;
#4416 = VECTOR ( 'NONE', #2858, 1000.000000000000227 ) ;
#4417 = CARTESIAN_POINT ( 'NONE',  ( 0.1272633901649289634, 0.9800000000000004263, 0.1926910035432770896 ) ) ;
#4418 =( GEOMETRIC_REPRESENTATION_CONTEXT ( 3 ) GLOBAL_UNCERTAINTY_ASSIGNED_CONTEXT ( ( #9675 ) ) GLOBAL_UNIT_ASSIGNED_CONTEXT ( ( #3747, #7752, #240 ) ) REPRESENTATION_CONTEXT ( 'NONE', 'WORKASPACE' ) );
#4419 = ORIENTED_EDGE ( 'NONE', *, *, #3908, .F. ) ;
#4420 =( NAMED_UNIT ( * ) SI_UNIT ( $, .STERADIAN. ) SOLID_ANGLE_UNIT ( ) );
#4421 = ADVANCED_FACE ( 'NONE', ( #169 ), #3473, .F. ) ;
#4422 = LINE ( 'NONE', #7372, #7077 ) ;
#4423 = LINE ( 'NONE', #2772, #4193 ) ;
#4424 = DIRECTION ( 'NONE',  ( -0.007092178509965356599, -0.0000000000000000000, 0.9999748501857348426 ) ) ;
#4425 = ORIENTED_EDGE ( 'NONE', *, *, #11683, .T. ) ;
#4426 = UNCERTAINTY_MEASURE_WITH_UNIT (LENGTH_MEASURE( 1.000000000000000082E-05 ), #8323, 'distance_accuracy_value', 'NONE');
#4427 =( GEOMETRIC_REPRESENTATION_CONTEXT ( 3 ) GLOBAL_UNCERTAINTY_ASSIGNED_CONTEXT ( ( #3215 ) ) GLOBAL_UNIT_ASSIGNED_CONTEXT ( ( #6632, #1310, #11189 ) ) REPRESENTATION_CONTEXT ( 'NONE', 'WORKASPACE' ) );
#4428 = CARTESIAN_POINT ( 'NONE',  ( -0.1325413023246454214, 0.9810000000000003162, 0.2520303848801613289 ) ) ;
#4429 = CARTESIAN_POINT ( 'NONE',  ( -0.07335825974568799257, 0.9810000000000003162, 0.2603005018430569195 ) ) ;
#4430 = VECTOR ( 'NONE', #7181, 1000.000000000000000 ) ;
#4431 = STYLED_ITEM ( 'NONE', ( #9839 ), #2249 ) ;
#4432 = LINE ( 'NONE', #8131, #1835 ) ;
#4433 = LINE ( 'NONE', #3516, #6610 ) ;
#4434 =( LENGTH_UNIT ( ) NAMED_UNIT ( * ) SI_UNIT ( .MILLI., .METRE. ) );
#4435 = VERTEX_POINT ( 'NONE', #594 ) ;
#4436 = EDGE_CURVE ( 'NONE', #362, #872, #11685, .T. ) ;
#4437 = SURFACE_STYLE_USAGE ( .BOTH. , #2561 ) ;
#4438 = VERTEX_POINT ( 'NONE', #2529 ) ;
#4439 = CARTESIAN_POINT ( 'NONE',  ( -0.3022296708210212568, 0.9810000000000003162, 0.2275877205213638343 ) ) ;
#4440 = STYLED_ITEM ( 'NONE', ( #11526 ), #4870 ) ;
#4441 = ORIENTED_EDGE ( 'NONE', *, *, #11878, .T. ) ;
#4442 = EDGE_LOOP ( 'NONE', ( #11250, #9199, #5724, #2861 ) ) ;
#4443 =( NAMED_UNIT ( * ) SI_UNIT ( $, .STERADIAN. ) SOLID_ANGLE_UNIT ( ) );
#4444 = B_SPLINE_SURFACE_WITH_KNOTS ( 'NONE', 3, 1, ( 
 ( #4947, #9758 ),
 ( #1556, #8965 ),
 ( #9995, #2453 ),
 ( #6145, #6263 ) ),
 .UNSPECIFIED., .F., .F., .F.,
 ( 4, 4 ),
 ( 2, 2 ),
 ( 2.000000000000000000, 3.000000000000000000 ),
 ( 0.0000000000000000000, 1.000000000000000000 ),
 .UNSPECIFIED. ) ;
#4445 = CARTESIAN_POINT ( 'NONE',  ( -0.08769494268015995408, 0.9800000000000004263, 0.2512306833957839713 ) ) ;
#4446 = DIRECTION ( 'NONE',  ( -0.0000000000000000000, -1.000000000000000000, -0.0000000000000000000 ) ) ;
#4447 = FACE_OUTER_BOUND ( 'NONE', #11874, .T. ) ;
#4448 =( LENGTH_UNIT ( ) NAMED_UNIT ( * ) SI_UNIT ( .MILLI., .METRE. ) );
#4449 = AXIS2_PLACEMENT_3D ( 'NONE', #423, #2295, #5034 ) ;
#4450 = VERTEX_POINT ( 'NONE', #7129 ) ;
#4451 = CARTESIAN_POINT ( 'NONE',  ( 0.0000000000000000000, 0.9810000000000003162, 0.0000000000000000000 ) ) ;
#4452 = VECTOR ( 'NONE', #11808, 1000.000000000000000 ) ;
#4453 = SURFACE_STYLE_FILL_AREA ( #5535 ) ;
#4454 = UNCERTAINTY_MEASURE_WITH_UNIT (LENGTH_MEASURE( 1.000000000000000082E-05 ), #4359, 'distance_accuracy_value', 'NONE');
#4455 = VERTEX_POINT ( 'NONE', #10665 ) ;
#4456 = EDGE_CURVE ( 'NONE', #8201, #4124, #4162, .T. ) ;
#4457 = CARTESIAN_POINT ( 'NONE',  ( -0.1031003881603762551, 0.9810000000000003162, 0.2150929045677676954 ) ) ;
#4458 = LINE ( 'NONE', #11742, #10598 ) ;
#4459 = CARTESIAN_POINT ( 'NONE',  ( -0.07903605505406992304, 0.9800000000000004263, 0.3351506802959132725 ) ) ;
#4460 = VECTOR ( 'NONE', #8223, 1000.000000000000114 ) ;
#4461 = PLANE ( 'NONE',  #11079 ) ;
#4462 =( NAMED_UNIT ( * ) PLANE_ANGLE_UNIT ( ) SI_UNIT ( $, .RADIAN. ) );
#4463 = CARTESIAN_POINT ( 'NONE',  ( -0.1248825883781272406, 0.9810000000000003162, 0.2405690946740485503 ) ) ;
#4464 = SURFACE_STYLE_FILL_AREA ( #11798 ) ;
#4465 = PRESENTATION_STYLE_ASSIGNMENT (( #781 ) ) ;
#4466 = CARTESIAN_POINT ( 'NONE',  ( -0.05345531724329093126, 0.9810000000000003162, 0.2212418012999091965 ) ) ;
#4467 = STYLED_ITEM ( 'NONE', ( #8019 ), #11258 ) ;
#4468 = LINE ( 'NONE', #11466, #570 ) ;
#4469 =( NAMED_UNIT ( * ) SI_UNIT ( $, .STERADIAN. ) SOLID_ANGLE_UNIT ( ) );
#4470 = CARTESIAN_POINT ( 'NONE',  ( 0.1807789363790551496, 0.9800000000000004263, 0.2418738492965728792 ) ) ;
#4471 = ADVANCED_FACE ( 'NONE', ( #10788 ), #2585, .F. ) ;
#4472 = ADVANCED_FACE ( 'NONE', ( #9952 ), #7152, .F. ) ;
#4473 = EDGE_LOOP ( 'NONE', ( #5796, #7409, #11579, #8524 ) ) ;
#4474 = CARTESIAN_POINT ( 'NONE',  ( -0.08036022082143226553, 0.9800000000000004263, 0.2249761669736695668 ) ) ;
#4475 = PLANE ( 'NONE',  #4631 ) ;
#4476 = SURFACE_SIDE_STYLE ('',( #3383 ) ) ;
#4477 = STYLED_ITEM ( 'NONE', ( #7756 ), #11756 ) ;
#4478 = CARTESIAN_POINT ( 'NONE',  ( -0.2288457337151711679, 0.9800000000000004263, 0.3392091131190770881 ) ) ;
#4479 = ORIENTED_EDGE ( 'NONE', *, *, #11208, .T. ) ;
#4480 = FACE_OUTER_BOUND ( 'NONE', #8077, .T. ) ;
#4481 = CARTESIAN_POINT ( 'NONE',  ( -0.1639402752660993612, 0.9810000000000003162, 0.2223558084692126846 ) ) ;
#4482 = DIRECTION ( 'NONE',  ( -0.0000000000000000000, -1.000000000000000000, -0.0000000000000000000 ) ) ;
#4483 = VECTOR ( 'NONE', #51, 1000.000000000000000 ) ;
#4484 = CARTESIAN_POINT ( 'NONE',  ( 0.1473528750121374797, 0.9810000000000003162, 0.2145238108256276310 ) ) ;
#4485 = ORIENTED_EDGE ( 'NONE', *, *, #6498, .F. ) ;
#4486 = CARTESIAN_POINT ( 'NONE',  ( 0.04773351886878311745, 0.9810000000000003162, 0.2944330980640477158 ) ) ;
#4487 = DIRECTION ( 'NONE',  ( -0.9394297563095325154, 0.0000000000000000000, 0.3427414958247868570 ) ) ;
#4488 = EDGE_CURVE ( 'NONE', #1756, #6309, #8037, .T. ) ;
#4489 = DIRECTION ( 'NONE',  ( -0.007092178509964442400, 0.0000000000000000000, 0.9999748501857348426 ) ) ;
#4490 = FILL_AREA_STYLE_COLOUR ( '', #8856 ) ;
#4491 =( NAMED_UNIT ( * ) PLANE_ANGLE_UNIT ( ) SI_UNIT ( $, .RADIAN. ) );
#4492 = ORIENTED_EDGE ( 'NONE', *, *, #6561, .F. ) ;
#4493 = CARTESIAN_POINT ( 'NONE',  ( -0.1271894467118268313, 0.9800000000000004263, 0.2377973058347565283 ) ) ;
#4494 = EDGE_LOOP ( 'NONE', ( #5458, #7257, #635, #8267 ) ) ;
#4495 = CARTESIAN_POINT ( 'NONE',  ( -0.1292355428020206254, 0.9810000000000003162, 0.2367430101241767837 ) ) ;
#4496 = MECHANICAL_DESIGN_GEOMETRIC_PRESENTATION_REPRESENTATION (  '', ( #6635 ), #3340 ) ;
#4497 = ORIENTED_EDGE ( 'NONE', *, *, #6395, .T. ) ;
#4498 = SURFACE_STYLE_USAGE ( .BOTH. , #2790 ) ;
#4499 = LINE ( 'NONE', #5415, #2022 ) ;
#4500 = EDGE_CURVE ( 'NONE', #6478, #11530, #1016, .T. ) ;
#4501 = CARTESIAN_POINT ( 'NONE',  ( -0.1032640942626190522, 0.9800000000000004263, 0.2381749497862886977 ) ) ;
#4502 =( NAMED_UNIT ( * ) PLANE_ANGLE_UNIT ( ) SI_UNIT ( $, .RADIAN. ) );
#4503 = VERTEX_POINT ( 'NONE', #6587 ) ;
#4504 = FACE_OUTER_BOUND ( 'NONE', #7816, .T. ) ;
#4505 =( LENGTH_UNIT ( ) NAMED_UNIT ( * ) SI_UNIT ( .MILLI., .METRE. ) );
#4506 = ORIENTED_EDGE ( 'NONE', *, *, #7415, .T. ) ;
#4507 = B_SPLINE_CURVE_WITH_KNOTS ( 'NONE', 3,
 ( #5207, #606, #4296, #3500 ),
 .UNSPECIFIED., .F., .F.,
 ( 4, 4 ),
 ( 1.000000000000000000, 2.000000000000000000 ),
 .UNSPECIFIED. ) ;
#4508 = FILL_AREA_STYLE ('',( #5540 ) ) ;
#4509 = ORIENTED_EDGE ( 'NONE', *, *, #8061, .F. ) ;
#4510 = LINE ( 'NONE', #705, #7241 ) ;
#4511 = LINE ( 'NONE', #4580, #10970 ) ;
#4512 = PLANE ( 'NONE',  #9928 ) ;
#4513 = SURFACE_STYLE_FILL_AREA ( #6335 ) ;
#4514 = DIRECTION ( 'NONE',  ( -0.007092178509963323503, 0.0000000000000000000, 0.9999748501857348426 ) ) ;
#4515 = FILL_AREA_STYLE ('',( #10723 ) ) ;
#4516 = EDGE_CURVE ( 'NONE', #455, #3563, #3666, .T. ) ;
#4517 = CARTESIAN_POINT ( 'NONE',  ( 0.6000000000000003109, -1.000000000000000444, 0.02000000000000005246 ) ) ;
#4518 = EDGE_CURVE ( 'NONE', #254, #6226, #7976, .T. ) ;
#4519 = CARTESIAN_POINT ( 'NONE',  ( -0.2391694832240683077, 0.9810000000000003162, 0.2591245094712030239 ) ) ;
#4520 = DIRECTION ( 'NONE',  ( -0.3216389368451695874, 0.0000000000000000000, -0.9468623945986602841 ) ) ;
#4521 = LINE ( 'NONE', #8343, #9992 ) ;
#4522 = ORIENTED_EDGE ( 'NONE', *, *, #3808, .T. ) ;
#4523 = CARTESIAN_POINT ( 'NONE',  ( -0.1519441059519627546, 0.9810000000000003162, 0.3012045326352056351 ) ) ;
#4524 = DIRECTION ( 'NONE',  ( 0.007092178509964964551, 0.0000000000000000000, -0.9999748501857348426 ) ) ;
#4525 = CARTESIAN_POINT ( 'NONE',  ( 0.04307265205478567199, 0.9810000000000003162, 0.2380051290754030546 ) ) ;
#4526 = STYLED_ITEM ( 'NONE', ( #11381 ), #9488 ) ;
#4527 = UNCERTAINTY_MEASURE_WITH_UNIT (LENGTH_MEASURE( 1.000000000000000082E-05 ), #10867, 'distance_accuracy_value', 'NONE');
#4528 = LINE ( 'NONE', #2180, #2492 ) ;
#4529 = B_SPLINE_CURVE_WITH_KNOTS ( 'NONE', 3,
 ( #8820, #8880, #1399, #7923 ),
 .UNSPECIFIED., .F., .F.,
 ( 4, 4 ),
 ( 27.00000000000000000, 28.00000000000000000 ),
 .UNSPECIFIED. ) ;
#4530 = PLANE ( 'NONE',  #10435 ) ;
#4531 =( LENGTH_UNIT ( ) NAMED_UNIT ( * ) SI_UNIT ( .MILLI., .METRE. ) );
#4532 = B_SPLINE_CURVE_WITH_KNOTS ( 'NONE', 3,
 ( #9268, #9201, #1963, #5538 ),
 .UNSPECIFIED., .F., .F.,
 ( 4, 4 ),
 ( 2.000000000000000000, 3.000000000000000000 ),
 .UNSPECIFIED. ) ;
#4533 = EDGE_CURVE ( 'NONE', #11160, #6392, #3725, .T. ) ;
#4534 = ORIENTED_EDGE ( 'NONE', *, *, #10684, .T. ) ;
#4535 = CARTESIAN_POINT ( 'NONE',  ( 0.2499999999999994171, -1.000000000000000444, 0.0000000000000000000 ) ) ;
#4536 = CARTESIAN_POINT ( 'NONE',  ( -0.08288195124660147073, 0.9810000000000003162, 0.3019802867017373771 ) ) ;
#4537 = PRESENTATION_LAYER_ASSIGNMENT (  '', '', ( #2612 ) ) ;
#4538 = B_SPLINE_SURFACE_WITH_KNOTS ( 'NONE', 3, 1, ( 
 ( #8894, #4252 ),
 ( #8942, #553 ),
 ( #6299, #2370 ),
 ( #5221, #4187 ) ),
 .UNSPECIFIED., .F., .F., .F.,
 ( 4, 4 ),
 ( 2, 2 ),
 ( 10.00000000000000000, 11.00000000000000000 ),
 ( 0.0000000000000000000, 1.000000000000000000 ),
 .UNSPECIFIED. ) ;
#4539 = CARTESIAN_POINT ( 'NONE',  ( -0.1496107774851713479, 0.9800000000000004263, 0.2031174547407738062 ) ) ;
#4540 =( LENGTH_UNIT ( ) NAMED_UNIT ( * ) SI_UNIT ( .MILLI., .METRE. ) );
#4541 = ORIENTED_EDGE ( 'NONE', *, *, #28, .T. ) ;
#4542 = VERTEX_POINT ( 'NONE', #10066 ) ;
#4543 = UNCERTAINTY_MEASURE_WITH_UNIT (LENGTH_MEASURE( 1.000000000000000082E-05 ), #10933, 'distance_accuracy_value', 'NONE');
#4544 = CARTESIAN_POINT ( 'NONE',  ( 0.1807789363790551496, 0.9810000000000003162, 0.2418738492965728792 ) ) ;
#4545 = ADVANCED_FACE ( 'NONE', ( #5481 ), #2642, .F. ) ;
#4546 = PRESENTATION_STYLE_ASSIGNMENT (( #6368 ) ) ;
#4547 = MECHANICAL_DESIGN_GEOMETRIC_PRESENTATION_REPRESENTATION (  '', ( #2045 ), #5511 ) ;
#4548 = COLOUR_RGB ( '',0.2235294117647058654, 0.2235294117647058654, 0.2235294117647058654 ) ;
#4549 = CARTESIAN_POINT ( 'NONE',  ( -0.2278327320775205833, 0.9800000000000004263, 0.3356550372596887599 ) ) ;
#4550 = EDGE_CURVE ( 'NONE', #1266, #9034, #10433, .T. ) ;
#4551 = DIRECTION ( 'NONE',  ( 0.0000000000000000000, -1.000000000000000000, 0.0000000000000000000 ) ) ;
#4552 = EDGE_LOOP ( 'NONE', ( #3338, #2624, #4541, #11194 ) ) ;
#4553 = COLOUR_RGB ( '',0.2235294117647058654, 0.2235294117647058654, 0.2235294117647058654 ) ;
#4554 = ORIENTED_EDGE ( 'NONE', *, *, #8421, .T. ) ;
#4555 = DIRECTION ( 'NONE',  ( 0.9999748501857348426, -0.0000000000000000000, 0.007092178509969763664 ) ) ;
#4556 = EDGE_CURVE ( 'NONE', #8391, #5092, #7403, .T. ) ;
#4557 = AXIS2_PLACEMENT_3D ( 'NONE', #23, #129, #3581 ) ;
#4558 = ORIENTED_EDGE ( 'NONE', *, *, #8456, .T. ) ;
#4559 = SURFACE_STYLE_FILL_AREA ( #11889 ) ;
#4560 = CARTESIAN_POINT ( 'NONE',  ( -0.2150426304200010186, 0.9810000000000003162, 0.2200957664073498465 ) ) ;
#4561 = VECTOR ( 'NONE', #1525, 1000.000000000000000 ) ;
#4562 = SURFACE_STYLE_USAGE ( .BOTH. , #4636 ) ;
#4563 = B_SPLINE_CURVE_WITH_KNOTS ( 'NONE', 3,
 ( #10813, #8128, #2432, #7203 ),
 .UNSPECIFIED., .F., .F.,
 ( 4, 4 ),
 ( 6.000000000000000000, 7.000000000000000000 ),
 .UNSPECIFIED. ) ;
#4564 = DIRECTION ( 'NONE',  ( 0.0000000000000000000, -1.000000000000000000, 0.0000000000000000000 ) ) ;
#4565 = COLOUR_RGB ( '',0.2235294117647058654, 0.2235294117647058654, 0.2235294117647058654 ) ;
#4566 = EDGE_LOOP ( 'NONE', ( #2387, #9240, #10670, #7716 ) ) ;
#4567 = ORIENTED_EDGE ( 'NONE', *, *, #3502, .F. ) ;
#4568 = STYLED_ITEM ( 'NONE', ( #7670 ), #698 ) ;
#4569 = LINE ( 'NONE', #11839, #1902 ) ;
#4570 =( GEOMETRIC_REPRESENTATION_CONTEXT ( 3 ) GLOBAL_UNCERTAINTY_ASSIGNED_CONTEXT ( ( #9851 ) ) GLOBAL_UNIT_ASSIGNED_CONTEXT ( ( #4343, #11916, #1782 ) ) REPRESENTATION_CONTEXT ( 'NONE', 'WORKASPACE' ) );
#4571 = UNCERTAINTY_MEASURE_WITH_UNIT (LENGTH_MEASURE( 1.000000000000000082E-05 ), #358, 'distance_accuracy_value', 'NONE');
#4572 = ORIENTED_EDGE ( 'NONE', *, *, #2578, .F. ) ;
#4573 = DIRECTION ( 'NONE',  ( 0.007092178509965069502, 0.0000000000000000000, -0.9999748501857348426 ) ) ;
#4574 = EDGE_CURVE ( 'NONE', #8520, #1866, #3782, .T. ) ;
#4575 = COLOUR_RGB ( '',0.2235294117647058654, 0.2235294117647058654, 0.2235294117647058654 ) ;
#4576 = SURFACE_SIDE_STYLE ('',( #6211 ) ) ;
#4577 = ORIENTED_EDGE ( 'NONE', *, *, #10361, .T. ) ;
#4578 = STYLED_ITEM ( 'NONE', ( #11659 ), #7030 ) ;
#4579 = CARTESIAN_POINT ( 'NONE',  ( -0.1633696208034960129, 0.9810000000000003162, 0.2206962012474259494 ) ) ;
#4580 = CARTESIAN_POINT ( 'NONE',  ( -0.5799999999999994049, -1.000000000000000444, 0.01999999999999999695 ) ) ;
#4581 = CARTESIAN_POINT ( 'NONE',  ( 0.3817097946182765877, -1.000000000000000444, 0.5500000000000000444 ) ) ;
#4582 = DIRECTION ( 'NONE',  ( -0.0000000000000000000, -1.000000000000000000, -0.0000000000000000000 ) ) ;
#4583 =( LENGTH_UNIT ( ) NAMED_UNIT ( * ) SI_UNIT ( .MILLI., .METRE. ) );
#4584 = CARTESIAN_POINT ( 'NONE',  ( -0.1471323806271166434, 0.9800000000000004263, 0.1981960580990772547 ) ) ;
#4585 =( NAMED_UNIT ( * ) PLANE_ANGLE_UNIT ( ) SI_UNIT ( $, .RADIAN. ) );
#4586 = FACE_OUTER_BOUND ( 'NONE', #7458, .T. ) ;
#4587 = CARTESIAN_POINT ( 'NONE',  ( 0.2250111927590992544, 0.9810000000000003162, 0.2747230760545777972 ) ) ;
#4588 =( NAMED_UNIT ( * ) SI_UNIT ( $, .STERADIAN. ) SOLID_ANGLE_UNIT ( ) );
#4589 = DIRECTION ( 'NONE',  ( 0.0000000000000000000, 0.0000000000000000000, 1.000000000000000000 ) ) ;
#4590 = EDGE_CURVE ( 'NONE', #868, #6309, #886, .T. ) ;
#4591 = LINE ( 'NONE', #7360, #11507 ) ;
#4592 = CARTESIAN_POINT ( 'NONE',  ( -0.1012904573062684277, 0.9810000000000003162, 0.3007579537369385325 ) ) ;
#4593 = B_SPLINE_CURVE_WITH_KNOTS ( 'NONE', 3,
 ( #4302, #4250, #8941, #7938 ),
 .UNSPECIFIED., .F., .F.,
 ( 4, 4 ),
 ( 28.00000000000000000, 29.00000000000000000 ),
 .UNSPECIFIED. ) ;
#4594 = VERTEX_POINT ( 'NONE', #7294 ) ;
#4595 = FACE_BOUND ( 'NONE', #11161, .T. ) ;
#4596 = DIRECTION ( 'NONE',  ( -0.9999748501857351757, 0.0000000000000000000, -0.007092178509923868952 ) ) ;
#4597 = CARTESIAN_POINT ( 'NONE',  ( -0.2278327320775205833, 0.9810000000000003162, 0.3356550372596887599 ) ) ;
#4598 =( LENGTH_UNIT ( ) NAMED_UNIT ( * ) SI_UNIT ( .MILLI., .METRE. ) );
#4599 = STYLED_ITEM ( 'NONE', ( #3211 ), #7692 ) ;
#4600 = FILL_AREA_STYLE ('',( #6535 ) ) ;
#4601 =( GEOMETRIC_REPRESENTATION_CONTEXT ( 3 ) GLOBAL_UNCERTAINTY_ASSIGNED_CONTEXT ( ( #6851 ) ) GLOBAL_UNIT_ASSIGNED_CONTEXT ( ( #4098, #11558, #5246 ) ) REPRESENTATION_CONTEXT ( 'NONE', 'WORKASPACE' ) );
#4602 =( LENGTH_UNIT ( ) NAMED_UNIT ( * ) SI_UNIT ( .MILLI., .METRE. ) );
#4603 = SURFACE_STYLE_USAGE ( .BOTH. , #11033 ) ;
#4604 = ORIENTED_EDGE ( 'NONE', *, *, #7524, .T. ) ;
#4605 = CARTESIAN_POINT ( 'NONE',  ( -0.1324238690058055501, 0.9800000000000004263, 0.2354726564968886993 ) ) ;
#4606 = VECTOR ( 'NONE', #7968, 1000.000000000000000 ) ;
#4607 = UNCERTAINTY_MEASURE_WITH_UNIT (LENGTH_MEASURE( 1.000000000000000082E-05 ), #3384, 'distance_accuracy_value', 'NONE');
#4608 = SURFACE_SIDE_STYLE ('',( #1798 ) ) ;
#4609 = CARTESIAN_POINT ( 'NONE',  ( -0.05402736683254578953, 0.9800000000000004263, 0.3018989930937056032 ) ) ;
#4610 = SURFACE_STYLE_USAGE ( .BOTH. , #10087 ) ;
#4611 = ORIENTED_EDGE ( 'NONE', *, *, #11809, .T. ) ;
#4612 = ORIENTED_EDGE ( 'NONE', *, *, #5582, .F. ) ;
#4613 = LINE ( 'NONE', #10, #9223 ) ;
#4614 = EDGE_CURVE ( 'NONE', #10114, #10860, #2752, .T. ) ;
#4615 = FACE_OUTER_BOUND ( 'NONE', #1709, .T. ) ;
#4616 = PRESENTATION_LAYER_ASSIGNMENT (  '', '', ( #11140 ) ) ;
#4617 = STYLED_ITEM ( 'NONE', ( #5726 ), #8320 ) ;
#4618 = CARTESIAN_POINT ( 'NONE',  ( 0.01684555845657268944, 0.9810000000000003162, 0.2660165733965533796 ) ) ;
#4619 = FILL_AREA_STYLE_COLOUR ( '', #6766 ) ;
#4620 = DIRECTION ( 'NONE',  ( -0.9999748501857348426, 0.0000000000000000000, -0.007092178509963163041 ) ) ;
#4621 = EDGE_LOOP ( 'NONE', ( #2573, #1352, #5675, #6192 ) ) ;
#4622 = ADVANCED_FACE ( 'NONE', ( #4586 ), #90, .T. ) ;
#4623 = DIRECTION ( 'NONE',  ( -0.9999748501857348426, -0.0000000000000000000, -0.007092178509964200406 ) ) ;
#4624 = B_SPLINE_CURVE_WITH_KNOTS ( 'NONE', 3,
 ( #10919, #2711, #839, #8350 ),
 .UNSPECIFIED., .F., .F.,
 ( 4, 4 ),
 ( 12.00000000000000000, 13.00000000000000000 ),
 .UNSPECIFIED. ) ;
#4625 =( GEOMETRIC_REPRESENTATION_CONTEXT ( 3 ) GLOBAL_UNCERTAINTY_ASSIGNED_CONTEXT ( ( #661 ) ) GLOBAL_UNIT_ASSIGNED_CONTEXT ( ( #10596, #10646, #3241 ) ) REPRESENTATION_CONTEXT ( 'NONE', 'WORKASPACE' ) );
#4626 = ORIENTED_EDGE ( 'NONE', *, *, #9846, .F. ) ;
#4627 = FACE_OUTER_BOUND ( 'NONE', #7197, .T. ) ;
#4628 =( GEOMETRIC_REPRESENTATION_CONTEXT ( 3 ) GLOBAL_UNCERTAINTY_ASSIGNED_CONTEXT ( ( #9974 ) ) GLOBAL_UNIT_ASSIGNED_CONTEXT ( ( #1989, #5682, #11928 ) ) REPRESENTATION_CONTEXT ( 'NONE', 'WORKASPACE' ) );
#4629 = ORIENTED_EDGE ( 'NONE', *, *, #10948, .F. ) ;
#4630 = ADVANCED_FACE ( 'NONE', ( #11326 ), #2036, .F. ) ;
#4631 = AXIS2_PLACEMENT_3D ( 'NONE', #8283, #1746, #6413 ) ;
#4632 = CARTESIAN_POINT ( 'NONE',  ( -0.1281476051487012990, 0.9800000000000004263, 0.2464467125882329746 ) ) ;
#4633 =( NAMED_UNIT ( * ) SI_UNIT ( $, .STERADIAN. ) SOLID_ANGLE_UNIT ( ) );
#4634 =( GEOMETRIC_REPRESENTATION_CONTEXT ( 3 ) GLOBAL_UNCERTAINTY_ASSIGNED_CONTEXT ( ( #11518 ) ) GLOBAL_UNIT_ASSIGNED_CONTEXT ( ( #5842, #1171, #3935 ) ) REPRESENTATION_CONTEXT ( 'NONE', 'WORKASPACE' ) );
#4635 = SURFACE_STYLE_USAGE ( .BOTH. , #6567 ) ;
#4636 = SURFACE_SIDE_STYLE ('',( #11116 ) ) ;
#4637 = CARTESIAN_POINT ( 'NONE',  ( -0.08524098574380838123, 0.9810000000000003162, 0.3322212719277862769 ) ) ;
#4638 = ORIENTED_EDGE ( 'NONE', *, *, #1225, .F. ) ;
#4639 = ORIENTED_EDGE ( 'NONE', *, *, #9158, .F. ) ;
#4640 = DIRECTION ( 'NONE',  ( -0.9999748501857348426, 0.0000000000000000000, -0.007092178509966642896 ) ) ;
#4641 = MECHANICAL_DESIGN_GEOMETRIC_PRESENTATION_REPRESENTATION (  '', ( #4440 ), #7914 ) ;
#4642 = CARTESIAN_POINT ( 'NONE',  ( -0.08854543622480952336, 0.9800000000000004263, 0.2300390510330524718 ) ) ;
#4643 = EDGE_LOOP ( 'NONE', ( #11211, #11781, #511, #4171, #8629, #11051, #603, #4577, #8148, #11455, #10325, #10397 ) ) ;
#4644 = SURFACE_SIDE_STYLE ('',( #5605 ) ) ;
#4645 = DIRECTION ( 'NONE',  ( -0.9999748501857348426, 0.0000000000000000000, -0.007092178509964144895 ) ) ;
#4646 = VERTEX_POINT ( 'NONE', #10483 ) ;
#4647 = VECTOR ( 'NONE', #1271, 1000.000000000000000 ) ;
#4648 = DIRECTION ( 'NONE',  ( 0.0000000000000000000, -0.0000000000000000000, 1.000000000000000000 ) ) ;
#4649 = CARTESIAN_POINT ( 'NONE',  ( 0.1815788118333163392, 0.9800000000000004263, 0.3329789872522592731 ) ) ;
#4650 = FILL_AREA_STYLE ('',( #1833 ) ) ;
#4651 = VECTOR ( 'NONE', #5866, 1000.000000000000000 ) ;
#4652 = CARTESIAN_POINT ( 'NONE',  ( -0.08882898268744554571, 0.9810000000000003162, 0.3359910364165828445 ) ) ;
#4653 = CARTESIAN_POINT ( 'NONE',  ( -0.07654604391173461253, 0.9810000000000003162, 0.3285917061216096502 ) ) ;
#4654 = SURFACE_STYLE_FILL_AREA ( #4763 ) ;
#4655 = PLANE ( 'NONE',  #9964 ) ;
#4656 = EDGE_CURVE ( 'NONE', #362, #4003, #6974, .T. ) ;
#4657 = B_SPLINE_SURFACE_WITH_KNOTS ( 'NONE', 3, 1, ( 
 ( #4384, #2596 ),
 ( #4297, #7147 ),
 ( #7194, #8171 ),
 ( #5209, #1626 ) ),
 .UNSPECIFIED., .F., .F., .F.,
 ( 4, 4 ),
 ( 2, 2 ),
 ( 4.000000000000000000, 5.000000000000000000 ),
 ( 0.0000000000000000000, 1.000000000000000000 ),
 .UNSPECIFIED. ) ;
#4658 = DIRECTION ( 'NONE',  ( 0.9999748501857348426, -0.0000000000000000000, 0.007092178509964028668 ) ) ;
#4659 = CARTESIAN_POINT ( 'NONE',  ( -0.1248929121863773528, 0.9810000000000003162, 0.2420247191473610393 ) ) ;
#4660 = SURFACE_STYLE_FILL_AREA ( #8388 ) ;
#4661 = CARTESIAN_POINT ( 'NONE',  ( -0.1252043722825700867, 0.9810000000000003162, 0.2511206207447981842 ) ) ;
#4662 = CARTESIAN_POINT ( 'NONE',  ( -0.1754919095275360719, 0.9810000000000003162, 0.2952407270366810832 ) ) ;
#4663 = DIRECTION ( 'NONE',  ( 0.007092178509963163041, -0.0000000000000000000, -0.9999748501857348426 ) ) ;
#4664 = DIRECTION ( 'NONE',  ( -0.007092178509967527605, -0.0000000000000000000, 0.9999748501857348426 ) ) ;
#4665 = COLOUR_RGB ( '',0.2235294117647058654, 0.2235294117647058654, 0.2235294117647058654 ) ;
#4666 = EDGE_LOOP ( 'NONE', ( #9334, #1279, #6965, #2046 ) ) ;
#4667 = PRESENTATION_STYLE_ASSIGNMENT (( #3609 ) ) ;
#4668 = CARTESIAN_POINT ( 'NONE',  ( 0.2101081641215258311, 0.9810000000000003162, 0.2352132453259013212 ) ) ;
#4669 = FILL_AREA_STYLE_COLOUR ( '', #8733 ) ;
#4670 = LINE ( 'NONE', #8349, #2999 ) ;
#4671 = ADVANCED_FACE ( 'NONE', ( #1317, #221, #8626, #7601, #11202, #11265, #5013, #6705, #2101, #408, #10309, #1200, #4890, #8562 ), #5863, .F. ) ;
#4672 = DIRECTION ( 'NONE',  ( 0.9999748501857348426, 0.0000000000000000000, 0.007092178509963391157 ) ) ;
#4673 =( GEOMETRIC_REPRESENTATION_CONTEXT ( 3 ) GLOBAL_UNCERTAINTY_ASSIGNED_CONTEXT ( ( #9641 ) ) GLOBAL_UNIT_ASSIGNED_CONTEXT ( ( #5297, #10883, #7112 ) ) REPRESENTATION_CONTEXT ( 'NONE', 'WORKASPACE' ) );
#4674 = ORIENTED_EDGE ( 'NONE', *, *, #456, .T. ) ;
#4675 = SURFACE_STYLE_FILL_AREA ( #3618 ) ;
#4676 = DIRECTION ( 'NONE',  ( -0.007092178509968394100, -0.0000000000000000000, 0.9999748501857348426 ) ) ;
#4677 = B_SPLINE_CURVE_WITH_KNOTS ( 'NONE', 3,
 ( #132, #866, #4637, #11185 ),
 .UNSPECIFIED., .F., .F.,
 ( 4, 4 ),
 ( 9.000000000000000000, 10.00000000000000000 ),
 .UNSPECIFIED. ) ;
#4678 = LINE ( 'NONE', #8354, #7273 ) ;
#4679 = ORIENTED_EDGE ( 'NONE', *, *, #4241, .F. ) ;
#4680 = ORIENTED_EDGE ( 'NONE', *, *, #7945, .T. ) ;
#4681 = UNCERTAINTY_MEASURE_WITH_UNIT (LENGTH_MEASURE( 1.000000000000000082E-05 ), #5945, 'distance_accuracy_value', 'NONE');
#4682 = PRESENTATION_STYLE_ASSIGNMENT (( #9069 ) ) ;
#4683 = COLOUR_RGB ( '',0.2235294117647058654, 0.2235294117647058654, 0.2235294117647058654 ) ;
#4684 = PRESENTATION_STYLE_ASSIGNMENT (( #3693 ) ) ;
#4685 = ORIENTED_EDGE ( 'NONE', *, *, #9479, .T. ) ;
#4686 = EDGE_CURVE ( 'NONE', #10989, #1724, #632, .T. ) ;
#4687 = ORIENTED_EDGE ( 'NONE', *, *, #10792, .F. ) ;
#4688 = SURFACE_STYLE_FILL_AREA ( #6560 ) ;
#4689 = ORIENTED_EDGE ( 'NONE', *, *, #9927, .T. ) ;
#4690 = CARTESIAN_POINT ( 'NONE',  ( -0.08882898268744554571, 0.9800000000000004263, 0.3359910364165828445 ) ) ;
#4691 = SURFACE_STYLE_FILL_AREA ( #994 ) ;
#4692 = SURFACE_STYLE_USAGE ( .BOTH. , #8317 ) ;
#4693 = CARTESIAN_POINT ( 'NONE',  ( -0.1810518865645341369, 0.9810000000000003162, 0.2508545032507597528 ) ) ;
#4694 = SURFACE_SIDE_STYLE ('',( #9089 ) ) ;
#4695 = ORIENTED_EDGE ( 'NONE', *, *, #5467, .T. ) ;
#4696 = ORIENTED_EDGE ( 'NONE', *, *, #4500, .T. ) ;
#4697 = EDGE_CURVE ( 'NONE', #2669, #4438, #7901, .T. ) ;
#4698 = ORIENTED_EDGE ( 'NONE', *, *, #9179, .F. ) ;
#4699 = AXIS2_PLACEMENT_3D ( 'NONE', #7966, #5978, #4148 ) ;
#4700 = CARTESIAN_POINT ( 'NONE',  ( -0.1144412211968475201, 0.9800000000000004263, 0.3040699766448613506 ) ) ;
#4701 = CARTESIAN_POINT ( 'NONE',  ( -0.2537452636489530011, 0.9810000000000003162, 0.2251241722602221051 ) ) ;
#4702 = ORIENTED_EDGE ( 'NONE', *, *, #7054, .F. ) ;
#4703 = EDGE_CURVE ( 'NONE', #3425, #7390, #3360, .T. ) ;
#4704 = SURFACE_SIDE_STYLE ('',( #147 ) ) ;
#4705 = SURFACE_STYLE_USAGE ( .BOTH. , #5548 ) ;
#4706 = DIRECTION ( 'NONE',  ( -0.4987484692609973069, 0.0000000000000000000, -0.8667467706370830527 ) ) ;
#4707 = SURFACE_SIDE_STYLE ('',( #951 ) ) ;
#4708 = CARTESIAN_POINT ( 'NONE',  ( -0.1754919095275360719, 0.9810000000000003162, 0.2952407270366810832 ) ) ;
#4709 = FACE_OUTER_BOUND ( 'NONE', #7844, .T. ) ;
#4710 = SURFACE_STYLE_USAGE ( .BOTH. , #832 ) ;
#4711 = PLANE ( 'NONE',  #2288 ) ;
#4712 = CARTESIAN_POINT ( 'NONE',  ( 0.0000000000000000000, 0.0000000000000000000, 0.5500000000000000444 ) ) ;
#4713 = EDGE_CURVE ( 'NONE', #11044, #2831, #4211, .T. ) ;
#4714 = ORIENTED_EDGE ( 'NONE', *, *, #9110, .F. ) ;
#4715 = DIRECTION ( 'NONE',  ( 0.007092178509923868952, 0.0000000000000000000, -0.9999748501857351757 ) ) ;
#4716 = LINE ( 'NONE', #8395, #3320 ) ;
#4717 = CARTESIAN_POINT ( 'NONE',  ( -0.08769494268015995408, 0.9810000000000003162, 0.2512306833957839713 ) ) ;
#4718 = CARTESIAN_POINT ( 'NONE',  ( -0.1496370464395735400, 0.9800000000000004263, 0.1976584020818183962 ) ) ;
#4719 = FILL_AREA_STYLE_COLOUR ( '', #6399 ) ;
#4720 = DIRECTION ( 'NONE',  ( -0.0000000000000000000, -1.000000000000000000, -0.0000000000000000000 ) ) ;
#4721 = ORIENTED_EDGE ( 'NONE', *, *, #5308, .T. ) ;
#4722 = SURFACE_SIDE_STYLE ('',( #4675 ) ) ;
#4723 = UNCERTAINTY_MEASURE_WITH_UNIT (LENGTH_MEASURE( 1.000000000000000082E-05 ), #8654, 'distance_accuracy_value', 'NONE');
#4724 = CARTESIAN_POINT ( 'NONE',  ( -0.1744495898468786665, 0.9810000000000003162, 0.2509013290953184261 ) ) ;
#4725 = EDGE_LOOP ( 'NONE', ( #5604, #7956, #11047, #1464 ) ) ;
#4726 = EDGE_CURVE ( 'NONE', #3031, #8436, #7704, .T. ) ;
#4727 = VECTOR ( 'NONE', #464, 1000.000000000000000 ) ;
#4728 = VERTEX_POINT ( 'NONE', #1436 ) ;
#4729 = DIRECTION ( 'NONE',  ( -0.007092178509962561092, -0.0000000000000000000, 0.9999748501857348426 ) ) ;
#4730 = SURFACE_STYLE_FILL_AREA ( #911 ) ;
#4731 = CARTESIAN_POINT ( 'NONE',  ( -0.08681088979673344530, 0.9810000000000003162, 0.2237086702488154111 ) ) ;
#4732 =( NAMED_UNIT ( * ) SI_UNIT ( $, .STERADIAN. ) SOLID_ANGLE_UNIT ( ) );
#4733 = COLOUR_RGB ( '',0.2235294117647058654, 0.2235294117647058654, 0.2235294117647058654 ) ;
#4734 = ORIENTED_EDGE ( 'NONE', *, *, #6024, .T. ) ;
#4735 = DIRECTION ( 'NONE',  ( 0.007092178509962320833, 0.0000000000000000000, -0.9999748501857348426 ) ) ;
#4736 = VERTEX_POINT ( 'NONE', #643 ) ;
#4737 = CARTESIAN_POINT ( 'NONE',  ( 0.1473528750121374797, 0.9810000000000003162, 0.2145238108256276310 ) ) ;
#4738 = VECTOR ( 'NONE', #3429, 1000.000000000000000 ) ;
#4739 = EDGE_LOOP ( 'NONE', ( #3176, #5036, #9638, #9538 ) ) ;
#4740 = VECTOR ( 'NONE', #1535, 1000.000000000000114 ) ;
#4741 = SURFACE_SIDE_STYLE ('',( #7578 ) ) ;
#4742 = B_SPLINE_SURFACE_WITH_KNOTS ( 'NONE', 3, 1, ( 
 ( #8593, #2141 ),
 ( #10513, #5093 ),
 ( #5047, #5153 ),
 ( #10461, #2196 ) ),
 .UNSPECIFIED., .F., .F., .F.,
 ( 4, 4 ),
 ( 2, 2 ),
 ( 17.00000000000000000, 18.00000000000000000 ),
 ( 0.0000000000000000000, 1.000000000000000000 ),
 .UNSPECIFIED. ) ;
#4743 =( GEOMETRIC_REPRESENTATION_CONTEXT ( 3 ) GLOBAL_UNCERTAINTY_ASSIGNED_CONTEXT ( ( #381 ) ) GLOBAL_UNIT_ASSIGNED_CONTEXT ( ( #10914, #10022, #894 ) ) REPRESENTATION_CONTEXT ( 'NONE', 'WORKASPACE' ) );
#4744 = ADVANCED_FACE ( 'NONE', ( #6083 ), #9876, .F. ) ;
#4745 = FACE_OUTER_BOUND ( 'NONE', #1802, .T. ) ;
#4746 = PRESENTATION_STYLE_ASSIGNMENT (( #4562 ) ) ;
#4747 = CARTESIAN_POINT ( 'NONE',  ( -0.2150426304200010186, 0.9810000000000003162, 0.2200957664073498465 ) ) ;
#4748 = ORIENTED_EDGE ( 'NONE', *, *, #5494, .F. ) ;
#4749 = ORIENTED_EDGE ( 'NONE', *, *, #7676, .F. ) ;
#4750 = VECTOR ( 'NONE', #791, 1000.000000000000000 ) ;
#4751 = CARTESIAN_POINT ( 'NONE',  ( -0.08135865735505859453, 0.9800000000000004263, 0.2191462949316740905 ) ) ;
#4752 = COLOUR_RGB ( '',0.2235294117647058654, 0.2235294117647058654, 0.2235294117647058654 ) ;
#4753 =( LENGTH_UNIT ( ) NAMED_UNIT ( * ) SI_UNIT ( .MILLI., .METRE. ) );
#4754 = MECHANICAL_DESIGN_GEOMETRIC_PRESENTATION_REPRESENTATION (  '', ( #9948 ), #11849 ) ;
#4755 = ORIENTED_EDGE ( 'NONE', *, *, #634, .F. ) ;
#4756 = PRESENTATION_STYLE_ASSIGNMENT (( #2023 ) ) ;
#4757 = ORIENTED_EDGE ( 'NONE', *, *, #3205, .F. ) ;
#4758 = COLOUR_RGB ( '',0.2235294117647058654, 0.2235294117647058654, 0.2235294117647058654 ) ;
#4759 = ADVANCED_FACE ( 'NONE', ( #5977 ), #6033, .F. ) ;
#4760 = MECHANICAL_DESIGN_GEOMETRIC_PRESENTATION_REPRESENTATION (  '', ( #5148 ), #881 ) ;
#4761 =( NAMED_UNIT ( * ) SI_UNIT ( $, .STERADIAN. ) SOLID_ANGLE_UNIT ( ) );
#4762 = PRESENTATION_LAYER_ASSIGNMENT (  '', '', ( #2059 ) ) ;
#4763 = FILL_AREA_STYLE ('',( #1838 ) ) ;
#4764 = LINE ( 'NONE', #8384, #10894 ) ;
#4765 =( NAMED_UNIT ( * ) SI_UNIT ( $, .STERADIAN. ) SOLID_ANGLE_UNIT ( ) );
#4766 = CARTESIAN_POINT ( 'NONE',  ( -0.1412863814060778545, 0.9810000000000003162, 0.2187472607275964542 ) ) ;
#4767 = DIRECTION ( 'NONE',  ( -0.3349296976928460845, 0.0000000000000000000, -0.9422431202207733891 ) ) ;
#4768 = VECTOR ( 'NONE', #9276, 1000.000000000000114 ) ;
#4769 = ADVANCED_FACE ( 'NONE', ( #11234 ), #3815, .F. ) ;
#4770 =( LENGTH_UNIT ( ) NAMED_UNIT ( * ) SI_UNIT ( .MILLI., .METRE. ) );
#4771 = CARTESIAN_POINT ( 'NONE',  ( -0.3145688328394649069, 0.9800000000000004263, 0.2135930948889443459 ) ) ;
#4772 = VERTEX_POINT ( 'NONE', #10344 ) ;
#4773 = FILL_AREA_STYLE ('',( #10264 ) ) ;
#4774 = CARTESIAN_POINT ( 'NONE',  ( -0.08863871572542110500, 0.9810000000000003162, 0.2212002248946726146 ) ) ;
#4775 = DIRECTION ( 'NONE',  ( -0.0000000000000000000, -1.000000000000000000, -0.0000000000000000000 ) ) ;
#4776 = CARTESIAN_POINT ( 'NONE',  ( -0.1945389971430924458, 0.9810000000000003162, 0.2594410448062806629 ) ) ;
#4777 = ADVANCED_FACE ( 'NONE', ( #4504, #7222 ), #8196, .F. ) ;
#4778 = DIRECTION ( 'NONE',  ( -0.0000000000000000000, -1.000000000000000000, -0.0000000000000000000 ) ) ;
#4779 = DIRECTION ( 'NONE',  ( -0.0000000000000000000, 0.0000000000000000000, 1.000000000000000000 ) ) ;
#4780 = AXIS2_PLACEMENT_3D ( 'NONE', #3637, #4555, #8248 ) ;
#4781 = SURFACE_STYLE_USAGE ( .BOTH. , #2121 ) ;
#4782 = SURFACE_STYLE_FILL_AREA ( #9231 ) ;
#4783 = VERTEX_POINT ( 'NONE', #3533 ) ;
#4784 = ORIENTED_EDGE ( 'NONE', *, *, #4073, .F. ) ;
#4785 = SURFACE_STYLE_USAGE ( .BOTH. , #8580 ) ;
#4786 = PLANE ( 'NONE',  #139 ) ;
#4787 = PRESENTATION_STYLE_ASSIGNMENT (( #3030 ) ) ;
#4788 = ORIENTED_EDGE ( 'NONE', *, *, #3052, .T. ) ;
#4789 = VERTEX_POINT ( 'NONE', #10886 ) ;
#4790 = UNCERTAINTY_MEASURE_WITH_UNIT (LENGTH_MEASURE( 1.000000000000000082E-05 ), #2137, 'distance_accuracy_value', 'NONE');
#4791 = CARTESIAN_POINT ( 'NONE',  ( -0.1385436276972784042, 0.9810000000000003162, 0.2168691073937580316 ) ) ;
#4792 = DIRECTION ( 'NONE',  ( 0.9912876782291657474, -0.0000000000000000000, -0.1317146119116249237 ) ) ;
#4793 = PRESENTATION_LAYER_ASSIGNMENT (  '', '', ( #8833 ) ) ;
#4794 = SURFACE_STYLE_FILL_AREA ( #242 ) ;
#4795 = B_SPLINE_CURVE_WITH_KNOTS ( 'NONE', 3,
 ( #8157, #8203, #6515, #773 ),
 .UNSPECIFIED., .F., .F.,
 ( 4, 4 ),
 ( 4.000000000000000000, 5.000000000000000000 ),
 .UNSPECIFIED. ) ;
#4796 = VECTOR ( 'NONE', #6528, 1000.000000000000000 ) ;
#4797 = EDGE_CURVE ( 'NONE', #6394, #2598, #9997, .T. ) ;
#4798 = EDGE_LOOP ( 'NONE', ( #2768, #10176, #5592, #3700 ) ) ;
#4799 = FACE_OUTER_BOUND ( 'NONE', #4725, .T. ) ;
#4800 = SURFACE_STYLE_FILL_AREA ( #3111 ) ;
#4801 = SURFACE_STYLE_FILL_AREA ( #2072 ) ;
#4802 = ORIENTED_EDGE ( 'NONE', *, *, #2261, .F. ) ;
#4803 = DIRECTION ( 'NONE',  ( -0.8873869422626031733, 0.0000000000000000000, 0.4610253948556710113 ) ) ;
#4804 = UNCERTAINTY_MEASURE_WITH_UNIT (LENGTH_MEASURE( 1.000000000000000082E-05 ), #6932, 'distance_accuracy_value', 'NONE');
#4805 = VERTEX_POINT ( 'NONE', #9091 ) ;
#4806 = LINE ( 'NONE', #3759, #7444 ) ;
#4807 = PRESENTATION_STYLE_ASSIGNMENT (( #1300 ) ) ;
#4808 = CARTESIAN_POINT ( 'NONE',  ( -0.2385904339955742248, 0.9810000000000003162, 0.2141319608088242676 ) ) ;
#4809 = EDGE_CURVE ( 'NONE', #8258, #3326, #1491, .T. ) ;
#4810 = ORIENTED_EDGE ( 'NONE', *, *, #2233, .T. ) ;
#4811 = VERTEX_POINT ( 'NONE', #5644 ) ;
#4812 =( GEOMETRIC_REPRESENTATION_CONTEXT ( 3 ) GLOBAL_UNCERTAINTY_ASSIGNED_CONTEXT ( ( #4413 ) ) GLOBAL_UNIT_ASSIGNED_CONTEXT ( ( #349, #4955, #6712 ) ) REPRESENTATION_CONTEXT ( 'NONE', 'WORKASPACE' ) );
#4813 = CARTESIAN_POINT ( 'NONE',  ( -0.3817097946182765877, -1.034353464437637760, 0.5300000000000001377 ) ) ;
#4814 = ORIENTED_EDGE ( 'NONE', *, *, #4106, .T. ) ;
#4815 = SURFACE_SIDE_STYLE ('',( #1244 ) ) ;
#4816 =( GEOMETRIC_REPRESENTATION_CONTEXT ( 3 ) GLOBAL_UNCERTAINTY_ASSIGNED_CONTEXT ( ( #8539 ) ) GLOBAL_UNIT_ASSIGNED_CONTEXT ( ( #10304, #11380, #1009 ) ) REPRESENTATION_CONTEXT ( 'NONE', 'WORKASPACE' ) );
#4817 = ORIENTED_EDGE ( 'NONE', *, *, #5716, .T. ) ;
#4819 = MECHANICAL_DESIGN_GEOMETRIC_PRESENTATION_REPRESENTATION (  '', ( #941 ), #9426 ) ;
#4818 = SURFACE_STYLE_USAGE ( .BOTH. , #2938 ) ;
#4820 = CARTESIAN_POINT ( 'NONE',  ( -0.09147336715208141678, 0.9810000000000003162, 0.2195424606302124049 ) ) ;
#4821 = FILL_AREA_STYLE ('',( #338 ) ) ;
#4822 = DIRECTION ( 'NONE',  ( -0.0000000000000000000, -0.0000000000000000000, -1.000000000000000000 ) ) ;
#4823 = VECTOR ( 'NONE', #10371, 1000.000000000000000 ) ;
#4824 = SURFACE_STYLE_FILL_AREA ( #2943 ) ;
#4825 =( GEOMETRIC_REPRESENTATION_CONTEXT ( 3 ) GLOBAL_UNCERTAINTY_ASSIGNED_CONTEXT ( ( #7926 ) ) GLOBAL_UNIT_ASSIGNED_CONTEXT ( ( #7151, #7198, #9001 ) ) REPRESENTATION_CONTEXT ( 'NONE', 'WORKASPACE' ) );
#4826 =( GEOMETRIC_REPRESENTATION_CONTEXT ( 3 ) GLOBAL_UNCERTAINTY_ASSIGNED_CONTEXT ( ( #6013 ) ) GLOBAL_UNIT_ASSIGNED_CONTEXT ( ( #4434, #6191, #3404 ) ) REPRESENTATION_CONTEXT ( 'NONE', 'WORKASPACE' ) );
#4827 = CARTESIAN_POINT ( 'NONE',  ( -0.1012904573062684277, 0.9810000000000003162, 0.3007579537369385325 ) ) ;
#4828 = B_SPLINE_CURVE_WITH_KNOTS ( 'NONE', 3,
 ( #8398, #10862, #5339, #1925 ),
 .UNSPECIFIED., .F., .F.,
 ( 4, 4 ),
 ( 2.000000000000000000, 3.000000000000000000 ),
 .UNSPECIFIED. ) ;
#4829 = LINE ( 'NONE', #9646, #187 ) ;
#4830 = VECTOR ( 'NONE', #9106, 1000.000000000000000 ) ;
#4831 = MECHANICAL_DESIGN_GEOMETRIC_PRESENTATION_REPRESENTATION (  '', ( #3284 ), #4251 ) ;
#4832 = FILL_AREA_STYLE_COLOUR ( '', #3447 ) ;
#4833 = EDGE_CURVE ( 'NONE', #8597, #9473, #7498, .T. ) ;
#4834 = CARTESIAN_POINT ( 'NONE',  ( -0.1361515083795944714, 0.9800000000000004263, 0.2241125724212622294 ) ) ;
#4835 =( NAMED_UNIT ( * ) SI_UNIT ( $, .STERADIAN. ) SOLID_ANGLE_UNIT ( ) );
#4836 = FILL_AREA_STYLE ('',( #5926 ) ) ;
#4837 = CARTESIAN_POINT ( 'NONE',  ( -0.1146849368130240104, 0.9810000000000003162, 0.3384331115309418547 ) ) ;
#4838 = CARTESIAN_POINT ( 'NONE',  ( 0.1394001497256229516, 0.9810000000000003162, 0.2144674072597157755 ) ) ;
#4839 = ORIENTED_EDGE ( 'NONE', *, *, #990, .F. ) ;
#4840 = CARTESIAN_POINT ( 'NONE',  ( -0.08445232285586108667, 0.9800000000000004263, 0.2356829148141501851 ) ) ;
#4841 = LINE ( 'NONE', #11398, #5432 ) ;
#4842 = CARTESIAN_POINT ( 'NONE',  ( -0.2452259207645350048, 0.9810000000000003162, 0.2590815550547360124 ) ) ;
#4843 = ORIENTED_EDGE ( 'NONE', *, *, #10645, .F. ) ;
#4844 = VECTOR ( 'NONE', #1438, 1000.000000000000000 ) ;
#4845 = MECHANICAL_DESIGN_GEOMETRIC_PRESENTATION_REPRESENTATION (  '', ( #11188 ), #6390 ) ;
#4846 = ADVANCED_FACE ( 'NONE', ( #4799 ), #9725, .T. ) ;
#4847 = EDGE_CURVE ( 'NONE', #874, #6327, #10116, .T. ) ;
#4848 = CARTESIAN_POINT ( 'NONE',  ( -0.1568111956290721420, 0.9800000000000004263, 0.1976075204554459119 ) ) ;
#4849 = SURFACE_STYLE_USAGE ( .BOTH. , #3098 ) ;
#4850 = SURFACE_SIDE_STYLE ('',( #9421 ) ) ;
#4851 = ORIENTED_EDGE ( 'NONE', *, *, #4656, .F. ) ;
#4852 = ORIENTED_EDGE ( 'NONE', *, *, #815, .F. ) ;
#4853 = CARTESIAN_POINT ( 'NONE',  ( -0.09180021817302808085, 0.9810000000000003162, 0.2143152275510540883 ) ) ;
#4854 = CARTESIAN_POINT ( 'NONE',  ( -0.1245580496112889679, 0.9810000000000003162, 0.2956019681485554385 ) ) ;
#4855 = B_SPLINE_CURVE_WITH_KNOTS ( 'NONE', 3,
 ( #4093, #4029, #11197, #7597 ),
 .UNSPECIFIED., .F., .F.,
 ( 4, 4 ),
 ( 9.000000000000000000, 10.00000000000000000 ),
 .UNSPECIFIED. ) ;
#4856 = MECHANICAL_DESIGN_GEOMETRIC_PRESENTATION_REPRESENTATION (  '', ( #6972 ), #6014 ) ;
#4857 = STYLED_ITEM ( 'NONE', ( #10388 ), #11240 ) ;
#4858 =( NAMED_UNIT ( * ) SI_UNIT ( $, .STERADIAN. ) SOLID_ANGLE_UNIT ( ) );
#4859 = CARTESIAN_POINT ( 'NONE',  ( -0.1345384498917537586, 0.9810000000000003162, 0.2275812948293549076 ) ) ;
#4860 = ORIENTED_EDGE ( 'NONE', *, *, #11677, .T. ) ;
#4861 =( LENGTH_UNIT ( ) NAMED_UNIT ( * ) SI_UNIT ( .MILLI., .METRE. ) );
#4862 = EDGE_CURVE ( 'NONE', #7106, #492, #484, .T. ) ;
#4863 = DIRECTION ( 'NONE',  ( 1.000000000000000000, 0.0000000000000000000, 0.0000000000000000000 ) ) ;
#4864 = PRESENTATION_STYLE_ASSIGNMENT (( #3112 ) ) ;
#4865 = ORIENTED_EDGE ( 'NONE', *, *, #8487, .T. ) ;
#4866 = CARTESIAN_POINT ( 'NONE',  ( -0.1744495898468786665, 0.9800000000000004263, 0.2509013290953184261 ) ) ;
#4867 =( GEOMETRIC_REPRESENTATION_CONTEXT ( 3 ) GLOBAL_UNCERTAINTY_ASSIGNED_CONTEXT ( ( #6230 ) ) GLOBAL_UNIT_ASSIGNED_CONTEXT ( ( #9365, #4980, #3163 ) ) REPRESENTATION_CONTEXT ( 'NONE', 'WORKASPACE' ) );
#4868 = SURFACE_SIDE_STYLE ('',( #1413 ) ) ;
#4869 = ORIENTED_EDGE ( 'NONE', *, *, #9304, .F. ) ;
#4870 = ADVANCED_FACE ( 'NONE', ( #4919 ), #4742, .F. ) ;
#4871 = CARTESIAN_POINT ( 'NONE',  ( -0.05361791722322011705, 0.9800000000000004263, 0.2441678867532692254 ) ) ;
#4872 = CARTESIAN_POINT ( 'NONE',  ( -0.2324659000926243002, 0.9810000000000003162, 0.3456820880238622440 ) ) ;
#4873 = FACE_OUTER_BOUND ( 'NONE', #6357, .T. ) ;
#4874 = PRESENTATION_STYLE_ASSIGNMENT (( #4992 ) ) ;
#4875 = DIRECTION ( 'NONE',  ( -0.3382111624796504401, -0.0000000000000000000, 0.9410702468860459025 ) ) ;
#4876 = MECHANICAL_DESIGN_GEOMETRIC_PRESENTATION_REPRESENTATION (  '', ( #35 ), #9105 ) ;
#4877 = CARTESIAN_POINT ( 'NONE',  ( -0.1356345043302168152, 0.9810000000000003162, 0.2520084467876314571 ) ) ;
#4878 = ORIENTED_EDGE ( 'NONE', *, *, #8589, .F. ) ;
#4879 = ORIENTED_EDGE ( 'NONE', *, *, #513, .T. ) ;
#4880 = ORIENTED_EDGE ( 'NONE', *, *, #1787, .F. ) ;
#4881 = CARTESIAN_POINT ( 'NONE',  ( 0.06150595553267604321, 0.9800000000000004263, 0.2384973650103970610 ) ) ;
#4882 = CARTESIAN_POINT ( 'NONE',  ( -0.2501071236542328213, 0.9810000000000003162, 0.2216147094205622448 ) ) ;
#4883 = ORIENTED_EDGE ( 'NONE', *, *, #9403, .F. ) ;
#4884 = ADVANCED_FACE ( 'NONE', ( #5840 ), #5888, .F. ) ;
#4885 = PRESENTATION_STYLE_ASSIGNMENT (( #1901 ) ) ;
#4886 = PRESENTATION_STYLE_ASSIGNMENT (( #7526 ) ) ;
#4887 = PRESENTATION_STYLE_ASSIGNMENT (( #3130 ) ) ;
#4888 = CARTESIAN_POINT ( 'NONE',  ( -0.2514703083717731436, 0.9810000000000003162, 0.2947018611167986912 ) ) ;
#4889 = SURFACE_SIDE_STYLE ('',( #3186 ) ) ;
#4890 = FACE_BOUND ( 'NONE', #3085, .T. ) ;
#4891 = CARTESIAN_POINT ( 'NONE',  ( -0.1385436276972784042, 0.9810000000000003162, 0.2168691073937580316 ) ) ;
#4892 = CARTESIAN_POINT ( 'NONE',  ( -0.0006930060458002883922, 0.9810000000000003162, 0.2413097862533814253 ) ) ;
#4893 = SURFACE_STYLE_USAGE ( .BOTH. , #347 ) ;
#4894 = FILL_AREA_STYLE_COLOUR ( '', #9610 ) ;
#4895 = CARTESIAN_POINT ( 'NONE',  ( 0.06006257676284807584, 0.9810000000000003162, 0.2381256276848210951 ) ) ;
#4896 = CARTESIAN_POINT ( 'NONE',  ( 0.2186505424965838329, 0.9800000000000004263, 0.3050444569674231055 ) ) ;
#4897 = CARTESIAN_POINT ( 'NONE',  ( 0.2699999999999994071, 0.9800000000000004263, 0.01999999999999999695 ) ) ;
#4898 = PLANE ( 'NONE',  #8479 ) ;
#4899 = COLOUR_RGB ( '',0.2235294117647058654, 0.2235294117647058654, 0.2235294117647058654 ) ;
#4900 = CARTESIAN_POINT ( 'NONE',  ( 0.06150595553267604321, 0.9810000000000003162, 0.2384973650103970610 ) ) ;
#4901 = FACE_BOUND ( 'NONE', #10486, .T. ) ;
#4902 = CARTESIAN_POINT ( 'NONE',  ( 0.5800000000000001821, -1.000000000000000444, 0.5300000000000001377 ) ) ;
#4903 = EDGE_CURVE ( 'NONE', #10502, #5046, #2483, .T. ) ;
#4904 = DIRECTION ( 'NONE',  ( 0.0000000000000000000, 1.000000000000000000, 0.0000000000000000000 ) ) ;
#4905 = VERTEX_POINT ( 'NONE', #8056 ) ;
#4906 = FACE_OUTER_BOUND ( 'NONE', #2804, .T. ) ;
#4907 = DIRECTION ( 'NONE',  ( 0.0000000000000000000, -1.000000000000000000, 0.0000000000000000000 ) ) ;
#4908 = LINE ( 'NONE', #2242, #8080 ) ;
#4909 = ORIENTED_EDGE ( 'NONE', *, *, #9179, .T. ) ;
#4910 = ORIENTED_EDGE ( 'NONE', *, *, #4321, .F. ) ;
#4911 = UNCERTAINTY_MEASURE_WITH_UNIT (LENGTH_MEASURE( 1.000000000000000082E-05 ), #6992, 'distance_accuracy_value', 'NONE');
#4912 =( NAMED_UNIT ( * ) PLANE_ANGLE_UNIT ( ) SI_UNIT ( $, .RADIAN. ) );
#4913 = DIRECTION ( 'NONE',  ( -0.007092178509963859533, 0.0000000000000000000, 0.9999748501857348426 ) ) ;
#4914 = EDGE_CURVE ( 'NONE', #7390, #8765, #3557, .T. ) ;
#4915 = ADVANCED_FACE ( 'NONE', ( #4480 ), #6178, .F. ) ;
#4916 = CARTESIAN_POINT ( 'NONE',  ( 0.2251137447504691913, 0.9810000000000003162, 0.2602635680116929251 ) ) ;
#4917 = DIRECTION ( 'NONE',  ( -0.0000000000000000000, -1.000000000000000000, -0.0000000000000000000 ) ) ;
#4918 = VERTEX_POINT ( 'NONE', #1523 ) ;
#4919 = FACE_OUTER_BOUND ( 'NONE', #977, .T. ) ;
#4920 = LINE ( 'NONE', #8536, #9038 ) ;
#4921 = SURFACE_SIDE_STYLE ('',( #4801 ) ) ;
#4922 = VERTEX_POINT ( 'NONE', #7251 ) ;
#4923 = SURFACE_SIDE_STYLE ('',( #2978 ) ) ;
#4924 = CARTESIAN_POINT ( 'NONE',  ( 0.1660348399979919010, 0.9800000000000004263, 0.3328687438566483858 ) ) ;
#4925 = EDGE_CURVE ( 'NONE', #5852, #5905, #10922, .T. ) ;
#4926 = UNCERTAINTY_MEASURE_WITH_UNIT (LENGTH_MEASURE( 1.000000000000000082E-05 ), #7928, 'distance_accuracy_value', 'NONE');
#4927 =( NAMED_UNIT ( * ) SI_UNIT ( $, .STERADIAN. ) SOLID_ANGLE_UNIT ( ) );
#4928 = CARTESIAN_POINT ( 'NONE',  ( -0.1147336061947704239, 0.9800000000000004263, 0.3452953411902958680 ) ) ;
#4929 = EDGE_CURVE ( 'NONE', #1705, #8832, #613, .T. ) ;
#4930 = LINE ( 'NONE', #4808, #11855 ) ;
#4931 =( NAMED_UNIT ( * ) SI_UNIT ( $, .STERADIAN. ) SOLID_ANGLE_UNIT ( ) );
#4932 = ORIENTED_EDGE ( 'NONE', *, *, #6113, .F. ) ;
#4933 = ORIENTED_EDGE ( 'NONE', *, *, #10863, .F. ) ;
#4934 =( NAMED_UNIT ( * ) SI_UNIT ( $, .STERADIAN. ) SOLID_ANGLE_UNIT ( ) );
#4935 = EDGE_CURVE ( 'NONE', #8436, #5173, #4085, .T. ) ;
#4936 = ORIENTED_EDGE ( 'NONE', *, *, #11036, .T. ) ;
#4937 = COLOUR_RGB ( '',0.2235294117647058654, 0.2235294117647058654, 0.2235294117647058654 ) ;
#4938 = CARTESIAN_POINT ( 'NONE',  ( -0.1568111956290721420, 0.9800000000000004263, 0.1976075204554459119 ) ) ;
#4939 =( GEOMETRIC_REPRESENTATION_CONTEXT ( 3 ) GLOBAL_UNCERTAINTY_ASSIGNED_CONTEXT ( ( #6391 ) ) GLOBAL_UNIT_ASSIGNED_CONTEXT ( ( #9909, #1854, #8514 ) ) REPRESENTATION_CONTEXT ( 'NONE', 'WORKASPACE' ) );
#4940 =( LENGTH_UNIT ( ) NAMED_UNIT ( * ) SI_UNIT ( .MILLI., .METRE. ) );
#4941 = ORIENTED_EDGE ( 'NONE', *, *, #920, .F. ) ;
#4942 = CARTESIAN_POINT ( 'NONE',  ( -0.09147336715208141678, 0.9800000000000004263, 0.2195424606302124049 ) ) ;
#4943 = FACE_OUTER_BOUND ( 'NONE', #5953, .T. ) ;
#4944 = UNCERTAINTY_MEASURE_WITH_UNIT (LENGTH_MEASURE( 1.000000000000000082E-05 ), #4081, 'distance_accuracy_value', 'NONE');
#4945 = SURFACE_SIDE_STYLE ('',( #1249 ) ) ;
#4946 = SURFACE_SIDE_STYLE ('',( #1250 ) ) ;
#4947 = CARTESIAN_POINT ( 'NONE',  ( -0.1471323806271166434, 0.9810000000000003162, 0.1981960580990772547 ) ) ;
#4948 = STYLED_ITEM ( 'NONE', ( #6869 ), #10289 ) ;
#4949 = STYLED_ITEM ( 'NONE', ( #5668 ), #9411 ) ;
#4950 = DIRECTION ( 'NONE',  ( 0.0000000000000000000, -1.000000000000000000, 0.0000000000000000000 ) ) ;
#4951 = B_SPLINE_CURVE_WITH_KNOTS ( 'NONE', 3,
 ( #163, #1326, #2114, #3082 ),
 .UNSPECIFIED., .F., .F.,
 ( 4, 4 ),
 ( 8.000000000000000000, 9.000000000000000000 ),
 .UNSPECIFIED. ) ;
#4952 = CARTESIAN_POINT ( 'NONE',  ( -0.07427614298719398267, 0.9810000000000003162, 0.3017553815468048684 ) ) ;
#4953 = EDGE_CURVE ( 'NONE', #2973, #3746, #6244, .T. ) ;
#4954 = LINE ( 'NONE', #7665, #1175 ) ;
#4955 =( NAMED_UNIT ( * ) PLANE_ANGLE_UNIT ( ) SI_UNIT ( $, .RADIAN. ) );
#4956 =( GEOMETRIC_REPRESENTATION_CONTEXT ( 3 ) GLOBAL_UNCERTAINTY_ASSIGNED_CONTEXT ( ( #4804 ) ) GLOBAL_UNIT_ASSIGNED_CONTEXT ( ( #6932, #5862, #3069 ) ) REPRESENTATION_CONTEXT ( 'NONE', 'WORKASPACE' ) );
#4957 = AXIS2_PLACEMENT_3D ( 'NONE', #8634, #6717, #10612 ) ;
#4958 = SURFACE_SIDE_STYLE ('',( #8568 ) ) ;
#4959 =( LENGTH_UNIT ( ) NAMED_UNIT ( * ) SI_UNIT ( .MILLI., .METRE. ) );
#4960 = CARTESIAN_POINT ( 'NONE',  ( 0.2077289880150376966, 0.9800000000000004263, 0.3158121704912326133 ) ) ;
#4961 = PRESENTATION_STYLE_ASSIGNMENT (( #9336 ) ) ;
#4962 = CARTESIAN_POINT ( 'NONE',  ( 0.1330984642040341226, 0.9810000000000003162, 0.2364745806825882812 ) ) ;
#4963 = ORIENTED_EDGE ( 'NONE', *, *, #3553, .T. ) ;
#4964 = FILL_AREA_STYLE ('',( #1268 ) ) ;
#4965 =( NAMED_UNIT ( * ) PLANE_ANGLE_UNIT ( ) SI_UNIT ( $, .RADIAN. ) );
#4966 = FACE_OUTER_BOUND ( 'NONE', #10704, .T. ) ;
#4967 = CARTESIAN_POINT ( 'NONE',  ( -0.07335825974568799257, 0.9810000000000003162, 0.2603005018430569195 ) ) ;
#4968 = COLOUR_RGB ( '',0.2235294117647058654, 0.2235294117647058654, 0.2235294117647058654 ) ;
#4969 = ORIENTED_EDGE ( 'NONE', *, *, #1990, .T. ) ;
#4970 = ADVANCED_FACE ( 'NONE', ( #2424 ), #668, .F. ) ;
#4971 = PRESENTATION_STYLE_ASSIGNMENT (( #1274 ) ) ;
#4972 = SURFACE_STYLE_USAGE ( .BOTH. , #10330 ) ;
#4973 = VERTEX_POINT ( 'NONE', #4535 ) ;
#4974 = ORIENTED_EDGE ( 'NONE', *, *, #8274, .T. ) ;
#4975 = STYLED_ITEM ( 'NONE', ( #8908 ), #1444 ) ;
#4976 = CARTESIAN_POINT ( 'NONE',  ( -0.08826680385442121912, 0.9800000000000004263, 0.3062052100787246989 ) ) ;
#4977 = MECHANICAL_DESIGN_GEOMETRIC_PRESENTATION_REPRESENTATION (  '', ( #6891 ), #10918 ) ;
#4978 = SURFACE_STYLE_USAGE ( .BOTH. , #9543 ) ;
#4979 = CARTESIAN_POINT ( 'NONE',  ( 0.1658271787583907586, 0.9800000000000004263, 0.3111769386675978244 ) ) ;
#4980 =( NAMED_UNIT ( * ) PLANE_ANGLE_UNIT ( ) SI_UNIT ( $, .RADIAN. ) );
#4981 = EDGE_LOOP ( 'NONE', ( #2743, #299, #2854, #2070 ) ) ;
#4982 = FILL_AREA_STYLE ('',( #1288 ) ) ;
#4983 = VECTOR ( 'NONE', #9188, 1000.000000000000114 ) ;
#4984 = UNCERTAINTY_MEASURE_WITH_UNIT (LENGTH_MEASURE( 1.000000000000000082E-05 ), #2870, 'distance_accuracy_value', 'NONE');
#4985 = CARTESIAN_POINT ( 'NONE',  ( -0.1952843293647865686, 0.9800000000000004263, 0.3022228729883505438 ) ) ;
#4986 = EDGE_LOOP ( 'NONE', ( #110, #5037, #2076, #6741 ) ) ;
#4987 =( LENGTH_UNIT ( ) NAMED_UNIT ( * ) SI_UNIT ( .MILLI., .METRE. ) );
#4988 = EDGE_CURVE ( 'NONE', #3470, #1007, #8353, .T. ) ;
#4989 = FILL_AREA_STYLE_COLOUR ( '', #4937 ) ;
#4990 = MECHANICAL_DESIGN_GEOMETRIC_PRESENTATION_REPRESENTATION (  '', ( #5766 ), #4213 ) ;
#4991 = CARTESIAN_POINT ( 'NONE',  ( -0.1110602552199796422, 0.9810000000000003162, 0.3404863979962016729 ) ) ;
#4993 = STYLED_ITEM ( 'NONE', ( #8273 ), #861 ) ;
#4992 = SURFACE_STYLE_USAGE ( .BOTH. , #9625 ) ;
#4994 = LINE ( 'NONE', #325, #7173 ) ;
#4995 = CARTESIAN_POINT ( 'NONE',  ( -0.1325413023246454214, 0.9810000000000003162, 0.2520303848801613289 ) ) ;
#4996 = ADVANCED_FACE ( 'NONE', ( #5686 ), #9065, .F. ) ;
#4997 = ORIENTED_EDGE ( 'NONE', *, *, #6952, .F. ) ;
#4998 = EDGE_LOOP ( 'NONE', ( #3406, #2024, #5235, #7213 ) ) ;
#4999 = PLANE ( 'NONE',  #1488 ) ;
#5000 = CARTESIAN_POINT ( 'NONE',  ( -0.1643392080106935715, 0.9810000000000003162, 0.2236267145774514797 ) ) ;
#5001 = ORIENTED_EDGE ( 'NONE', *, *, #10187, .T. ) ;
#5002 = MECHANICAL_DESIGN_GEOMETRIC_PRESENTATION_REPRESENTATION (  '', ( #4026 ), #5572 ) ;
#5003 = EDGE_CURVE ( 'NONE', #9753, #10502, #7555, .T. ) ;
#5004 = VERTEX_POINT ( 'NONE', #7481 ) ;
#5005 = VERTEX_POINT ( 'NONE', #6662 ) ;
#5006 = CARTESIAN_POINT ( 'NONE',  ( -0.07335825974568799257, 0.9810000000000003162, 0.2603005018430569195 ) ) ;
#5007 = CARTESIAN_POINT ( 'NONE',  ( -0.2760727641810146182, 0.9800000000000004263, 0.2138661227464017933 ) ) ;
#5008 = CARTESIAN_POINT ( 'NONE',  ( 0.6000000000000003109, -1.000000000000000444, 0.5500000000000000444 ) ) ;
#5009 = AXIS2_PLACEMENT_3D ( 'NONE', #10227, #11778, #7441 ) ;
#5010 = PRESENTATION_LAYER_ASSIGNMENT (  '', '', ( #157 ) ) ;
#5011 = CARTESIAN_POINT ( 'NONE',  ( -0.2919442581832067951, 0.9800000000000004263, 0.2581003468908734111 ) ) ;
#5012 = SURFACE_STYLE_FILL_AREA ( #1315 ) ;
#5013 = FACE_BOUND ( 'NONE', #9991, .T. ) ;
#5014 = CARTESIAN_POINT ( 'NONE',  ( 0.5800000000000001821, 0.9800000000000004263, 0.5300000000000001377 ) ) ;
#5015 = COLOUR_RGB ( '',0.2235294117647058654, 0.2235294117647058654, 0.2235294117647058654 ) ;
#5016 = DIRECTION ( 'NONE',  ( 0.0000000000000000000, 0.0000000000000000000, 1.000000000000000000 ) ) ;
#5017 = ORIENTED_EDGE ( 'NONE', *, *, #11614, .T. ) ;
#5018 = CARTESIAN_POINT ( 'NONE',  ( -0.08342431176475927079, 0.9810000000000003162, 0.3271392145014476172 ) ) ;
#5019 = STYLED_ITEM ( 'NONE', ( #7649 ), #5542 ) ;
#5020 = VECTOR ( 'NONE', #851, 1000.000000000000000 ) ;
#5021 = LINE ( 'NONE', #9821, #9990 ) ;
#5022 = SURFACE_STYLE_FILL_AREA ( #9468 ) ;
#5023 = DIRECTION ( 'NONE',  ( -0.9999748501857348426, 0.0000000000000000000, -0.007092178509961899295 ) ) ;
#5024 = CARTESIAN_POINT ( 'NONE',  ( 0.2077289880150376966, 0.9800000000000004263, 0.3158121704912326133 ) ) ;
#5025 =( NAMED_UNIT ( * ) PLANE_ANGLE_UNIT ( ) SI_UNIT ( $, .RADIAN. ) );
#5026 = CARTESIAN_POINT ( 'NONE',  ( 0.1471528985507288279, 0.9810000000000003162, 0.2427198625404619614 ) ) ;
#5027 = PRESENTATION_LAYER_ASSIGNMENT (  '', '', ( #10017 ) ) ;
#5028 = VERTEX_POINT ( 'NONE', #7371 ) ;
#5029 = EDGE_CURVE ( 'NONE', #4315, #2430, #10148, .T. ) ;
#5030 = CARTESIAN_POINT ( 'NONE',  ( 0.02824395665767102243, 0.9800000000000004263, 0.2389844735709412971 ) ) ;
#5031 = VECTOR ( 'NONE', #2469, 1000.000000000000114 ) ;
#5032 = CARTESIAN_POINT ( 'NONE',  ( -0.1022564371421887941, 0.9810000000000003162, 0.2243789629646361639 ) ) ;
#5033 = VERTEX_POINT ( 'NONE', #1092 ) ;
#5034 = DIRECTION ( 'NONE',  ( -0.9999748501857348426, 0.0000000000000000000, -0.007092178509964027801 ) ) ;
#5035 = FACE_OUTER_BOUND ( 'NONE', #4739, .T. ) ;
#5036 = ORIENTED_EDGE ( 'NONE', *, *, #11136, .F. ) ;
#5037 = ORIENTED_EDGE ( 'NONE', *, *, #2794, .F. ) ;
#5038 = UNCERTAINTY_MEASURE_WITH_UNIT (LENGTH_MEASURE( 1.000000000000000082E-05 ), #7047, 'distance_accuracy_value', 'NONE');
#5039 = FILL_AREA_STYLE_COLOUR ( '', #1136 ) ;
#5040 = FILL_AREA_STYLE_COLOUR ( '', #10008 ) ;
#5041 = MECHANICAL_DESIGN_GEOMETRIC_PRESENTATION_REPRESENTATION (  '', ( #9058 ), #3104 ) ;
#5042 = EDGE_CURVE ( 'NONE', #1278, #11122, #3919, .T. ) ;
#5043 = STYLED_ITEM ( 'NONE', ( #1019 ), #5125 ) ;
#5044 = LINE ( 'NONE', #10629, #11385 ) ;
#5045 = SURFACE_STYLE_FILL_AREA ( #3107 ) ;
#5046 = VERTEX_POINT ( 'NONE', #9345 ) ;
#5047 = CARTESIAN_POINT ( 'NONE',  ( 0.2023374446442637586, 0.9810000000000003162, 0.2604635514166620536 ) ) ;
#5048 = LINE ( 'NONE', #8892, #4561 ) ;
#5049 = CARTESIAN_POINT ( 'NONE',  ( -0.08863871572542110500, 0.9800000000000004263, 0.2212002248946726146 ) ) ;
#5050 = ORIENTED_EDGE ( 'NONE', *, *, #691, .T. ) ;
#5051 = CARTESIAN_POINT ( 'NONE',  ( -0.3817097946182765877, 0.9999999999999995559, 0.5500000000000000444 ) ) ;
#5052 = SURFACE_STYLE_USAGE ( .BOTH. , #6308 ) ;
#5053 = ORIENTED_EDGE ( 'NONE', *, *, #8311, .F. ) ;
#5054 = STYLED_ITEM ( 'NONE', ( #249 ), #4846 ) ;
#5055 = PRESENTATION_LAYER_ASSIGNMENT (  '', '', ( #3868 ) ) ;
#5056 = FILL_AREA_STYLE_COLOUR ( '', #7626 ) ;
#5057 = B_SPLINE_SURFACE_WITH_KNOTS ( 'NONE', 3, 1, ( 
 ( #2461, #3489 ),
 ( #6272, #9885 ),
 ( #11620, #8158 ),
 ( #4336, #9947 ) ),
 .UNSPECIFIED., .F., .F., .F.,
 ( 4, 4 ),
 ( 2, 2 ),
 ( 4.000000000000000000, 5.000000000000000000 ),
 ( 0.0000000000000000000, 1.000000000000000000 ),
 .UNSPECIFIED. ) ;
#5058 = DIRECTION ( 'NONE',  ( 0.3451999324527419977, 0.0000000000000000000, -0.9385291719678309219 ) ) ;
#5059 = CARTESIAN_POINT ( 'NONE',  ( 0.06150595553267604321, 0.9810000000000003162, 0.2384973650103970610 ) ) ;
#5060 = ADVANCED_FACE ( 'NONE', ( #2237 ), #6791, .F. ) ;
#5061 = SURFACE_STYLE_USAGE ( .BOTH. , #5963 ) ;
#5062 = VERTEX_POINT ( 'NONE', #363 ) ;
#5063 = ORIENTED_EDGE ( 'NONE', *, *, #434, .T. ) ;
#5064 = CARTESIAN_POINT ( 'NONE',  ( -0.2661852694723765844, 0.9800000000000004263, 0.2400088338596155779 ) ) ;
#5065 = EDGE_LOOP ( 'NONE', ( #2154, #6805, #7738, #10734 ) ) ;
#5066 = VERTEX_POINT ( 'NONE', #4054 ) ;
#5067 = ORIENTED_EDGE ( 'NONE', *, *, #5003, .F. ) ;
#5068 =( GEOMETRIC_REPRESENTATION_CONTEXT ( 3 ) GLOBAL_UNCERTAINTY_ASSIGNED_CONTEXT ( ( #2167 ) ) GLOBAL_UNIT_ASSIGNED_CONTEXT ( ( #5515, #4491, #4732 ) ) REPRESENTATION_CONTEXT ( 'NONE', 'WORKASPACE' ) );
#5069 = UNCERTAINTY_MEASURE_WITH_UNIT (LENGTH_MEASURE( 1.000000000000000082E-05 ), #2151, 'distance_accuracy_value', 'NONE');
#5070 =( NAMED_UNIT ( * ) PLANE_ANGLE_UNIT ( ) SI_UNIT ( $, .RADIAN. ) );
#5071 = EDGE_CURVE ( 'NONE', #10826, #8617, #3153, .T. ) ;
#5072 = PRESENTATION_STYLE_ASSIGNMENT (( #2340 ) ) ;
#5073 =( NAMED_UNIT ( * ) SI_UNIT ( $, .STERADIAN. ) SOLID_ANGLE_UNIT ( ) );
#5074 = VERTEX_POINT ( 'NONE', #1333 ) ;
#5075 = B_SPLINE_CURVE_WITH_KNOTS ( 'NONE', 3,
 ( #1888, #8255, #5528, #8490 ),
 .UNSPECIFIED., .F., .F.,
 ( 4, 4 ),
 ( 8.000000000000000000, 9.000000000000000000 ),
 .UNSPECIFIED. ) ;
#5076 =( GEOMETRIC_REPRESENTATION_CONTEXT ( 3 ) GLOBAL_UNCERTAINTY_ASSIGNED_CONTEXT ( ( #8997 ) ) GLOBAL_UNIT_ASSIGNED_CONTEXT ( ( #8449, #9397, #2031 ) ) REPRESENTATION_CONTEXT ( 'NONE', 'WORKASPACE' ) );
#5077 = ADVANCED_FACE ( 'NONE', ( #4906 ), #7799, .F. ) ;
#5078 = CARTESIAN_POINT ( 'NONE',  ( 0.2250111927590992544, 0.9800000000000004263, 0.2747230760545777972 ) ) ;
#5079 = CARTESIAN_POINT ( 'NONE',  ( 0.2022323288433300892, 0.9800000000000004263, 0.2752845485394986857 ) ) ;
#5080 = CARTESIAN_POINT ( 'NONE',  ( -0.1385436276972784042, 0.9810000000000003162, 0.2168691073937580316 ) ) ;
#5081 = CARTESIAN_POINT ( 'NONE',  ( -0.2915304852540109848, 0.9800000000000004263, 0.2565696000177977720 ) ) ;
#5082 = EDGE_CURVE ( 'NONE', #5004, #6315, #3989, .T. ) ;
#5083 = CARTESIAN_POINT ( 'NONE',  ( -0.5999999999999994227, -1.000000000000000444, 0.0000000000000000000 ) ) ;
#5084 = VERTEX_POINT ( 'NONE', #8760 ) ;
#5085 = DIRECTION ( 'NONE',  ( -0.0000000000000000000, -1.000000000000000000, -0.0000000000000000000 ) ) ;
#5086 = ADVANCED_FACE ( 'NONE', ( #10452 ), #2034, .F. ) ;
#5087 = MECHANICAL_DESIGN_GEOMETRIC_PRESENTATION_REPRESENTATION (  '', ( #11610 ), #2953 ) ;
#5088 = FILL_AREA_STYLE_COLOUR ( '', #8461 ) ;
#5089 = ORIENTED_EDGE ( 'NONE', *, *, #7270, .T. ) ;
#5090 = ORIENTED_EDGE ( 'NONE', *, *, #1365, .F. ) ;
#5091 = B_SPLINE_CURVE_WITH_KNOTS ( 'NONE', 3,
 ( #5064, #10697, #8738, #451 ),
 .UNSPECIFIED., .F., .F.,
 ( 4, 4 ),
 ( 3.000000000000000000, 4.000000000000000000 ),
 .UNSPECIFIED. ) ;
#5092 = VERTEX_POINT ( 'NONE', #1675 ) ;
#5093 = CARTESIAN_POINT ( 'NONE',  ( 0.1933899851099938894, 0.9800000000000004263, 0.2477473868847924199 ) ) ;
#5094 = EDGE_CURVE ( 'NONE', #2967, #3238, #608, .T. ) ;
#5095 = UNCERTAINTY_MEASURE_WITH_UNIT (LENGTH_MEASURE( 1.000000000000000082E-05 ), #463, 'distance_accuracy_value', 'NONE');
#5096 = FACE_OUTER_BOUND ( 'NONE', #8578, .T. ) ;
#5097 = VERTEX_POINT ( 'NONE', #5375 ) ;
#5098 = CARTESIAN_POINT ( 'NONE',  ( -0.1106395623544660783, 0.9800000000000004263, 0.2958306560356189219 ) ) ;
#5099 = ORIENTED_EDGE ( 'NONE', *, *, #8296, .F. ) ;
#5100 = CARTESIAN_POINT ( 'NONE',  ( 0.06078299116226173332, 0.9810000000000003162, 0.2384922374890695584 ) ) ;
#5101 = DIRECTION ( 'NONE',  ( 0.0000000000000000000, 1.000000000000000000, 0.0000000000000000000 ) ) ;
#5102 = B_SPLINE_CURVE_WITH_KNOTS ( 'NONE', 3,
 ( #2945, #3011, #222, #1072 ),
 .UNSPECIFIED., .F., .F.,
 ( 4, 4 ),
 ( 4.000000000000000000, 5.000000000000000000 ),
 .UNSPECIFIED. ) ;
#5103 = FILL_AREA_STYLE ('',( #1420 ) ) ;
#5104 = CARTESIAN_POINT ( 'NONE',  ( -0.08863871572542110500, 0.9800000000000004263, 0.2212002248946726146 ) ) ;
#5105 = ORIENTED_EDGE ( 'NONE', *, *, #2965, .T. ) ;
#5106 = VERTEX_POINT ( 'NONE', #6102 ) ;
#5107 = FILL_AREA_STYLE_COLOUR ( '', #1101 ) ;
#5108 = EDGE_CURVE ( 'NONE', #9018, #3499, #2410, .T. ) ;
#5109 = DIRECTION ( 'NONE',  ( -0.0000000000000000000, -1.000000000000000000, -0.0000000000000000000 ) ) ;
#5110 = ORIENTED_EDGE ( 'NONE', *, *, #8506, .F. ) ;
#5111 = DIRECTION ( 'NONE',  ( 0.0000000000000000000, -1.000000000000000000, 0.0000000000000000000 ) ) ;
#5112 = ORIENTED_EDGE ( 'NONE', *, *, #11592, .F. ) ;
#5113 = ORIENTED_EDGE ( 'NONE', *, *, #3244, .F. ) ;
#5114 = ADVANCED_FACE ( 'NONE', ( #4407 ), #2905, .F. ) ;
#5115 = SURFACE_STYLE_FILL_AREA ( #6143 ) ;
#5116 = CARTESIAN_POINT ( 'NONE',  ( -0.1533170416905899058, 0.9800000000000004263, 0.2510512086686566557 ) ) ;
#5117 = CARTESIAN_POINT ( 'NONE',  ( -0.1032049167189015987, 0.9800000000000004263, 0.2298311023591409763 ) ) ;
#5118 = DIRECTION ( 'NONE',  ( 0.9999748501857348426, -0.0000000000000000000, 0.007092178509970712558 ) ) ;
#5119 = PRESENTATION_LAYER_ASSIGNMENT (  '', '', ( #9922 ) ) ;
#5120 = CARTESIAN_POINT ( 'NONE',  ( -0.1907102522281630685, 0.9810000000000003162, 0.3353464418983808093 ) ) ;
#5121 = AXIS2_PLACEMENT_3D ( 'NONE', #7852, #2179, #6945 ) ;
#5122 = CARTESIAN_POINT ( 'NONE',  ( -0.2371444115801924490, 0.9800000000000004263, 0.3144553843501228241 ) ) ;
#5123 = EDGE_LOOP ( 'NONE', ( #5497, #4038, #7516, #11004 ) ) ;
#5124 = DIRECTION ( 'NONE',  ( 0.3962797719141814001, -0.0000000000000000000, -0.9181298069290879660 ) ) ;
#5125 = ADVANCED_FACE ( 'NONE', ( #9775 ), #8123, .F. ) ;
#5126 = FACE_OUTER_BOUND ( 'NONE', #1481, .T. ) ;
#5127 = PLANE ( 'NONE',  #1907 ) ;
#5128 = CARTESIAN_POINT ( 'NONE',  ( 0.09822897624322909915, 0.9810000000000003162, 0.3616698184917169212 ) ) ;
#5129 =( GEOMETRIC_REPRESENTATION_CONTEXT ( 3 ) GLOBAL_UNCERTAINTY_ASSIGNED_CONTEXT ( ( #10930 ) ) GLOBAL_UNIT_ASSIGNED_CONTEXT ( ( #230, #4965, #6787 ) ) REPRESENTATION_CONTEXT ( 'NONE', 'WORKASPACE' ) );
#5130 = MECHANICAL_DESIGN_GEOMETRIC_PRESENTATION_REPRESENTATION (  '', ( #5513 ), #6287 ) ;
#5131 =( NAMED_UNIT ( * ) SI_UNIT ( $, .STERADIAN. ) SOLID_ANGLE_UNIT ( ) );
#5132 = CARTESIAN_POINT ( 'NONE',  ( -0.09348784744999619201, 0.9800000000000004263, 0.2195281732170089595 ) ) ;
#5133 = ADVANCED_FACE ( 'NONE', ( #8340 ), #3728, .F. ) ;
#5134 = CARTESIAN_POINT ( 'NONE',  ( -0.1324238690058055501, 0.9810000000000003162, 0.2354726564968886993 ) ) ;
#5135 = VECTOR ( 'NONE', #3008, 1000.000000000000114 ) ;
#5136 =( GEOMETRIC_REPRESENTATION_CONTEXT ( 3 ) GLOBAL_UNCERTAINTY_ASSIGNED_CONTEXT ( ( #4911 ) ) GLOBAL_UNIT_ASSIGNED_CONTEXT ( ( #6992, #2390, #11496 ) ) REPRESENTATION_CONTEXT ( 'NONE', 'WORKASPACE' ) );
#5137 = LINE ( 'NONE', #3154, #8244 ) ;
#5138 = VECTOR ( 'NONE', #3721, 1000.000000000000000 ) ;
#5139 = PRESENTATION_LAYER_ASSIGNMENT (  '', '', ( #7060 ) ) ;
#5140 = DIRECTION ( 'NONE',  ( 0.3216389368451695874, -0.0000000000000000000, 0.9468623945986602841 ) ) ;
#5141 = CARTESIAN_POINT ( 'NONE',  ( -0.2586451891742486686, 0.9810000000000003162, 0.2581025643573647277 ) ) ;
#5142 = EDGE_CURVE ( 'NONE', #7813, #7995, #11245, .T. ) ;
#5143 = ORIENTED_EDGE ( 'NONE', *, *, #7857, .F. ) ;
#5144 = ORIENTED_EDGE ( 'NONE', *, *, #10706, .T. ) ;
#5145 = UNCERTAINTY_MEASURE_WITH_UNIT (LENGTH_MEASURE( 1.000000000000000082E-05 ), #8987, 'distance_accuracy_value', 'NONE');
#5146 = DIRECTION ( 'NONE',  ( 0.8896103580601520955, 0.0000000000000000000, -0.4567202763531394427 ) ) ;
#5147 = B_SPLINE_CURVE_WITH_KNOTS ( 'NONE', 3,
 ( #5880, #6667, #1998, #4853 ),
 .UNSPECIFIED., .F., .F.,
 ( 4, 4 ),
 ( 7.000000000000000000, 8.000000000000000000 ),
 .UNSPECIFIED. ) ;
#5148 = STYLED_ITEM ( 'NONE', ( #3644 ), #10544 ) ;
#5149 = CARTESIAN_POINT ( 'NONE',  ( 0.04307265205478566505, 0.9800000000000004263, 0.2380051290754030546 ) ) ;
#5150 = VECTOR ( 'NONE', #6907, 1000.000000000000000 ) ;
#5151 =( NAMED_UNIT ( * ) PLANE_ANGLE_UNIT ( ) SI_UNIT ( $, .RADIAN. ) );
#5152 = ORIENTED_EDGE ( 'NONE', *, *, #6482, .F. ) ;
#5153 = CARTESIAN_POINT ( 'NONE',  ( 0.2023374446442637586, 0.9800000000000004263, 0.2604635514166620536 ) ) ;
#5154 = AXIS2_PLACEMENT_3D ( 'NONE', #9713, #11511, #10555 ) ;
#5155 = FILL_AREA_STYLE ('',( #488 ) ) ;
#5156 = STYLED_ITEM ( 'NONE', ( #11427 ), #1459 ) ;
#5157 = ORIENTED_EDGE ( 'NONE', *, *, #7620, .T. ) ;
#5158 = CARTESIAN_POINT ( 'NONE',  ( 0.0000000000000000000, 0.9800000000000004263, 0.0000000000000000000 ) ) ;
#5159 = PRESENTATION_LAYER_ASSIGNMENT (  '', '', ( #3998 ) ) ;
#5160 = FILL_AREA_STYLE_COLOUR ( '', #9534 ) ;
#5161 = ORIENTED_EDGE ( 'NONE', *, *, #476, .T. ) ;
#5162 = UNCERTAINTY_MEASURE_WITH_UNIT (LENGTH_MEASURE( 1.000000000000000082E-05 ), #11196, 'distance_accuracy_value', 'NONE');
#5163 = FACE_OUTER_BOUND ( 'NONE', #3093, .T. ) ;
#5164 =( LENGTH_UNIT ( ) NAMED_UNIT ( * ) SI_UNIT ( .MILLI., .METRE. ) );
#5165 = CARTESIAN_POINT ( 'NONE',  ( -0.1075612086555313152, 0.9810000000000003162, 0.3474257785267819698 ) ) ;
#5166 = ADVANCED_FACE ( 'NONE', ( #2814 ), #9329, .F. ) ;
#5167 = SURFACE_STYLE_FILL_AREA ( #5103 ) ;
#5168 = CARTESIAN_POINT ( 'NONE',  ( -0.2312104593905486283, 0.9800000000000004263, 0.2199810983942929177 ) ) ;
#5169 = FILL_AREA_STYLE ('',( #2558 ) ) ;
#5170 = EDGE_LOOP ( 'NONE', ( #2474, #5110, #3177, #356 ) ) ;
#5171 = ORIENTED_EDGE ( 'NONE', *, *, #2331, .T. ) ;
#5172 = CARTESIAN_POINT ( 'NONE',  ( 0.1417074885652207239, 0.9810000000000003162, 0.3478794537793541419 ) ) ;
#5173 = VERTEX_POINT ( 'NONE', #5483 ) ;
#5174 = CARTESIAN_POINT ( 'NONE',  ( -0.1096344792239592331, 0.9810000000000003162, 0.2384157093606849576 ) ) ;
#5175 = ORIENTED_EDGE ( 'NONE', *, *, #5648, .F. ) ;
#5176 = EDGE_LOOP ( 'NONE', ( #5520, #8764, #9982, #116 ) ) ;
#5177 = CARTESIAN_POINT ( 'NONE',  ( 0.1331548678188466117, 0.9810000000000003162, 0.2285218485012402434 ) ) ;
#5178 = VECTOR ( 'NONE', #10437, 1000.000000000000114 ) ;
#5179 = EDGE_CURVE ( 'NONE', #5599, #3687, #9160, .T. ) ;
#5180 = FILL_AREA_STYLE ('',( #11666 ) ) ;
#5181 = CARTESIAN_POINT ( 'NONE',  ( -0.07643395685073957335, 0.9810000000000003162, 0.3127877832693019555 ) ) ;
#5182 =( NAMED_UNIT ( * ) PLANE_ANGLE_UNIT ( ) SI_UNIT ( $, .RADIAN. ) );
#5183 = CARTESIAN_POINT ( 'NONE',  ( -0.1495073765154116552, 0.9800000000000004263, 0.3241490534604413720 ) ) ;
#5184 = LINE ( 'NONE', #7843, #195 ) ;
#5185 = ORIENTED_EDGE ( 'NONE', *, *, #5212, .F. ) ;
#5186 = LINE ( 'NONE', #11500, #1511 ) ;
#5188 = VECTOR ( 'NONE', #6676, 1000.000000000000000 ) ;
#5187 = PLANE ( 'NONE',  #5712 ) ;
#5189 = DIRECTION ( 'NONE',  ( -0.0000000000000000000, -1.000000000000000000, -0.0000000000000000000 ) ) ;
#5190 = VECTOR ( 'NONE', #2131, 1000.000000000000000 ) ;
#5191 = FILL_AREA_STYLE_COLOUR ( '', #1078 ) ;
#5192 = SURFACE_SIDE_STYLE ('',( #1503 ) ) ;
#5193 = DIRECTION ( 'NONE',  ( 0.007092178509964998379, 0.0000000000000000000, -0.9999748501857348426 ) ) ;
#5194 = EDGE_CURVE ( 'NONE', #5033, #7989, #2755, .T. ) ;
#5195 = DIRECTION ( 'NONE',  ( -1.000000000000000000, 0.0000000000000000000, 0.0000000000000000000 ) ) ;
#5196 = B_SPLINE_CURVE_WITH_KNOTS ( 'NONE', 3,
 ( #5530, #9195, #6568, #131 ),
 .UNSPECIFIED., .F., .F.,
 ( 4, 4 ),
 ( 1.000000000000000000, 2.000000000000000000 ),
 .UNSPECIFIED. ) ;
#5197 =( NAMED_UNIT ( * ) SI_UNIT ( $, .STERADIAN. ) SOLID_ANGLE_UNIT ( ) );
#5198 = PRESENTATION_LAYER_ASSIGNMENT (  '', '', ( #10401 ) ) ;
#5199 = AXIS2_PLACEMENT_3D ( 'NONE', #4236, #4350, #2539 ) ;
#5200 = SURFACE_STYLE_FILL_AREA ( #6105 ) ;
#5201 = FILL_AREA_STYLE ('',( #11691 ) ) ;
#5202 = CARTESIAN_POINT ( 'NONE',  ( 0.04484162001813838533, 0.9800000000000004263, 0.2944125876853339041 ) ) ;
#5203 = ORIENTED_EDGE ( 'NONE', *, *, #3538, .F. ) ;
#5204 = COLOUR_RGB ( '',0.2235294117647058654, 0.2235294117647058654, 0.2235294117647058654 ) ;
#5205 = ORIENTED_EDGE ( 'NONE', *, *, #8500, .F. ) ;
#5206 = LINE ( 'NONE', #2361, #2674 ) ;
#5207 = CARTESIAN_POINT ( 'NONE',  ( -0.2296132727278713537, 0.9800000000000004263, 0.3356424090299545693 ) ) ;
#5208 = STYLED_ITEM ( 'NONE', ( #6901 ), #4223 ) ;
#5209 = CARTESIAN_POINT ( 'NONE',  ( -0.1278942141534321897, 0.9810000000000003162, 0.2308777433289414260 ) ) ;
#5210 = FACE_OUTER_BOUND ( 'NONE', #3590, .T. ) ;
#5211 = CARTESIAN_POINT ( 'NONE',  ( 0.1107400636383502335, 0.9800000000000004263, 0.2287244026595042501 ) ) ;
#5212 = EDGE_CURVE ( 'NONE', #2992, #11275, #3050, .T. ) ;
#5213 = STYLED_ITEM ( 'NONE', ( #10984 ), #4996 ) ;
#5214 = COLOUR_RGB ( '',0.2235294117647058654, 0.2235294117647058654, 0.2235294117647058654 ) ;
#5215 = ORIENTED_EDGE ( 'NONE', *, *, #4988, .T. ) ;
#5216 =( LENGTH_UNIT ( ) NAMED_UNIT ( * ) SI_UNIT ( .MILLI., .METRE. ) );
#5217 = DIRECTION ( 'NONE',  ( -0.0000000000000000000, -1.000000000000000000, -0.0000000000000000000 ) ) ;
#5218 =( GEOMETRIC_REPRESENTATION_CONTEXT ( 3 ) GLOBAL_UNCERTAINTY_ASSIGNED_CONTEXT ( ( #11629 ) ) GLOBAL_UNIT_ASSIGNED_CONTEXT ( ( #3785, #10968, #11025 ) ) REPRESENTATION_CONTEXT ( 'NONE', 'WORKASPACE' ) );
#5219 = B_SPLINE_CURVE_WITH_KNOTS ( 'NONE', 3,
 ( #6847, #3546, #2646, #9614 ),
 .UNSPECIFIED., .F., .F.,
 ( 4, 4 ),
 ( 10.00000000000000000, 11.00000000000000000 ),
 .UNSPECIFIED. ) ;
#5220 = DIRECTION ( 'NONE',  ( -0.0000000000000000000, -1.000000000000000000, -0.0000000000000000000 ) ) ;
#5221 = CARTESIAN_POINT ( 'NONE',  ( 0.1107400636383502196, 0.9810000000000003162, 0.2287244026595042778 ) ) ;
#5222 = VERTEX_POINT ( 'NONE', #5556 ) ;
#5223 = CARTESIAN_POINT ( 'NONE',  ( -0.1955466647065569052, 0.9800000000000004263, 0.3392113305852193506 ) ) ;
#5224 = EDGE_CURVE ( 'NONE', #7174, #11364, #2171, .T. ) ;
#5225 = FACE_OUTER_BOUND ( 'NONE', #10599, .T. ) ;
#5226 = CARTESIAN_POINT ( 'NONE',  ( -0.08826680385442121912, 0.9800000000000004263, 0.3062052100787246989 ) ) ;
#5227 = DIRECTION ( 'NONE',  ( 0.3492990578015331971, -0.0000000000000000000, 0.9370112956730890508 ) ) ;
#5228 = PRODUCT_CONTEXT ( 'NONE', #1679, 'mechanical' ) ;
#5229 = LINE ( 'NONE', #8842, #1758 ) ;
#5230 = CARTESIAN_POINT ( 'NONE',  ( -0.1029712521515706164, 0.9800000000000004263, 0.2207086544064105205 ) ) ;
#5231 = ORIENTED_EDGE ( 'NONE', *, *, #9203, .F. ) ;
#5232 = ORIENTED_EDGE ( 'NONE', *, *, #7588, .F. ) ;
#5233 = SURFACE_SIDE_STYLE ('',( #9631 ) ) ;
#5234 = SURFACE_STYLE_FILL_AREA ( #5287 ) ;
#5235 = ORIENTED_EDGE ( 'NONE', *, *, #682, .F. ) ;
#5236 = VECTOR ( 'NONE', #9342, 1000.000000000000000 ) ;
#5237 = EDGE_CURVE ( 'NONE', #10315, #3470, #2219, .T. ) ;
#5238 = ORIENTED_EDGE ( 'NONE', *, *, #8476, .T. ) ;
#5239 = ORIENTED_EDGE ( 'NONE', *, *, #1165, .F. ) ;
#5240 = CARTESIAN_POINT ( 'NONE',  ( 0.1331548678188466117, 0.9800000000000004263, 0.2285218485012402434 ) ) ;
#5241 =( NAMED_UNIT ( * ) SI_UNIT ( $, .STERADIAN. ) SOLID_ANGLE_UNIT ( ) );
#5242 = COLOUR_RGB ( '',0.2235294117647058654, 0.2235294117647058654, 0.2235294117647058654 ) ;
#5243 = CARTESIAN_POINT ( 'NONE',  ( -0.1027234132343150808, 0.9810000000000003162, 0.3415333207181004971 ) ) ;
#5244 = CARTESIAN_POINT ( 'NONE',  ( -0.08288195124660147073, 0.9810000000000003162, 0.3019802867017373771 ) ) ;
#5245 = B_SPLINE_SURFACE_WITH_KNOTS ( 'NONE', 3, 1, ( 
 ( #1227, #9428 ),
 ( #4916, #7694 ),
 ( #10506, #6799 ),
 ( #10459, #9723 ) ),
 .UNSPECIFIED., .F., .F., .F.,
 ( 4, 4 ),
 ( 2, 2 ),
 ( 7.000000000000000000, 8.000000000000000000 ),
 ( 0.0000000000000000000, 1.000000000000000000 ),
 .UNSPECIFIED. ) ;
#5246 =( NAMED_UNIT ( * ) SI_UNIT ( $, .STERADIAN. ) SOLID_ANGLE_UNIT ( ) );
#5247 = SURFACE_STYLE_FILL_AREA ( #6267 ) ;
#5248 = ORIENTED_EDGE ( 'NONE', *, *, #471, .T. ) ;
#5249 = ADVANCED_FACE ( 'NONE', ( #4099, #11205 ), #279, .F. ) ;
#5250 = B_SPLINE_CURVE_WITH_KNOTS ( 'NONE', 3,
 ( #620, #10583, #5100, #7997 ),
 .UNSPECIFIED., .F., .F.,
 ( 4, 4 ),
 ( 26.00000000000000000, 27.00000000000000000 ),
 .UNSPECIFIED. ) ;
#5251 = CARTESIAN_POINT ( 'NONE',  ( -0.08397118691812412161, 0.9810000000000003162, 0.3401066420994613426 ) ) ;
#5252 = FACE_OUTER_BOUND ( 'NONE', #7645, .T. ) ;
#5253 = DIRECTION ( 'NONE',  ( 0.9999748501857348426, -0.0000000000000000000, 0.007092178509964535207 ) ) ;
#5254 = CARTESIAN_POINT ( 'NONE',  ( 0.2699999999999994071, -0.9800000000000004263, 0.01999999999999999695 ) ) ;
#5255 = B_SPLINE_CURVE_WITH_KNOTS ( 'NONE', 3,
 ( #7749, #9601, #9352, #11405 ),
 .UNSPECIFIED., .F., .F.,
 ( 4, 4 ),
 ( 2.000000000000000000, 3.000000000000000000 ),
 .UNSPECIFIED. ) ;
#5256 =( NAMED_UNIT ( * ) SI_UNIT ( $, .STERADIAN. ) SOLID_ANGLE_UNIT ( ) );
#5257 = DIRECTION ( 'NONE',  ( -0.0000000000000000000, -1.000000000000000000, -0.0000000000000000000 ) ) ;
#5258 =( GEOMETRIC_REPRESENTATION_CONTEXT ( 3 ) GLOBAL_UNCERTAINTY_ASSIGNED_CONTEXT ( ( #8559 ) ) GLOBAL_UNIT_ASSIGNED_CONTEXT ( ( #3663, #3779, #1067 ) ) REPRESENTATION_CONTEXT ( 'NONE', 'WORKASPACE' ) );
#5259 = EDGE_LOOP ( 'NONE', ( #9850, #8706, #3266, #452 ) ) ;
#5260 = CARTESIAN_POINT ( 'NONE',  ( -0.08854543622480952336, 0.9810000000000003162, 0.2300390510330524718 ) ) ;
#5261 = CARTESIAN_POINT ( 'NONE',  ( -0.1961392526203776521, 0.9800000000000004263, 0.3146422291645478708 ) ) ;
#5262 =( NAMED_UNIT ( * ) PLANE_ANGLE_UNIT ( ) SI_UNIT ( $, .RADIAN. ) );
#5263 = SURFACE_STYLE_FILL_AREA ( #9666 ) ;
#5264 = ORIENTED_EDGE ( 'NONE', *, *, #1859, .F. ) ;
#5265 = UNCERTAINTY_MEASURE_WITH_UNIT (LENGTH_MEASURE( 1.000000000000000082E-05 ), #6121, 'distance_accuracy_value', 'NONE');
#5266 = CARTESIAN_POINT ( 'NONE',  ( -0.2661294102955976126, 0.9810000000000003162, 0.2321328657275964213 ) ) ;
#5267 = CARTESIAN_POINT ( 'NONE',  ( -0.2278327320775205833, 0.9810000000000003162, 0.3356550372596887599 ) ) ;
#5268 = EDGE_CURVE ( 'NONE', #4772, #3635, #3854, .T. ) ;
#5269 = PRESENTATION_STYLE_ASSIGNMENT (( #1520 ) ) ;
#5270 = ORIENTED_EDGE ( 'NONE', *, *, #8506, .T. ) ;
#5271 = CARTESIAN_POINT ( 'NONE',  ( -0.005569245625948512218, 0.9810000000000003162, 0.2662191137651554462 ) ) ;
#5272 = DIRECTION ( 'NONE',  ( 0.007092178509964359133, 0.0000000000000000000, -0.9999748501857348426 ) ) ;
#5273 = CARTESIAN_POINT ( 'NONE',  ( -0.1262595874407420882, 0.9810000000000003162, 0.2386357279820021660 ) ) ;
#5274 = EDGE_CURVE ( 'NONE', #348, #3348, #3073, .T. ) ;
#5275 = FACE_OUTER_BOUND ( 'NONE', #10756, .T. ) ;
#5276 = ORIENTED_EDGE ( 'NONE', *, *, #11809, .F. ) ;
#5277 = DIRECTION ( 'NONE',  ( 0.0000000000000000000, -1.000000000000000000, 0.0000000000000000000 ) ) ;
#5278 = EDGE_CURVE ( 'NONE', #6812, #1002, #4829, .T. ) ;
#5279 = CARTESIAN_POINT ( 'NONE',  ( 0.2250111927590992544, 0.9810000000000003162, 0.2747230760545777972 ) ) ;
#5280 = CARTESIAN_POINT ( 'NONE',  ( -0.5799999999999994049, 0.9999999999999995559, 0.5300000000000000266 ) ) ;
#5281 = SURFACE_SIDE_STYLE ('',( #5167 ) ) ;
#5282 = CARTESIAN_POINT ( 'NONE',  ( -0.08682324149588735440, 0.9810000000000003162, 0.2254502209576159932 ) ) ;
#5283 = DIRECTION ( 'NONE',  ( -0.3382111624796504401, -0.0000000000000000000, 0.9410702468860459025 ) ) ;
#5284 = ORIENTED_EDGE ( 'NONE', *, *, #5581, .F. ) ;
#5285 = ORIENTED_EDGE ( 'NONE', *, *, #10961, .T. ) ;
#5286 = EDGE_CURVE ( 'NONE', #11253, #11716, #6648, .T. ) ;
#5287 = FILL_AREA_STYLE ('',( #11718 ) ) ;
#5288 = ORIENTED_EDGE ( 'NONE', *, *, #3864, .T. ) ;
#5289 =( NAMED_UNIT ( * ) PLANE_ANGLE_UNIT ( ) SI_UNIT ( $, .RADIAN. ) );
#5290 = UNCERTAINTY_MEASURE_WITH_UNIT (LENGTH_MEASURE( 1.000000000000000082E-05 ), #8761, 'distance_accuracy_value', 'NONE');
#5291 = ORIENTED_EDGE ( 'NONE', *, *, #199, .F. ) ;
#5292 = ORIENTED_EDGE ( 'NONE', *, *, #11529, .F. ) ;
#5293 = EDGE_CURVE ( 'NONE', #4266, #2252, #6823, .T. ) ;
#5294 = LINE ( 'NONE', #579, #1632 ) ;
#5295 = PLANE ( 'NONE',  #3016 ) ;
#5296 = DIRECTION ( 'NONE',  ( -0.0000000000000000000, -1.000000000000000000, -0.0000000000000000000 ) ) ;
#5297 =( LENGTH_UNIT ( ) NAMED_UNIT ( * ) SI_UNIT ( .MILLI., .METRE. ) );
#5298 = DIRECTION ( 'NONE',  ( -0.0000000000000000000, -1.000000000000000000, -0.0000000000000000000 ) ) ;
#5299 = EDGE_CURVE ( 'NONE', #2430, #4092, #4954, .T. ) ;
#5300 = ORIENTED_EDGE ( 'NONE', *, *, #9832, .F. ) ;
#5301 = FACE_OUTER_BOUND ( 'NONE', #7038, .T. ) ;
#5302 = CARTESIAN_POINT ( 'NONE',  ( -0.1955466647065569052, 0.9810000000000003162, 0.3392113305852193506 ) ) ;
#5303 = ORIENTED_EDGE ( 'NONE', *, *, #5602, .F. ) ;
#5304 = CARTESIAN_POINT ( 'NONE',  ( -0.3145688328394649069, 0.9810000000000003162, 0.2135930948889443459 ) ) ;
#5305 =( NAMED_UNIT ( * ) SI_UNIT ( $, .STERADIAN. ) SOLID_ANGLE_UNIT ( ) );
#5306 = PRESENTATION_STYLE_ASSIGNMENT (( #6095 ) ) ;
#5307 = SURFACE_SIDE_STYLE ('',( #8983 ) ) ;
#5308 = EDGE_CURVE ( 'NONE', #10797, #3351, #9400, .T. ) ;
#5309 = MECHANICAL_DESIGN_GEOMETRIC_PRESENTATION_REPRESENTATION (  '', ( #5701 ), #3551 ) ;
#5310 = FILL_AREA_STYLE_COLOUR ( '', #8491 ) ;
#5311 = CARTESIAN_POINT ( 'NONE',  ( -0.1907102522281630685, 0.9800000000000004263, 0.3353464418983808093 ) ) ;
#5312 = CARTESIAN_POINT ( 'NONE',  ( -0.2452259207645350048, 0.9810000000000003162, 0.2590815550547360124 ) ) ;
#5313 = CARTESIAN_POINT ( 'NONE',  ( 0.1466298830622249916, 0.9800000000000004263, 0.2654910417758425401 ) ) ;
#5314 = FILL_AREA_STYLE ('',( #9891 ) ) ;
#5315 = LINE ( 'NONE', #8990, #4186 ) ;
#5316 = COLOUR_RGB ( '',0.2235294117647058654, 0.2235294117647058654, 0.2235294117647058654 ) ;
#5317 = SURFACE_STYLE_USAGE ( .BOTH. , #7238 ) ;
#5318 = CARTESIAN_POINT ( 'NONE',  ( -0.3817097946182765877, 0.9800000000000004263, 0.5300000000000001377 ) ) ;
#5319 = B_SPLINE_CURVE_WITH_KNOTS ( 'NONE', 3,
 ( #2556, #3401, #3342, #8067, #11597, #9795 ),
 .UNSPECIFIED., .F., .F.,
 ( 4, 2, 4 ),
 ( 2.000000000000000000, 3.000000000000000000, 4.000000000000000000 ),
 .UNSPECIFIED. ) ;
#5320 = COLOUR_RGB ( '',0.2235294117647058654, 0.2235294117647058654, 0.2235294117647058654 ) ;
#5321 = VERTEX_POINT ( 'NONE', #7786 ) ;
#5322 = AXIS2_PLACEMENT_3D ( 'NONE', #2691, #1727, #4648 ) ;
#5323 = CARTESIAN_POINT ( 'NONE',  ( -0.09597104098580989950, 0.9800000000000004263, 0.2471168284930282122 ) ) ;
#5324 = CARTESIAN_POINT ( 'NONE',  ( 0.06238787541147082505, 0.9800000000000004263, 0.2160902660971580347 ) ) ;
#5325 = EDGE_CURVE ( 'NONE', #10464, #1766, #8749, .T. ) ;
#5326 =( NAMED_UNIT ( * ) SI_UNIT ( $, .STERADIAN. ) SOLID_ANGLE_UNIT ( ) );
#5327 = SURFACE_SIDE_STYLE ('',( #2480 ) ) ;
#5328 = PRESENTATION_LAYER_ASSIGNMENT (  '', '', ( #10521 ) ) ;
#5329 = ORIENTED_EDGE ( 'NONE', *, *, #9431, .F. ) ;
#5330 = MECHANICAL_DESIGN_GEOMETRIC_PRESENTATION_REPRESENTATION (  '', ( #295 ), #4169 ) ;
#5331 = LINE ( 'NONE', #9172, #9577 ) ;
#5332 = CARTESIAN_POINT ( 'NONE',  ( -0.1059407673163522551, 0.9800000000000004263, 0.2948761867036693296 ) ) ;
#5333 = LINE ( 'NONE', #2486, #3368 ) ;
#5334 = ORIENTED_EDGE ( 'NONE', *, *, #4797, .T. ) ;
#5335 = CARTESIAN_POINT ( 'NONE',  ( -0.5799999999999994049, -1.000000000000000444, 0.01999999999999999695 ) ) ;
#5336 = STYLED_ITEM ( 'NONE', ( #3527 ), #3589 ) ;
#5337 =( GEOMETRIC_REPRESENTATION_CONTEXT ( 3 ) GLOBAL_UNCERTAINTY_ASSIGNED_CONTEXT ( ( #6002 ) ) GLOBAL_UNIT_ASSIGNED_CONTEXT ( ( #5951, #56, #2771 ) ) REPRESENTATION_CONTEXT ( 'NONE', 'WORKASPACE' ) );
#5338 =( LENGTH_UNIT ( ) NAMED_UNIT ( * ) SI_UNIT ( .MILLI., .METRE. ) );
#5339 = CARTESIAN_POINT ( 'NONE',  ( -0.2471779074722782188, 0.9810000000000003162, 0.2649164962434449322 ) ) ;
#5340 = DIRECTION ( 'NONE',  ( -0.0000000000000000000, -1.000000000000000000, -0.0000000000000000000 ) ) ;
#5341 = COLOUR_RGB ( '',0.2235294117647058654, 0.2235294117647058654, 0.2235294117647058654 ) ;
#5342 = FILL_AREA_STYLE ('',( #4490 ) ) ;
#5343 = CARTESIAN_POINT ( 'NONE',  ( 0.1813122104065303664, 0.9800000000000004263, 0.2176567344499826251 ) ) ;
#5344 = EDGE_LOOP ( 'NONE', ( #5144, #396, #1382, #5285 ) ) ;
#5345 = VERTEX_POINT ( 'NONE', #8507 ) ;
#5346 =( GEOMETRIC_REPRESENTATION_CONTEXT ( 3 ) GLOBAL_UNCERTAINTY_ASSIGNED_CONTEXT ( ( #3352 ) ) GLOBAL_UNIT_ASSIGNED_CONTEXT ( ( #11487, #210, #267 ) ) REPRESENTATION_CONTEXT ( 'NONE', 'WORKASPACE' ) );
#5347 = ADVANCED_FACE ( 'NONE', ( #223 ), #7605, .F. ) ;
#5348 = CARTESIAN_POINT ( 'NONE',  ( -0.1385436276972784042, 0.9800000000000004263, 0.2168691073937580316 ) ) ;
#5349 = ORIENTED_EDGE ( 'NONE', *, *, #10451, .F. ) ;
#5350 = ORIENTED_EDGE ( 'NONE', *, *, #10864, .T. ) ;
#5351 = ORIENTED_EDGE ( 'NONE', *, *, #1951, .F. ) ;
#5352 = CARTESIAN_POINT ( 'NONE',  ( -0.2514703083717731436, 0.9810000000000003162, 0.2947018611167986912 ) ) ;
#5353 = CARTESIAN_POINT ( 'NONE',  ( -0.5999999999999994227, 0.9999999999999995559, 0.0000000000000000000 ) ) ;
#5354 = CARTESIAN_POINT ( 'NONE',  ( -0.04778354505049949713, 0.9800000000000004263, 0.3469919211955224680 ) ) ;
#5355 = ORIENTED_EDGE ( 'NONE', *, *, #9636, .F. ) ;
#5356 = EDGE_CURVE ( 'NONE', #8493, #7636, #3137, .T. ) ;
#5357 = LINE ( 'NONE', #6443, #1228 ) ;
#5358 = EDGE_CURVE ( 'NONE', #1796, #2056, #8529, .T. ) ;
#5359 = EDGE_CURVE ( 'NONE', #10912, #10658, #5184, .T. ) ;
#5360 = CARTESIAN_POINT ( 'NONE',  ( -0.04778354505049949713, 0.9810000000000003162, 0.3469919211955224680 ) ) ;
#5361 = VERTEX_POINT ( 'NONE', #6036 ) ;
#5362 = COLOUR_RGB ( '',0.2235294117647058654, 0.2235294117647058654, 0.2235294117647058654 ) ;
#5363 =( NAMED_UNIT ( * ) PLANE_ANGLE_UNIT ( ) SI_UNIT ( $, .RADIAN. ) );
#5364 = FACE_OUTER_BOUND ( 'NONE', #2155, .T. ) ;
#5365 = CARTESIAN_POINT ( 'NONE',  ( -0.1942609917352297322, 0.9810000000000003162, 0.2202431572054830144 ) ) ;
#5366 = SURFACE_STYLE_USAGE ( .BOTH. , #9040 ) ;
#5367 =( LENGTH_UNIT ( ) NAMED_UNIT ( * ) SI_UNIT ( .MILLI., .METRE. ) );
#5368 = CARTESIAN_POINT ( 'NONE',  ( 0.1207950444543391399, 0.9810000000000003162, 0.3401395120339173461 ) ) ;
#5369 = VECTOR ( 'NONE', #891, 1000.000000000000000 ) ;
#5370 = VECTOR ( 'NONE', #1022, 1000.000000000000000 ) ;
#5371 = CARTESIAN_POINT ( 'NONE',  ( -0.09161716421311497105, 0.9800000000000004263, 0.2471477077409179324 ) ) ;
#5372 = CARTESIAN_POINT ( 'NONE',  ( -0.1943822964821611265, 0.9810000000000003162, 0.2373467447659422525 ) ) ;
#5373 = LINE ( 'NONE', #7533, #1877 ) ;
#5374 = CARTESIAN_POINT ( 'NONE',  ( -0.5799999999999994049, 0.9800000000000004263, 0.01999999999999999695 ) ) ;
#5375 = CARTESIAN_POINT ( 'NONE',  ( -0.2831783384289688343, 0.9800000000000004263, 0.2334676463382734379 ) ) ;
#5376 = CARTESIAN_POINT ( 'NONE',  ( -0.1635385772153754302, 0.9810000000000003162, 0.2206950029482555031 ) ) ;
#5377 = SURFACE_STYLE_FILL_AREA ( #1622 ) ;
#5378 = LINE ( 'NONE', #9404, #6117 ) ;
#5379 = EDGE_CURVE ( 'NONE', #7636, #298, #9703, .T. ) ;
#5380 = ORIENTED_EDGE ( 'NONE', *, *, #1917, .T. ) ;
#5381 = SURFACE_SIDE_STYLE ('',( #789 ) ) ;
#5382 = SURFACE_STYLE_FILL_AREA ( #10023 ) ;
#5383 = FILL_AREA_STYLE ('',( #1685 ) ) ;
#5384 = CARTESIAN_POINT ( 'NONE',  ( -0.09472170136162934295, 0.9810000000000003162, 0.2322307825001209691 ) ) ;
#5385 = MECHANICAL_DESIGN_GEOMETRIC_PRESENTATION_REPRESENTATION (  '', ( #11140 ), #4812 ) ;
#5386 = MECHANICAL_DESIGN_GEOMETRIC_PRESENTATION_REPRESENTATION (  '', ( #1893 ), #4228 ) ;
#5387 = DIRECTION ( 'NONE',  ( 0.007092178509967559698, 0.0000000000000000000, -0.9999748501857348426 ) ) ;
#5388 = COLOUR_RGB ( '',0.2235294117647058654, 0.2235294117647058654, 0.2235294117647058654 ) ;
#5389 = ORIENTED_EDGE ( 'NONE', *, *, #2652, .T. ) ;
#5390 = DIRECTION ( 'NONE',  ( 0.9999748501857348426, -0.0000000000000000000, 0.007092178509965098993 ) ) ;
#5391 = CARTESIAN_POINT ( 'NONE',  ( -0.08720301305736080644, 0.9800000000000004263, 0.2973226010925588136 ) ) ;
#5392 = PRESENTATION_LAYER_ASSIGNMENT (  '', '', ( #11158 ) ) ;
#5393 = B_SPLINE_CURVE_WITH_KNOTS ( 'NONE', 3,
 ( #5658, #2865, #8612, #11375 ),
 .UNSPECIFIED., .F., .F.,
 ( 4, 4 ),
 ( 0.0000000000000000000, 1.000000000000000000 ),
 .UNSPECIFIED. ) ;
#5394 = LINE ( 'NONE', #10086, #7096 ) ;
#5395 = DIRECTION ( 'NONE',  ( -0.0000000000000000000, -1.000000000000000000, -0.0000000000000000000 ) ) ;
#5396 = ORIENTED_EDGE ( 'NONE', *, *, #4409, .T. ) ;
#5397 = EDGE_CURVE ( 'NONE', #125, #6011, #11736, .T. ) ;
#5398 = UNCERTAINTY_MEASURE_WITH_UNIT (LENGTH_MEASURE( 1.000000000000000082E-05 ), #1232, 'distance_accuracy_value', 'NONE');
#5399 = CARTESIAN_POINT ( 'NONE',  ( -0.07419584504895446186, 0.9810000000000003162, 0.2152979059030083742 ) ) ;
#5400 = LINE ( 'NONE', #5279, #10120 ) ;
#5401 = COLOUR_RGB ( '',0.2235294117647058654, 0.2235294117647058654, 0.2235294117647058654 ) ;
#5402 = MECHANICAL_DESIGN_GEOMETRIC_PRESENTATION_REPRESENTATION (  '', ( #9443 ), #2687 ) ;
#5403 =( LENGTH_UNIT ( ) NAMED_UNIT ( * ) SI_UNIT ( .MILLI., .METRE. ) );
#5404 = SURFACE_STYLE_USAGE ( .BOTH. , #9128 ) ;
#5405 = ORIENTED_EDGE ( 'NONE', *, *, #3357, .F. ) ;
#5406 = VECTOR ( 'NONE', #10313, 1000.000000000000000 ) ;
#5407 = FILL_AREA_STYLE ('',( #745 ) ) ;
#5408 =( NAMED_UNIT ( * ) SI_UNIT ( $, .STERADIAN. ) SOLID_ANGLE_UNIT ( ) );
#5409 = ORIENTED_EDGE ( 'NONE', *, *, #4456, .T. ) ;
#5410 = CARTESIAN_POINT ( 'NONE',  ( -0.1754919095275360719, 0.9800000000000004263, 0.2952407270366810832 ) ) ;
#5411 = VERTEX_POINT ( 'NONE', #9818 ) ;
#5412 = EDGE_LOOP ( 'NONE', ( #8787, #10563, #8649, #1369 ) ) ;
#5413 = FILL_AREA_STYLE ('',( #1815 ) ) ;
#5414 = B_SPLINE_SURFACE_WITH_KNOTS ( 'NONE', 3, 1, ( 
 ( #8655, #11412 ),
 ( #9489, #432 ),
 ( #4180, #1229 ),
 ( #1346, #4979 ) ),
 .UNSPECIFIED., .F., .F., .F.,
 ( 4, 4 ),
 ( 2, 2 ),
 ( 18.00000000000000000, 19.00000000000000000 ),
 ( 0.0000000000000000000, 1.000000000000000000 ),
 .UNSPECIFIED. ) ;
#5415 = CARTESIAN_POINT ( 'NONE',  ( -0.1249186454851472783, 0.9810000000000003162, 0.3464448515351556401 ) ) ;
#5416 = EDGE_CURVE ( 'NONE', #5361, #10597, #3254, .T. ) ;
#5417 = DIRECTION ( 'NONE',  ( -1.000000000000000000, 0.0000000000000000000, -0.0000000000000000000 ) ) ;
#5418 = FACE_OUTER_BOUND ( 'NONE', #11059, .T. ) ;
#5419 = FILL_AREA_STYLE_COLOUR ( '', #11369 ) ;
#5420 = VECTOR ( 'NONE', #7904, 1000.000000000000000 ) ;
#5421 = ORIENTED_EDGE ( 'NONE', *, *, #9136, .T. ) ;
#5422 = SURFACE_SIDE_STYLE ('',( #8149 ) ) ;
#5423 = CARTESIAN_POINT ( 'NONE',  ( 0.008049363051064835003, 0.9810000000000003162, 0.2319726427754881526 ) ) ;
#5424 = UNCERTAINTY_MEASURE_WITH_UNIT (LENGTH_MEASURE( 1.000000000000000082E-05 ), #1625, 'distance_accuracy_value', 'NONE');
#5425 = ORIENTED_EDGE ( 'NONE', *, *, #5194, .T. ) ;
#5426 = DIRECTION ( 'NONE',  ( 0.9999748501857348426, -0.0000000000000000000, 0.007092178509965466754 ) ) ;
#5427 = VERTEX_POINT ( 'NONE', #5122 ) ;
#5428 = FILL_AREA_STYLE ('',( #2580 ) ) ;
#5429 = STYLED_ITEM ( 'NONE', ( #10256 ), #4630 ) ;
#5430 = CARTESIAN_POINT ( 'NONE',  ( 0.2077289880150376966, 0.9800000000000004263, 0.3158121704912326133 ) ) ;
#5431 = FACE_OUTER_BOUND ( 'NONE', #5475, .T. ) ;
#5432 = VECTOR ( 'NONE', #2181, 1000.000000000000000 ) ;
#5433 = EDGE_CURVE ( 'NONE', #9747, #874, #3613, .T. ) ;
#5434 = CARTESIAN_POINT ( 'NONE',  ( -0.1144412211968475201, 0.9800000000000004263, 0.3040699766448613506 ) ) ;
#5435 = CARTESIAN_POINT ( 'NONE',  ( -0.1358136862818299928, 0.9800000000000004263, 0.2149648685892728561 ) ) ;
#5436 = CARTESIAN_POINT ( 'NONE',  ( -0.1183255496279410762, 0.9800000000000004263, 0.2414994159896735326 ) ) ;
#5437 = CARTESIAN_POINT ( 'NONE',  ( -0.1519029950726835665, 0.9810000000000003162, 0.2954080280364402289 ) ) ;
#5438 = EDGE_CURVE ( 'NONE', #719, #9870, #6996, .T. ) ;
#5439 = CARTESIAN_POINT ( 'NONE',  ( -0.05434685182712482854, 0.9810000000000003162, 0.3469453718815403986 ) ) ;
#5440 = VERTEX_POINT ( 'NONE', #11612 ) ;
#5441 =( NAMED_UNIT ( * ) SI_UNIT ( $, .STERADIAN. ) SOLID_ANGLE_UNIT ( ) );
#5442 = CARTESIAN_POINT ( 'NONE',  ( -0.1471323806271166434, 0.9800000000000004263, 0.1981960580990772547 ) ) ;
#5443 = CARTESIAN_POINT ( 'NONE',  ( -0.2296132727278713259, 0.9810000000000003162, 0.3356424090299545693 ) ) ;
#5444 = SURFACE_STYLE_USAGE ( .BOTH. , #3740 ) ;
#5445 = EDGE_CURVE ( 'NONE', #115, #6629, #10823, .T. ) ;
#5446 = ORIENTED_EDGE ( 'NONE', *, *, #11278, .T. ) ;
#5447 = CARTESIAN_POINT ( 'NONE',  ( -0.1003002224825731981, 0.9800000000000004263, 0.2949161914606361345 ) ) ;
#5448 = DIRECTION ( 'NONE',  ( 0.9999748501857348426, -0.0000000000000000000, 0.007092178509962491703 ) ) ;
#5449 = CARTESIAN_POINT ( 'NONE',  ( 0.1547441416519498014, 0.9810000000000003162, 0.2427737023457094134 ) ) ;
#5450 = ORIENTED_EDGE ( 'NONE', *, *, #7259, .F. ) ;
#5451 = ORIENTED_EDGE ( 'NONE', *, *, #8006, .T. ) ;
#5452 = CARTESIAN_POINT ( 'NONE',  ( 0.5800000000000001821, 0.9800000000000004263, 0.01999999999999999695 ) ) ;
#5453 = CARTESIAN_POINT ( 'NONE',  ( -0.1183255496279410762, 0.9800000000000004263, 0.2414994159896735326 ) ) ;
#5454 =( NAMED_UNIT ( * ) SI_UNIT ( $, .STERADIAN. ) SOLID_ANGLE_UNIT ( ) );
#5455 = FACE_OUTER_BOUND ( 'NONE', #11429, .T. ) ;
#5456 = CARTESIAN_POINT ( 'NONE',  ( -0.2150015195407217472, 0.9800000000000004263, 0.2142992618085834133 ) ) ;
#5457 = ADVANCED_FACE ( 'NONE', ( #8026 ), #4150, .F. ) ;
#5458 = ORIENTED_EDGE ( 'NONE', *, *, #2513, .T. ) ;
#5459 = SURFACE_SIDE_STYLE ('',( #9130 ) ) ;
#5460 = ORIENTED_EDGE ( 'NONE', *, *, #6577, .T. ) ;
#5461 = CARTESIAN_POINT ( 'NONE',  ( 0.3817097946182765877, -0.9800000000000004263, 0.5300000000000001377 ) ) ;
#5462 = PRESENTATION_LAYER_ASSIGNMENT (  '', '', ( #3914 ) ) ;
#5463 = VERTEX_POINT ( 'NONE', #10774 ) ;
#5464 = CARTESIAN_POINT ( 'NONE',  ( -0.2450518885332119978, 0.9810000000000003162, 0.2198829300390642283 ) ) ;
#5465 = CARTESIAN_POINT ( 'NONE',  ( 0.1466298830622249916, 0.9810000000000003162, 0.2654910417758425401 ) ) ;
#5466 = CARTESIAN_POINT ( 'NONE',  ( -0.2030308858275618744, 0.9800000000000004263, 0.3132416319557997375 ) ) ;
#5467 = EDGE_CURVE ( 'NONE', #74, #6137, #8824, .T. ) ;
#5468 = VERTEX_POINT ( 'NONE', #645 ) ;
#5469 = VERTEX_POINT ( 'NONE', #4331 ) ;
#5470 = CARTESIAN_POINT ( 'NONE',  ( -0.1181075522258395460, 0.9810000000000003162, 0.2162602038860722276 ) ) ;
#5471 = CARTESIAN_POINT ( 'NONE',  ( -0.1325413023246454214, 0.9800000000000004263, 0.2520303848801613289 ) ) ;
#5472 = ORIENTED_EDGE ( 'NONE', *, *, #1518, .T. ) ;
#5473 = EDGE_CURVE ( 'NONE', #5468, #2244, #5954, .T. ) ;
#5474 = LINE ( 'NONE', #10779, #6540 ) ;
#5475 = EDGE_LOOP ( 'NONE', ( #4674, #2745, #5205, #229 ) ) ;
#5476 = PRESENTATION_STYLE_ASSIGNMENT (( #6332 ) ) ;
#5477 = SURFACE_SIDE_STYLE ('',( #11905 ) ) ;
#5478 = CARTESIAN_POINT ( 'NONE',  ( -0.04685089958738627297, 0.9800000000000004263, 0.2154918460151248050 ) ) ;
#5479 = CARTESIAN_POINT ( 'NONE',  ( -0.1358136862818299928, 0.9810000000000003162, 0.2149648685892728561 ) ) ;
#5480 = FILL_AREA_STYLE ('',( #10193 ) ) ;
#5481 = FACE_OUTER_BOUND ( 'NONE', #7712, .T. ) ;
#5482 = CARTESIAN_POINT ( 'NONE',  ( -0.2452259207645350048, 0.9800000000000004263, 0.2590815550547360124 ) ) ;
#5483 = CARTESIAN_POINT ( 'NONE',  ( -0.1183255496279410762, 0.9800000000000004263, 0.2414994159896735326 ) ) ;
#5484 = ADVANCED_FACE ( 'NONE', ( #7177 ), #3870, .F. ) ;
#5485 =( LENGTH_UNIT ( ) NAMED_UNIT ( * ) SI_UNIT ( .MILLI., .METRE. ) );
#5486 = CARTESIAN_POINT ( 'NONE',  ( -0.2324659000926243280, 0.9800000000000004263, 0.3456820880238622440 ) ) ;
#5487 = EDGE_LOOP ( 'NONE', ( #6007, #8357, #2328, #4425 ) ) ;
#5488 = LINE ( 'NONE', #9165, #11906 ) ;
#5489 =( NAMED_UNIT ( * ) PLANE_ANGLE_UNIT ( ) SI_UNIT ( $, .RADIAN. ) );
#5490 = LINE ( 'NONE', #2826, #9289 ) ;
#5491 = PRESENTATION_LAYER_ASSIGNMENT (  '', '', ( #8581 ) ) ;
#5492 = MECHANICAL_DESIGN_GEOMETRIC_PRESENTATION_REPRESENTATION (  '', ( #7821 ), #8779 ) ;
#5493 = CARTESIAN_POINT ( 'NONE',  ( -0.1003002224825731981, 0.9810000000000003162, 0.2949161914606361345 ) ) ;
#5494 = EDGE_CURVE ( 'NONE', #5516, #10464, #4569, .T. ) ;
#5495 = CARTESIAN_POINT ( 'NONE',  ( -0.2296132727278713259, 0.9800000000000004263, 0.3356424090299545693 ) ) ;
#5496 = FILL_AREA_STYLE_COLOUR ( '', #6777 ) ;
#5497 = ORIENTED_EDGE ( 'NONE', *, *, #3079, .T. ) ;
#5498 =( GEOMETRIC_REPRESENTATION_CONTEXT ( 3 ) GLOBAL_UNCERTAINTY_ASSIGNED_CONTEXT ( ( #2839 ) ) GLOBAL_UNIT_ASSIGNED_CONTEXT ( ( #9071, #2490, #3627 ) ) REPRESENTATION_CONTEXT ( 'NONE', 'WORKASPACE' ) );
#5499 = ADVANCED_FACE ( 'NONE', ( #934 ), #1735, .F. ) ;
#5500 = CARTESIAN_POINT ( 'NONE',  ( -0.08337896074994888274, 0.9810000000000003162, 0.3207448641368762510 ) ) ;
#5501 = VECTOR ( 'NONE', #7878, 1000.000000000000000 ) ;
#5502 = B_SPLINE_SURFACE_WITH_KNOTS ( 'NONE', 3, 1, ( 
 ( #7720, #215 ),
 ( #2939, #1194 ),
 ( #4820, #4942 ),
 ( #3002, #8445 ) ),
 .UNSPECIFIED., .F., .F., .F.,
 ( 4, 4 ),
 ( 2, 2 ),
 ( 3.000000000000000000, 4.000000000000000000 ),
 ( 0.0000000000000000000, 1.000000000000000000 ),
 .UNSPECIFIED. ) ;
#5503 = COLOUR_RGB ( '',0.2235294117647058654, 0.2235294117647058654, 0.2235294117647058654 ) ;
#5504 = CARTESIAN_POINT ( 'NONE',  ( -0.09180021817302808085, 0.9800000000000004263, 0.2143152275510540883 ) ) ;
#5505 = PRESENTATION_STYLE_ASSIGNMENT (( #3561 ) ) ;
#5506 = EDGE_LOOP ( 'NONE', ( #1995, #8682, #1644, #519 ) ) ;
#5507 = ORIENTED_EDGE ( 'NONE', *, *, #9480, .T. ) ;
#5508 = UNCERTAINTY_MEASURE_WITH_UNIT (LENGTH_MEASURE( 1.000000000000000082E-05 ), #3477, 'distance_accuracy_value', 'NONE');
#5509 = PLANE ( 'NONE',  #11143 ) ;
#5510 = DIRECTION ( 'NONE',  ( -0.0000000000000000000, -1.000000000000000000, -0.0000000000000000000 ) ) ;
#5511 =( GEOMETRIC_REPRESENTATION_CONTEXT ( 3 ) GLOBAL_UNCERTAINTY_ASSIGNED_CONTEXT ( ( #2548 ) ) GLOBAL_UNIT_ASSIGNED_CONTEXT ( ( #2214, #7781, #5241 ) ) REPRESENTATION_CONTEXT ( 'NONE', 'WORKASPACE' ) );
#5512 = PRESENTATION_STYLE_ASSIGNMENT (( #6306 ) ) ;
#5513 = STYLED_ITEM ( 'NONE', ( #4333 ), #8888 ) ;
#5514 = CARTESIAN_POINT ( 'NONE',  ( -0.08741177710879574625, 0.9800000000000004263, 0.2223007000513831932 ) ) ;
#5515 =( LENGTH_UNIT ( ) NAMED_UNIT ( * ) SI_UNIT ( .MILLI., .METRE. ) );
#5516 = VERTEX_POINT ( 'NONE', #29 ) ;
#5517 = DIRECTION ( 'NONE',  ( -0.0000000000000000000, -1.000000000000000000, -0.0000000000000000000 ) ) ;
#5518 = SURFACE_STYLE_USAGE ( .BOTH. , #8953 ) ;
#5519 = AXIS2_PLACEMENT_3D ( 'NONE', #5670, #40, #3724 ) ;
#5520 = ORIENTED_EDGE ( 'NONE', *, *, #5299, .F. ) ;
#5521 = COLOUR_RGB ( '',0.2235294117647058654, 0.2235294117647058654, 0.2235294117647058654 ) ;
#5522 = DIRECTION ( 'NONE',  ( 0.007092178509963868206, 0.0000000000000000000, -0.9999748501857348426 ) ) ;
#5523 = AXIS2_PLACEMENT_3D ( 'NONE', #924, #3704, #5595 ) ;
#5524 = VERTEX_POINT ( 'NONE', #4642 ) ;
#5525 = ADVANCED_FACE ( 'NONE', ( #8325 ), #8014, .T. ) ;
#5526 =( NAMED_UNIT ( * ) PLANE_ANGLE_UNIT ( ) SI_UNIT ( $, .RADIAN. ) );
#5527 = CARTESIAN_POINT ( 'NONE',  ( -0.05373332265115360329, 0.9800000000000004263, 0.2604396889007068450 ) ) ;
#5528 = CARTESIAN_POINT ( 'NONE',  ( 0.1924978166923430600, 0.9810000000000003162, 0.2206281110792663314 ) ) ;
#5529 =( GEOMETRIC_REPRESENTATION_CONTEXT ( 3 ) GLOBAL_UNCERTAINTY_ASSIGNED_CONTEXT ( ( #10798 ) ) GLOBAL_UNIT_ASSIGNED_CONTEXT ( ( #9235, #3507, #8292 ) ) REPRESENTATION_CONTEXT ( 'NONE', 'WORKASPACE' ) );
#5530 = CARTESIAN_POINT ( 'NONE',  ( -0.2296132727278713537, 0.9810000000000003162, 0.3356424090299545693 ) ) ;
#5531 = CARTESIAN_POINT ( 'NONE',  ( -0.1906467391812632917, 0.9810000000000003162, 0.3062329384880760896 ) ) ;
#5532 = ORIENTED_EDGE ( 'NONE', *, *, #9243, .T. ) ;
#5533 = ORIENTED_EDGE ( 'NONE', *, *, #3419, .F. ) ;
#5534 = FILL_AREA_STYLE_COLOUR ( '', #8177 ) ;
#5535 = FILL_AREA_STYLE ('',( #7391 ) ) ;
#5536 = UNCERTAINTY_MEASURE_WITH_UNIT (LENGTH_MEASURE( 1.000000000000000082E-05 ), #4221, 'distance_accuracy_value', 'NONE');
#5537 = ORIENTED_EDGE ( 'NONE', *, *, #5846, .F. ) ;
#5538 = CARTESIAN_POINT ( 'NONE',  ( -0.1512356340308023683, 0.9810000000000003162, 0.1976470643281151851 ) ) ;
#5539 = B_SPLINE_CURVE_WITH_KNOTS ( 'NONE', 3,
 ( #3963, #6771, #2279, #9579 ),
 .UNSPECIFIED., .F., .F.,
 ( 4, 4 ),
 ( 1.000000000000000000, 2.000000000000000000 ),
 .UNSPECIFIED. ) ;
#5540 = FILL_AREA_STYLE_COLOUR ( '', #738 ) ;
#5541 = ORIENTED_EDGE ( 'NONE', *, *, #10854, .T. ) ;
#5542 = ADVANCED_FACE ( 'NONE', ( #3178 ), #2207, .F. ) ;
#5543 = LINE ( 'NONE', #877, #2035 ) ;
#5544 = CARTESIAN_POINT ( 'NONE',  ( 0.1660348399979919010, 0.9810000000000003162, 0.3328687438566483858 ) ) ;
#5545 = DIRECTION ( 'NONE',  ( -0.3492990578015331971, 0.0000000000000000000, -0.9370112956730890508 ) ) ;
#5546 = B_SPLINE_CURVE_WITH_KNOTS ( 'NONE', 3,
 ( #9987, #7330, #11001, #3757 ),
 .UNSPECIFIED., .F., .F.,
 ( 4, 4 ),
 ( 16.00000000000000000, 17.00000000000000000 ),
 .UNSPECIFIED. ) ;
#5547 = CARTESIAN_POINT ( 'NONE',  ( -0.2391694832240683077, 0.9810000000000003162, 0.2591245094712030239 ) ) ;
#5548 = SURFACE_SIDE_STYLE ('',( #11131 ) ) ;
#5549 = SURFACE_SIDE_STYLE ('',( #4654 ) ) ;
#5550 = CARTESIAN_POINT ( 'NONE',  ( 0.5800000000000001821, 1.000000000000000444, 0.01999999999999999695 ) ) ;
#5551 = DIRECTION ( 'NONE',  ( 1.000000000000000000, 0.0000000000000000000, 0.0000000000000000000 ) ) ;
#5552 = AXIS2_PLACEMENT_3D ( 'NONE', #10939, #6313, #8187 ) ;
#5553 = FILL_AREA_STYLE ('',( #1781 ) ) ;
#5554 = B_SPLINE_CURVE_WITH_KNOTS ( 'NONE', 3,
 ( #8751, #1563, #1500, #10611 ),
 .UNSPECIFIED., .F., .F.,
 ( 4, 4 ),
 ( 0.0000000000000000000, 1.000000000000000000 ),
 .UNSPECIFIED. ) ;
#5555 = PRESENTATION_STYLE_ASSIGNMENT (( #6221 ) ) ;
#5556 = CARTESIAN_POINT ( 'NONE',  ( 0.1417074885652207239, 0.9800000000000004263, 0.3478794537793541419 ) ) ;
#5557 = DIRECTION ( 'NONE',  ( 0.0000000000000000000, -1.000000000000000000, 0.0000000000000000000 ) ) ;
#5558 = CARTESIAN_POINT ( 'NONE',  ( -0.08333582197976331651, 0.9810000000000003162, 0.3146624333022755016 ) ) ;
#5559 = CARTESIAN_POINT ( 'NONE',  ( -0.2592377770877224430, 0.9810000000000003162, 0.2335334629366963288 ) ) ;
#5560 = ORIENTED_EDGE ( 'NONE', *, *, #4929, .T. ) ;
#5561 = CARTESIAN_POINT ( 'NONE',  ( -0.08826680385442121912, 0.9810000000000003162, 0.3062052100787246989 ) ) ;
#5562 = SURFACE_STYLE_USAGE ( .BOTH. , #11031 ) ;
#5563 = CARTESIAN_POINT ( 'NONE',  ( -0.1870158866697106403, 0.9810000000000003162, 0.3385699796626217561 ) ) ;
#5564 = STYLED_ITEM ( 'NONE', ( #475 ), #394 ) ;
#5565 = CARTESIAN_POINT ( 'NONE',  ( -0.1754940304656119054, 0.9810000000000003162, 0.3010375081660242591 ) ) ;
#5566 = LINE ( 'NONE', #9288, #6934 ) ;
#5567 = COLOUR_RGB ( '',0.2235294117647058654, 0.2235294117647058654, 0.2235294117647058654 ) ;
#5568 = EDGE_CURVE ( 'NONE', #10630, #3326, #9389, .T. ) ;
#5569 = FILL_AREA_STYLE_COLOUR ( '', #1177 ) ;
#5570 = DIRECTION ( 'NONE',  ( -0.007092178509963391157, 0.0000000000000000000, 0.9999748501857348426 ) ) ;
#5571 = ORIENTED_EDGE ( 'NONE', *, *, #3037, .F. ) ;
#5572 =( GEOMETRIC_REPRESENTATION_CONTEXT ( 3 ) GLOBAL_UNCERTAINTY_ASSIGNED_CONTEXT ( ( #1057 ) ) GLOBAL_UNIT_ASSIGNED_CONTEXT ( ( #4102, #6089, #4153 ) ) REPRESENTATION_CONTEXT ( 'NONE', 'WORKASPACE' ) );
#5573 = CARTESIAN_POINT ( 'NONE',  ( -0.1635385772153754580, 0.9800000000000004263, 0.2206950029482555309 ) ) ;
#5574 = PRODUCT_DEFINITION ( 'н╢ж╙', '', #1207, #10077 ) ;
#5575 = ORIENTED_EDGE ( 'NONE', *, *, #5224, .F. ) ;
#5576 = ORIENTED_EDGE ( 'NONE', *, *, #9243, .F. ) ;
#5577 = CARTESIAN_POINT ( 'NONE',  ( 0.06238787541147082505, 0.9800000000000004263, 0.2160902660971583122 ) ) ;
#5578 = VECTOR ( 'NONE', #4007, 1000.000000000000000 ) ;
#5579 = COLOUR_RGB ( '',0.2235294117647058654, 0.2235294117647058654, 0.2235294117647058654 ) ;
#5580 = COLOUR_RGB ( '',0.2235294117647058654, 0.2235294117647058654, 0.2235294117647058654 ) ;
#5581 = EDGE_CURVE ( 'NONE', #2189, #11663, #6691, .T. ) ;
#5582 = EDGE_CURVE ( 'NONE', #11364, #328, #8678, .T. ) ;
#5583 = CARTESIAN_POINT ( 'NONE',  ( -0.1318807768746755316, 0.9800000000000004263, 0.2468621438305867999 ) ) ;
#5584 = CARTESIAN_POINT ( 'NONE',  ( -0.08890631878235376317, 0.9810000000000003162, 0.3450626039033539150 ) ) ;
#5585 = ORIENTED_EDGE ( 'NONE', *, *, #5956, .F. ) ;
#5586 = FACE_BOUND ( 'NONE', #7631, .T. ) ;
#5587 = ORIENTED_EDGE ( 'NONE', *, *, #11571, .F. ) ;
#5588 = STYLED_ITEM ( 'NONE', ( #10739 ), #4259 ) ;
#5589 = SURFACE_STYLE_FILL_AREA ( #1765 ) ;
#5590 = EDGE_CURVE ( 'NONE', #251, #4142, #4088, .T. ) ;
#5591 = MECHANICAL_DESIGN_GEOMETRIC_PRESENTATION_REPRESENTATION (  '', ( #8102 ), #4816 ) ;
#5592 = ORIENTED_EDGE ( 'NONE', *, *, #2981, .F. ) ;
#5593 =( NAMED_UNIT ( * ) PLANE_ANGLE_UNIT ( ) SI_UNIT ( $, .RADIAN. ) );
#5594 = EDGE_CURVE ( 'NONE', #9603, #4100, #5659, .T. ) ;
#5595 = DIRECTION ( 'NONE',  ( 0.3382111624868761046, 0.0000000000000000000, -0.9410702468834490908 ) ) ;
#5596 = VECTOR ( 'NONE', #4408, 1000.000000000000000 ) ;
#5597 = FACE_OUTER_BOUND ( 'NONE', #5170, .T. ) ;
#5598 = DIRECTION ( 'NONE',  ( -0.1263225772768200028, 0.0000000000000000000, -0.9919892169122312975 ) ) ;
#5599 = VERTEX_POINT ( 'NONE', #7589 ) ;
#5600 = EDGE_LOOP ( 'NONE', ( #5955, #3632, #1610, #58 ) ) ;
#5601 = SURFACE_SIDE_STYLE ('',( #263 ) ) ;
#5602 = EDGE_CURVE ( 'NONE', #8913, #6634, #10366, .T. ) ;
#5603 = VECTOR ( 'NONE', #3683, 1000.000000000000227 ) ;
#5604 = ORIENTED_EDGE ( 'NONE', *, *, #2173, .F. ) ;
#5605 = SURFACE_STYLE_FILL_AREA ( #3837 ) ;
#5606 =( NAMED_UNIT ( * ) SI_UNIT ( $, .STERADIAN. ) SOLID_ANGLE_UNIT ( ) );
#5607 = EDGE_LOOP ( 'NONE', ( #4203, #9973, #7981, #3101 ) ) ;
#5608 = COLOUR_RGB ( '',0.2235294117647058654, 0.2235294117647058654, 0.2235294117647058654 ) ;
#5609 = SURFACE_STYLE_FILL_AREA ( #4650 ) ;
#5610 = STYLED_ITEM ( 'NONE', ( #8565 ), #5249 ) ;
#5611 = CARTESIAN_POINT ( 'NONE',  ( -0.1144412211968475201, 0.9800000000000004263, 0.3040699766448613506 ) ) ;
#5612 = CARTESIAN_POINT ( 'NONE',  ( -0.2537452636489530011, 0.9800000000000004263, 0.2251241722602221051 ) ) ;
#5613 = FACE_OUTER_BOUND ( 'NONE', #11628, .T. ) ;
#5614 = B_SPLINE_SURFACE_WITH_KNOTS ( 'NONE', 3, 1, ( 
 ( #5544, #878 ),
 ( #7351, #4649 ),
 ( #706, #8976 ),
 ( #9039, #5430 ) ),
 .UNSPECIFIED., .F., .F., .F.,
 ( 4, 4 ),
 ( 2, 2 ),
 ( 5.000000000000000000, 6.000000000000000000 ),
 ( 0.0000000000000000000, 1.000000000000000000 ),
 .UNSPECIFIED. ) ;
#5615 =( LENGTH_UNIT ( ) NAMED_UNIT ( * ) SI_UNIT ( .MILLI., .METRE. ) );
#5616 = PLANE ( 'NONE',  #2849 ) ;
#5617 = ADVANCED_FACE ( 'NONE', ( #8847 ), #6180, .F. ) ;
#5618 = FILL_AREA_STYLE_COLOUR ( '', #9070 ) ;
#5619 = FILL_AREA_STYLE_COLOUR ( '', #7325 ) ;
#5620 = VECTOR ( 'NONE', #2520, 1000.000000000000000 ) ;
#5621 = SURFACE_SIDE_STYLE ('',( #7669 ) ) ;
#5622 = CARTESIAN_POINT ( 'NONE',  ( -0.2592827593950957632, 0.9810000000000003162, 0.2398758267129963151 ) ) ;
#5623 = PRESENTATION_LAYER_ASSIGNMENT (  '', '', ( #7934 ) ) ;
#5624 = ORIENTED_EDGE ( 'NONE', *, *, #9778, .F. ) ;
#5625 =( LENGTH_UNIT ( ) NAMED_UNIT ( * ) SI_UNIT ( .MILLI., .METRE. ) );
#5626 = DIRECTION ( 'NONE',  ( 0.007092178509954029722, -0.0000000000000000000, -0.9999748501857349536 ) ) ;
#5627 = CARTESIAN_POINT ( 'NONE',  ( -0.1533170416905898781, 0.9810000000000003162, 0.2510512086686566557 ) ) ;
#5628 = CARTESIAN_POINT ( 'NONE',  ( -0.1032640942626190522, 0.9800000000000004263, 0.2381749497862886977 ) ) ;
#5629 = CARTESIAN_POINT ( 'NONE',  ( 0.1395616554493350203, 0.9800000000000004263, 0.2426660227352132326 ) ) ;
#5630 = VECTOR ( 'NONE', #1239, 1000.000000000000000 ) ;
#5631 = ORIENTED_EDGE ( 'NONE', *, *, #2698, .F. ) ;
#5632 = CARTESIAN_POINT ( 'NONE',  ( -0.1406043819388396454, 0.9800000000000004263, 0.2307096144780721170 ) ) ;
#5633 = PLANE ( 'NONE',  #314 ) ;
#5634 = CARTESIAN_POINT ( 'NONE',  ( -0.1031402085636232285, 0.9800000000000004263, 0.2207074561072388807 ) ) ;
#5635 = CARTESIAN_POINT ( 'NONE',  ( 0.1614073093588321850, 0.9810000000000003162, 0.2207690926835037259 ) ) ;
#5636 = EDGE_CURVE ( 'NONE', #2598, #9673, #5091, .T. ) ;
#5637 = ORIENTED_EDGE ( 'NONE', *, *, #6471, .T. ) ;
#5638 = ORIENTED_EDGE ( 'NONE', *, *, #5082, .T. ) ;
#5639 = VECTOR ( 'NONE', #7949, 1000.000000000000000 ) ;
#5640 = CARTESIAN_POINT ( 'NONE',  ( 0.07279154650397577642, 0.9800000000000004263, 0.2273707295474767243 ) ) ;
#5641 = SURFACE_SIDE_STYLE ('',( #1941 ) ) ;
#5642 = CARTESIAN_POINT ( 'NONE',  ( 0.1658271787583907586, 0.9810000000000003162, 0.3111769386675978244 ) ) ;
#5643 = EDGE_LOOP ( 'NONE', ( #8498, #1822, #8004, #4689 ) ) ;
#5644 = CARTESIAN_POINT ( 'NONE',  ( -0.2391694832240683077, 0.9810000000000003162, 0.2591245094712030239 ) ) ;
#5645 = CARTESIAN_POINT ( 'NONE',  ( -0.1313250672471207858, 0.9800000000000004263, 0.3242780088867005528 ) ) ;
#5646 = FILL_AREA_STYLE ('',( #8661 ) ) ;
#5647 = VERTEX_POINT ( 'NONE', #572 ) ;
#5648 = EDGE_CURVE ( 'NONE', #2482, #6069, #7034, .T. ) ;
#5649 = VERTEX_POINT ( 'NONE', #6195 ) ;
#5650 = CARTESIAN_POINT ( 'NONE',  ( -0.2688206351089372226, 0.9810000000000003162, 0.2139175574339311214 ) ) ;
#5651 =( NAMED_UNIT ( * ) PLANE_ANGLE_UNIT ( ) SI_UNIT ( $, .RADIAN. ) );
#5652 = DIRECTION ( 'NONE',  ( 0.007092178509954478148, 0.0000000000000000000, -0.9999748501857349536 ) ) ;
#5653 = FACE_OUTER_BOUND ( 'NONE', #9731, .T. ) ;
#5654 = CARTESIAN_POINT ( 'NONE',  ( -0.1952843293647865686, 0.9800000000000004263, 0.3022228729883505438 ) ) ;
#5655 = EDGE_CURVE ( 'NONE', #79, #5767, #3204, .T. ) ;
#5656 = ORIENTED_EDGE ( 'NONE', *, *, #5882, .F. ) ;
#5657 = ORIENTED_EDGE ( 'NONE', *, *, #46, .T. ) ;
#5658 = CARTESIAN_POINT ( 'NONE',  ( 0.02988217082207585834, 0.9810000000000003162, 0.3138278063142558860 ) ) ;
#5659 = LINE ( 'NONE', #3835, #2680 ) ;
#5660 = UNCERTAINTY_MEASURE_WITH_UNIT (LENGTH_MEASURE( 1.000000000000000082E-05 ), #799, 'distance_accuracy_value', 'NONE');
#5661 = ORIENTED_EDGE ( 'NONE', *, *, #6838, .F. ) ;
#5662 = COLOUR_RGB ( '',0.2235294117647058654, 0.2235294117647058654, 0.2235294117647058654 ) ;
#5663 = EDGE_CURVE ( 'NONE', #8168, #3741, #2444, .T. ) ;
#5664 = EDGE_CURVE ( 'NONE', #3617, #3741, #7829, .T. ) ;
#5665 =( NAMED_UNIT ( * ) PLANE_ANGLE_UNIT ( ) SI_UNIT ( $, .RADIAN. ) );
#5666 = ORIENTED_EDGE ( 'NONE', *, *, #11689, .T. ) ;
#5667 =( NAMED_UNIT ( * ) SI_UNIT ( $, .STERADIAN. ) SOLID_ANGLE_UNIT ( ) );
#5668 = PRESENTATION_STYLE_ASSIGNMENT (( #9272 ) ) ;
#5669 = CARTESIAN_POINT ( 'NONE',  ( -0.1943822964821611265, 0.9810000000000003162, 0.2373467447659422525 ) ) ;
#5670 = CARTESIAN_POINT ( 'NONE',  ( 0.5800000000000001821, 0.9999999999999995559, 0.02000000000000005246 ) ) ;
#5671 = CARTESIAN_POINT ( 'NONE',  ( -0.2917882984180478756, 0.9800000000000004263, 0.2581014530131870988 ) ) ;
#5672 = CARTESIAN_POINT ( 'NONE',  ( 0.07279154650397577642, 0.9800000000000004263, 0.2273707295474767243 ) ) ;
#5673 = DIRECTION ( 'NONE',  ( -0.9999748501857348426, -0.0000000000000000000, -0.007092178509965004450 ) ) ;
#5674 = CARTESIAN_POINT ( 'NONE',  ( -0.1427102068934577028, 0.9800000000000004263, 0.2270814295841633301 ) ) ;
#5675 = ORIENTED_EDGE ( 'NONE', *, *, #9858, .T. ) ;
#5676 = SURFACE_STYLE_FILL_AREA ( #1851 ) ;
#5677 = CARTESIAN_POINT ( 'NONE',  ( -0.1031003881603762551, 0.9810000000000003162, 0.2150929045677676954 ) ) ;
#5678 = CARTESIAN_POINT ( 'NONE',  ( -0.1821273962964968796, 0.9800000000000004263, 0.3401903212825928002 ) ) ;
#5679 = ORIENTED_EDGE ( 'NONE', *, *, #10208, .T. ) ;
#5680 = EDGE_CURVE ( 'NONE', #3746, #1796, #8786, .T. ) ;
#5681 = SURFACE_STYLE_USAGE ( .BOTH. , #11149 ) ;
#5682 =( NAMED_UNIT ( * ) PLANE_ANGLE_UNIT ( ) SI_UNIT ( $, .RADIAN. ) );
#5683 = CARTESIAN_POINT ( 'NONE',  ( -0.1031402085636232285, 0.9810000000000003162, 0.2207074561072388530 ) ) ;
#5684 = FACE_OUTER_BOUND ( 'NONE', #2661, .T. ) ;
#5685 = ORIENTED_EDGE ( 'NONE', *, *, #2513, .F. ) ;
#5686 = FACE_OUTER_BOUND ( 'NONE', #10536, .T. ) ;
#5687 = CARTESIAN_POINT ( 'NONE',  ( -0.1611535511646564611, 0.9810000000000003162, 0.2014499185688049254 ) ) ;
#5688 = CARTESIAN_POINT ( 'NONE',  ( -0.08333582197976331651, 0.9800000000000004263, 0.3146624333022755016 ) ) ;
#5689 = CARTESIAN_POINT ( 'NONE',  ( 0.1614073093588321850, 0.9800000000000004263, 0.2207690926835037259 ) ) ;
#5690 = ORIENTED_EDGE ( 'NONE', *, *, #10940, .F. ) ;
#5691 = VECTOR ( 'NONE', #2092, 1000.000000000000000 ) ;
#5692 = ORIENTED_EDGE ( 'NONE', *, *, #1733, .T. ) ;
#5693 = DIRECTION ( 'NONE',  ( -0.9999748501857348426, 0.0000000000000000000, -0.007092178509963169980 ) ) ;
#5694 = CARTESIAN_POINT ( 'NONE',  ( -0.1181541937166796646, 0.9810000000000003162, 0.2228365073095896487 ) ) ;
#5695 = EDGE_CURVE ( 'NONE', #1278, #68, #11656, .T. ) ;
#5696 = CARTESIAN_POINT ( 'NONE',  ( -0.1426696490753340540, 0.9810000000000003162, 0.2213629048678036060 ) ) ;
#5697 = LINE ( 'NONE', #3106, #11765 ) ;
#5698 = MECHANICAL_DESIGN_GEOMETRIC_PRESENTATION_REPRESENTATION (  '', ( #2778 ), #7619 ) ;
#5699 = CARTESIAN_POINT ( 'NONE',  ( -0.1181075522258395460, 0.9810000000000003162, 0.2162602038860722276 ) ) ;
#5700 =( GEOMETRIC_REPRESENTATION_CONTEXT ( 3 ) GLOBAL_UNCERTAINTY_ASSIGNED_CONTEXT ( ( #8526 ) ) GLOBAL_UNIT_ASSIGNED_CONTEXT ( ( #11110, #8541, #7508 ) ) REPRESENTATION_CONTEXT ( 'NONE', 'WORKASPACE' ) );
#5701 = STYLED_ITEM ( 'NONE', ( #9135 ), #9635 ) ;
#5702 = ORIENTED_EDGE ( 'NONE', *, *, #5237, .T. ) ;
#5703 = B_SPLINE_CURVE_WITH_KNOTS ( 'NONE', 3,
 ( #7791, #7055, #1387, #5078 ),
 .UNSPECIFIED., .F., .F.,
 ( 4, 4 ),
 ( 6.000000000000000000, 7.000000000000000000 ),
 .UNSPECIFIED. ) ;
#5704 = CARTESIAN_POINT ( 'NONE',  ( 0.2699999999999994071, 0.9800000000000004263, 0.01999999999999999695 ) ) ;
#5705 = CARTESIAN_POINT ( 'NONE',  ( -0.1636733368827423263, 0.9810000000000003162, 0.2213699068282206084 ) ) ;
#5706 = ORIENTED_EDGE ( 'NONE', *, *, #3624, .F. ) ;
#5707 = MECHANICAL_DESIGN_GEOMETRIC_PRESENTATION_REPRESENTATION (  '', ( #3962 ), #6481 ) ;
#5708 = ORIENTED_EDGE ( 'NONE', *, *, #7406, .T. ) ;
#5709 = PRESENTATION_LAYER_ASSIGNMENT (  '', '', ( #6086 ) ) ;
#5710 = FILL_AREA_STYLE_COLOUR ( '', #692 ) ;
#5711 = B_SPLINE_SURFACE_WITH_KNOTS ( 'NONE', 3, 1, ( 
 ( #2098, #8916 ),
 ( #515, #581 ),
 ( #2336, #4326 ),
 ( #7898, #3305 ) ),
 .UNSPECIFIED., .F., .F., .F.,
 ( 4, 4 ),
 ( 2, 2 ),
 ( 20.00000000000000000, 21.00000000000000000 ),
 ( 0.0000000000000000000, 1.000000000000000000 ),
 .UNSPECIFIED. ) ;
#5712 = AXIS2_PLACEMENT_3D ( 'NONE', #6941, #6040, #2345 ) ;
#5713 =( NAMED_UNIT ( * ) PLANE_ANGLE_UNIT ( ) SI_UNIT ( $, .RADIAN. ) );
#5714 = SURFACE_STYLE_FILL_AREA ( #7386 ) ;
#5715 = FILL_AREA_STYLE_COLOUR ( '', #6602 ) ;
#5716 = EDGE_CURVE ( 'NONE', #1007, #3563, #7102, .T. ) ;
#5717 =( NAMED_UNIT ( * ) SI_UNIT ( $, .STERADIAN. ) SOLID_ANGLE_UNIT ( ) );
#5718 = ORIENTED_EDGE ( 'NONE', *, *, #11508, .F. ) ;
#5719 = ORIENTED_EDGE ( 'NONE', *, *, #11872, .T. ) ;
#5720 = STYLED_ITEM ( 'NONE', ( #8505 ), #1660 ) ;
#5721 = SURFACE_STYLE_FILL_AREA ( #6758 ) ;
#5722 = PRESENTATION_LAYER_ASSIGNMENT (  '', '', ( #4948 ) ) ;
#5723 = STYLED_ITEM ( 'NONE', ( #4885 ), #9036 ) ;
#5724 = ORIENTED_EDGE ( 'NONE', *, *, #1095, .F. ) ;
#5725 = CARTESIAN_POINT ( 'NONE',  ( -0.1495073765154116274, 0.9800000000000004263, 0.3241490534604413720 ) ) ;
#5726 = PRESENTATION_STYLE_ASSIGNMENT (( #2803 ) ) ;
#5727 = VERTEX_POINT ( 'NONE', #8073 ) ;
#5728 = CARTESIAN_POINT ( 'NONE',  ( -0.1249032359946249532, 0.9800000000000004263, 0.2434803436203266669 ) ) ;
#5729 = VECTOR ( 'NONE', #1218, 1000.000000000000114 ) ;
#5730 = LINE ( 'NONE', #8205, #5915 ) ;
#5731 = COLOUR_RGB ( '',0.2235294117647058654, 0.2235294117647058654, 0.2235294117647058654 ) ;
#5732 = CARTESIAN_POINT ( 'NONE',  ( -0.2810581327235270876, 0.9810000000000003162, 0.2277378766252798892 ) ) ;
#5733 = FILL_AREA_STYLE ('',( #2751 ) ) ;
#5734 = ADVANCED_FACE ( 'NONE', ( #4199 ), #11830, .F. ) ;
#5735 = LINE ( 'NONE', #11067, #10145 ) ;
#5736 = CARTESIAN_POINT ( 'NONE',  ( -0.2915304852540109848, 0.9810000000000003162, 0.2565696000177977720 ) ) ;
#5737 =( LENGTH_UNIT ( ) NAMED_UNIT ( * ) SI_UNIT ( .MILLI., .METRE. ) );
#5738 = DIRECTION ( 'NONE',  ( -0.0000000000000000000, 1.000000000000000000, -0.0000000000000000000 ) ) ;
#5739 = MECHANICAL_DESIGN_GEOMETRIC_PRESENTATION_REPRESENTATION (  '', ( #10916 ), #3995 ) ;
#5740 = VECTOR ( 'NONE', #11780, 1000.000000000000000 ) ;
#5741 = DIRECTION ( 'NONE',  ( -0.9319625762846395212, 0.0000000000000000000, -0.3625544874979447774 ) ) ;
#5742 = CARTESIAN_POINT ( 'NONE',  ( -0.1906467391812632917, 0.9810000000000003162, 0.3062329384880760896 ) ) ;
#5743 = ORIENTED_EDGE ( 'NONE', *, *, #2027, .T. ) ;
#5744 =( NAMED_UNIT ( * ) SI_UNIT ( $, .STERADIAN. ) SOLID_ANGLE_UNIT ( ) );
#5745 = PRESENTATION_STYLE_ASSIGNMENT (( #227 ) ) ;
#5746 = DIRECTION ( 'NONE',  ( -0.007092178509962038073, -0.0000000000000000000, 0.9999748501857348426 ) ) ;
#5747 = CARTESIAN_POINT ( 'NONE',  ( -0.2278327320775205556, 0.9800000000000004263, 0.3356550372596888154 ) ) ;
#5748 = PRESENTATION_STYLE_ASSIGNMENT (( #10447 ) ) ;
#5749 = VECTOR ( 'NONE', #6422, 1000.000000000000000 ) ;
#5750 = ORIENTED_EDGE ( 'NONE', *, *, #9745, .T. ) ;
#5751 = FILL_AREA_STYLE_COLOUR ( '', #5997 ) ;
#5752 = B_SPLINE_CURVE_WITH_KNOTS ( 'NONE', 3,
 ( #8819, #6955, #3323, #8044 ),
 .UNSPECIFIED., .F., .F.,
 ( 4, 4 ),
 ( 4.000000000000000000, 5.000000000000000000 ),
 .UNSPECIFIED. ) ;
#5753 = EDGE_CURVE ( 'NONE', #9198, #6980, #6311, .T. ) ;
#5754 = LINE ( 'NONE', #2904, #9955 ) ;
#5755 = CARTESIAN_POINT ( 'NONE',  ( -0.2142054138241698269, 0.9810000000000003162, 0.2651503489356676901 ) ) ;
#5756 = CARTESIAN_POINT ( 'NONE',  ( -0.04721149546124459029, 0.9810000000000003162, 0.2663347294017247013 ) ) ;
#5757 = ORIENTED_EDGE ( 'NONE', *, *, #8046, .F. ) ;
#5758 = VERTEX_POINT ( 'NONE', #1763 ) ;
#5759 = FILL_AREA_STYLE ('',( #2065 ) ) ;
#5760 = FILL_AREA_STYLE ('',( #5040 ) ) ;
#5761 = VECTOR ( 'NONE', #3136, 1000.000000000000000 ) ;
#5762 =( NAMED_UNIT ( * ) PLANE_ANGLE_UNIT ( ) SI_UNIT ( $, .RADIAN. ) );
#5763 =( NAMED_UNIT ( * ) SI_UNIT ( $, .STERADIAN. ) SOLID_ANGLE_UNIT ( ) );
#5764 = PRESENTATION_LAYER_ASSIGNMENT (  '', '', ( #6337 ) ) ;
#5765 = CARTESIAN_POINT ( 'NONE',  ( -0.2391694832240683077, 0.9810000000000003162, 0.2591245094712030239 ) ) ;
#5766 = STYLED_ITEM ( 'NONE', ( #8523 ), #316 ) ;
#5767 = VERTEX_POINT ( 'NONE', #6489 ) ;
#5768 = DIRECTION ( 'NONE',  ( 0.0000000000000000000, 0.0000000000000000000, -1.000000000000000000 ) ) ;
#5769 = EDGE_CURVE ( 'NONE', #9034, #9585, #10412, .T. ) ;
#5770 = SURFACE_SIDE_STYLE ('',( #312 ) ) ;
#5771 = EDGE_LOOP ( 'NONE', ( #6749, #7215, #1694, #6539 ) ) ;
#5772 = LINE ( 'NONE', #9439, #9013 ) ;
#5773 = FACE_OUTER_BOUND ( 'NONE', #3045, .T. ) ;
#5774 = UNCERTAINTY_MEASURE_WITH_UNIT (LENGTH_MEASURE( 1.000000000000000082E-05 ), #6271, 'distance_accuracy_value', 'NONE');
#5775 = STYLED_ITEM ( 'NONE', ( #9259 ), #6201 ) ;
#5776 = VECTOR ( 'NONE', #1803, 1000.000000000000000 ) ;
#5777 = ORIENTED_EDGE ( 'NONE', *, *, #10616, .T. ) ;
#5778 = CARTESIAN_POINT ( 'NONE',  ( -0.1519441059519627546, 0.9800000000000004263, 0.3012045326352056351 ) ) ;
#5779 = CARTESIAN_POINT ( 'NONE',  ( -0.2200798139609348725, 0.9810000000000003162, 0.3145764125664764488 ) ) ;
#5780 = DIRECTION ( 'NONE',  ( -0.0000000000000000000, -1.000000000000000000, -0.0000000000000000000 ) ) ;
#5781 =( NAMED_UNIT ( * ) SI_UNIT ( $, .STERADIAN. ) SOLID_ANGLE_UNIT ( ) );
#5782 = CARTESIAN_POINT ( 'NONE',  ( -0.1200913414005839730, 0.9810000000000003162, 0.2357420853957250817 ) ) ;
#5783 = DIRECTION ( 'NONE',  ( 0.9999748501857348426, 0.0000000000000000000, 0.007092178509964201273 ) ) ;
#5784 = EDGE_LOOP ( 'NONE', ( #7302, #1328, #7443, #9916 ) ) ;
#5785 = EDGE_LOOP ( 'NONE', ( #4788, #6073, #4372, #8973 ) ) ;
#5786 = VECTOR ( 'NONE', #1127, 1000.000000000000000 ) ;
#5787 = MECHANICAL_DESIGN_GEOMETRIC_PRESENTATION_REPRESENTATION (  '', ( #1531 ), #9621 ) ;
#5788 = COLOUR_RGB ( '',0.2235294117647058654, 0.2235294117647058654, 0.2235294117647058654 ) ;
#5789 = CARTESIAN_POINT ( 'NONE',  ( -0.08033717660658878934, 0.9810000000000003162, 0.2217270052029412519 ) ) ;
#5790 =( NAMED_UNIT ( * ) SI_UNIT ( $, .STERADIAN. ) SOLID_ANGLE_UNIT ( ) );
#5791 = ORIENTED_EDGE ( 'NONE', *, *, #3526, .F. ) ;
#5792 = FILL_AREA_STYLE ('',( #453 ) ) ;
#5793 = STYLED_ITEM ( 'NONE', ( #897 ), #2911 ) ;
#5794 = AXIS2_PLACEMENT_3D ( 'NONE', #1792, #4524, #8219 ) ;
#5795 = CARTESIAN_POINT ( 'NONE',  ( -0.2450518885332119978, 0.9810000000000003162, 0.2198829300390642283 ) ) ;
#5796 = ORIENTED_EDGE ( 'NONE', *, *, #6448, .F. ) ;
#5797 = ADVANCED_FACE ( 'NONE', ( #10043 ), #8208, .F. ) ;
#5799 = MECHANICAL_DESIGN_GEOMETRIC_PRESENTATION_REPRESENTATION (  '', ( #7132 ), #11554 ) ;
#5798 =( NAMED_UNIT ( * ) PLANE_ANGLE_UNIT ( ) SI_UNIT ( $, .RADIAN. ) );
#5800 = MECHANICAL_DESIGN_GEOMETRIC_PRESENTATION_REPRESENTATION (  '', ( #1344 ), #3457 ) ;
#5801 = CARTESIAN_POINT ( 'NONE',  ( -0.1255615486199370967, 0.9800000000000004263, 0.2446714263089694308 ) ) ;
#5802 = DIRECTION ( 'NONE',  ( 1.000000000000000000, 0.0000000000000000000, 0.0000000000000000000 ) ) ;
#5803 = LINE ( 'NONE', #5669, #11216 ) ;
#5804 = VECTOR ( 'NONE', #11587, 1000.000000000000000 ) ;
#5805 = VECTOR ( 'NONE', #6628, 1000.000000000000000 ) ;
#5806 =( NAMED_UNIT ( * ) PLANE_ANGLE_UNIT ( ) SI_UNIT ( $, .RADIAN. ) );
#5807 = CARTESIAN_POINT ( 'NONE',  ( -0.1426696490753340540, 0.9810000000000003162, 0.2213629048678036060 ) ) ;
#5808 = CARTESIAN_POINT ( 'NONE',  ( 0.008049363051064835003, 0.9810000000000003162, 0.2319726427754881526 ) ) ;
#5809 = DIRECTION ( 'NONE',  ( 0.0000000000000000000, -0.0000000000000000000, 1.000000000000000000 ) ) ;
#5810 = AXIS2_PLACEMENT_3D ( 'NONE', #7731, #9402, #1140 ) ;
#5811 = VECTOR ( 'NONE', #5551, 1000.000000000000000 ) ;
#5812 = SURFACE_STYLE_FILL_AREA ( #1322 ) ;
#5813 = SURFACE_STYLE_USAGE ( .BOTH. , #5621 ) ;
#5814 = FACE_OUTER_BOUND ( 'NONE', #3483, .T. ) ;
#5815 = ADVANCED_FACE ( 'NONE', ( #917 ), #4341, .F. ) ;
#5816 = COLOUR_RGB ( '',0.2235294117647058654, 0.2235294117647058654, 0.2235294117647058654 ) ;
#5817 = CARTESIAN_POINT ( 'NONE',  ( -0.1279438937094599937, 0.9800000000000004263, 0.2140588837051433935 ) ) ;
#5818 = CARTESIAN_POINT ( 'NONE',  ( 0.1964433901000034455, 0.9810000000000003162, 0.3269388128004312999 ) ) ;
#5819 = PLANE ( 'NONE',  #3210 ) ;
#5820 = ORIENTED_EDGE ( 'NONE', *, *, #1068, .T. ) ;
#5821 = MANIFOLD_SOLID_BREP ( 'м╧л╗-ю╜иЛ2', #8240 ) ;
#5822 = LINE ( 'NONE', #11506, #3564 ) ;
#5823 =( NAMED_UNIT ( * ) SI_UNIT ( $, .STERADIAN. ) SOLID_ANGLE_UNIT ( ) );
#5824 = VERTEX_POINT ( 'NONE', #6618 ) ;
#5825 = ADVANCED_FACE ( 'NONE', ( #10346 ), #2510, .F. ) ;
#5826 = FACE_OUTER_BOUND ( 'NONE', #4986, .T. ) ;
#5827 = B_SPLINE_SURFACE_WITH_KNOTS ( 'NONE', 3, 1, ( 
 ( #9311, #2989 ),
 ( #9503, #4017 ),
 ( #11308, #2083 ),
 ( #5782, #6019 ) ),
 .UNSPECIFIED., .F., .F., .F.,
 ( 4, 4 ),
 ( 2, 2 ),
 ( 5.000000000000000000, 6.000000000000000000 ),
 ( 0.0000000000000000000, 1.000000000000000000 ),
 .UNSPECIFIED. ) ;
#5828 = LINE ( 'NONE', #4724, #9786 ) ;
#5829 = CARTESIAN_POINT ( 'NONE',  ( -0.1325413023246454214, 0.9800000000000004263, 0.2520303848801613289 ) ) ;
#5830 = ORIENTED_EDGE ( 'NONE', *, *, #9333, .F. ) ;
#5831 = ORIENTED_EDGE ( 'NONE', *, *, #3205, .T. ) ;
#5832 = LINE ( 'NONE', #4854, #11537 ) ;
#5833 = CARTESIAN_POINT ( 'NONE',  ( -0.1412863814060778545, 0.9810000000000003162, 0.2187472607275964542 ) ) ;
#5834 = MECHANICAL_DESIGN_GEOMETRIC_PRESENTATION_REPRESENTATION (  '', ( #8137 ), #7745 ) ;
#5835 = MECHANICAL_DESIGN_GEOMETRIC_PRESENTATION_REPRESENTATION (  '', ( #2337 ), #1571 ) ;
#5836 = EDGE_CURVE ( 'NONE', #5905, #3882, #1676, .T. ) ;
#5837 = LINE ( 'NONE', #7567, #198 ) ;
#5838 = SURFACE_STYLE_USAGE ( .BOTH. , #10404 ) ;
#5839 = ORIENTED_EDGE ( 'NONE', *, *, #6986, .F. ) ;
#5840 = FACE_OUTER_BOUND ( 'NONE', #9147, .T. ) ;
#5841 = DIRECTION ( 'NONE',  ( -0.0000000000000000000, -1.000000000000000000, -0.0000000000000000000 ) ) ;
#5842 =( LENGTH_UNIT ( ) NAMED_UNIT ( * ) SI_UNIT ( .MILLI., .METRE. ) );
#5843 = ORIENTED_EDGE ( 'NONE', *, *, #7837, .F. ) ;
#5844 = CARTESIAN_POINT ( 'NONE',  ( -0.2688206351089372226, 0.9810000000000003162, 0.2139175574339311214 ) ) ;
#5845 = STYLED_ITEM ( 'NONE', ( #11775 ), #11604 ) ;
#5846 = EDGE_CURVE ( 'NONE', #9688, #9116, #4345, .T. ) ;
#5847 = CARTESIAN_POINT ( 'NONE',  ( -0.5799999999999994049, -1.000000000000000444, 0.5500000000000000444 ) ) ;
#5848 = PRESENTATION_STYLE_ASSIGNMENT (( #259 ) ) ;
#5849 = LINE ( 'NONE', #9626, #414 ) ;
#5850 = FACE_OUTER_BOUND ( 'NONE', #9484, .T. ) ;
#5851 = VERTEX_POINT ( 'NONE', #10016 ) ;
#5852 = VERTEX_POINT ( 'NONE', #8040 ) ;
#5853 =( NAMED_UNIT ( * ) PLANE_ANGLE_UNIT ( ) SI_UNIT ( $, .RADIAN. ) );
#5854 = ORIENTED_EDGE ( 'NONE', *, *, #6118, .T. ) ;
#5855 = PLANE ( 'NONE',  #1667 ) ;
#5856 = ORIENTED_EDGE ( 'NONE', *, *, #9126, .T. ) ;
#5857 = FILL_AREA_STYLE_COLOUR ( '', #5015 ) ;
#5858 = SURFACE_STYLE_USAGE ( .BOTH. , #2940 ) ;
#5859 = EDGE_CURVE ( 'NONE', #10877, #835, #1572, .T. ) ;
#5860 = FACE_OUTER_BOUND ( 'NONE', #1113, .T. ) ;
#5861 = FILL_AREA_STYLE_COLOUR ( '', #675 ) ;
#5862 =( NAMED_UNIT ( * ) PLANE_ANGLE_UNIT ( ) SI_UNIT ( $, .RADIAN. ) );
#5863 = PLANE ( 'NONE',  #9080 ) ;
#5864 = CARTESIAN_POINT ( 'NONE',  ( -0.09300910346929261441, 0.9810000000000003162, 0.2949679026787432323 ) ) ;
#5865 = SURFACE_SIDE_STYLE ('',( #346 ) ) ;
#5866 = DIRECTION ( 'NONE',  ( 0.3492990578015331971, -0.0000000000000000000, 0.9370112956730890508 ) ) ;
#5867 = DIRECTION ( 'NONE',  ( -0.9999748501857348426, 0.0000000000000000000, -0.007092178509965329711 ) ) ;
#5868 = SURFACE_STYLE_FILL_AREA ( #7849 ) ;
#5869 = FACE_OUTER_BOUND ( 'NONE', #7370, .T. ) ;
#5870 = ORIENTED_EDGE ( 'NONE', *, *, #8134, .F. ) ;
#5871 = CARTESIAN_POINT ( 'NONE',  ( 0.2022323288433300892, 0.9810000000000003162, 0.2752845485394986857 ) ) ;
#5872 = CARTESIAN_POINT ( 'NONE',  ( -0.04721149546124459029, 0.9810000000000003162, 0.2663347294017247013 ) ) ;
#5873 = EDGE_CURVE ( 'NONE', #5046, #11561, #7236, .T. ) ;
#5874 = ORIENTED_EDGE ( 'NONE', *, *, #7259, .T. ) ;
#5875 = CARTESIAN_POINT ( 'NONE',  ( 0.01684555845657268944, 0.9810000000000003162, 0.2660165733965533796 ) ) ;
#5876 = FILL_AREA_STYLE_COLOUR ( '', #4758 ) ;
#5877 = EDGE_LOOP ( 'NONE', ( #4629, #929, #1161, #6570 ) ) ;
#5878 = ORIENTED_EDGE ( 'NONE', *, *, #3742, .T. ) ;
#5879 = UNCERTAINTY_MEASURE_WITH_UNIT (LENGTH_MEASURE( 1.000000000000000082E-05 ), #5615, 'distance_accuracy_value', 'NONE');
#5880 = CARTESIAN_POINT ( 'NONE',  ( -0.08342466306684383215, 0.9810000000000003162, 0.2172340361602148329 ) ) ;
#5881 = CARTESIAN_POINT ( 'NONE',  ( -0.08863871572542110500, 0.9810000000000003162, 0.2212002248946726146 ) ) ;
#5882 = EDGE_CURVE ( 'NONE', #5411, #10860, #7218, .T. ) ;
#5883 =( NAMED_UNIT ( * ) SI_UNIT ( $, .STERADIAN. ) SOLID_ANGLE_UNIT ( ) );
#5884 = SURFACE_SIDE_STYLE ('',( #3040 ) ) ;
#5885 = CARTESIAN_POINT ( 'NONE',  ( -0.1361614634804074742, 0.9800000000000004263, 0.2255162103063040047 ) ) ;
#5886 = EDGE_CURVE ( 'NONE', #3238, #8249, #4468, .T. ) ;
#5887 = VERTEX_POINT ( 'NONE', #11802 ) ;
#5888 = PLANE ( 'NONE',  #11549 ) ;
#5889 = CARTESIAN_POINT ( 'NONE',  ( 0.06285189649190150996, 0.9800000000000004263, 0.3545502998984561560 ) ) ;
#5890 = PRESENTATION_STYLE_ASSIGNMENT (( #2976 ) ) ;
#5891 = EDGE_LOOP ( 'NONE', ( #10286, #9565, #11303, #11552 ) ) ;
#5892 = DIRECTION ( 'NONE',  ( 0.007092178509961338979, 0.0000000000000000000, -0.9999748501857348426 ) ) ;
#5893 = LINE ( 'NONE', #3115, #8053 ) ;
#5894 = CARTESIAN_POINT ( 'NONE',  ( 0.2101081641215258311, 0.9800000000000004263, 0.2352132453259013212 ) ) ;
#5895 = CARTESIAN_POINT ( 'NONE',  ( -0.1181075522258395322, 0.9800000000000004263, 0.2162602038860722276 ) ) ;
#5896 = COLOUR_RGB ( '',0.2235294117647058654, 0.2235294117647058654, 0.2235294117647058654 ) ;
#5897 = STYLED_ITEM ( 'NONE', ( #4684 ), #3797 ) ;
#5898 = CARTESIAN_POINT ( 'NONE',  ( -0.1027234132343150808, 0.9810000000000003162, 0.3415333207181004971 ) ) ;
#5899 =( NAMED_UNIT ( * ) PLANE_ANGLE_UNIT ( ) SI_UNIT ( $, .RADIAN. ) );
#5900 = DIRECTION ( 'NONE',  ( -0.007092178509964201273, 0.0000000000000000000, 0.9999748501857348426 ) ) ;
#5901 = ORIENTED_EDGE ( 'NONE', *, *, #7802, .F. ) ;
#5902 = ORIENTED_EDGE ( 'NONE', *, *, #1818, .T. ) ;
#5903 = CARTESIAN_POINT ( 'NONE',  ( -0.08682324149588735440, 0.9810000000000003162, 0.2254502209576159932 ) ) ;
#5904 = CARTESIAN_POINT ( 'NONE',  ( -0.2286897739503590821, 0.9800000000000004263, 0.3392102192413882777 ) ) ;
#5905 = VERTEX_POINT ( 'NONE', #5437 ) ;
#5906 = CARTESIAN_POINT ( 'NONE',  ( -0.09472170136162934295, 0.9800000000000004263, 0.2322307825001209691 ) ) ;
#5907 = EDGE_CURVE ( 'NONE', #2449, #5516, #5219, .T. ) ;
#5908 = AXIS2_PLACEMENT_3D ( 'NONE', #201, #1117, #2265 ) ;
#5909 = MECHANICAL_DESIGN_GEOMETRIC_PRESENTATION_REPRESENTATION (  '', ( #9350 ), #8216 ) ;
#5910 = EDGE_LOOP ( 'NONE', ( #10608, #3993, #671, #9347 ) ) ;
#5911 = DIRECTION ( 'NONE',  ( 0.0000000000000000000, 0.0000000000000000000, -1.000000000000000000 ) ) ;
#5912 = CARTESIAN_POINT ( 'NONE',  ( -0.2922182014269800177, 0.9800000000000004263, 0.2564087548794397042 ) ) ;
#5913 = VECTOR ( 'NONE', #7735, 1000.000000000000114 ) ;
#5914 = DIRECTION ( 'NONE',  ( 0.9999748501857348426, -0.0000000000000000000, 0.007092178509970680465 ) ) ;
#5915 = VECTOR ( 'NONE', #11848, 1000.000000000000000 ) ;
#5916 = B_SPLINE_SURFACE_WITH_KNOTS ( 'NONE', 3, 1, ( 
 ( #4859, #6800 ),
 ( #5946, #3931 ),
 ( #7627, #5885 ),
 ( #2069, #3041 ) ),
 .UNSPECIFIED., .F., .F., .F.,
 ( 4, 4 ),
 ( 2, 2 ),
 ( 2.000000000000000000, 3.000000000000000000 ),
 ( 0.0000000000000000000, 1.000000000000000000 ),
 .UNSPECIFIED. ) ;
#5917 = PRESENTATION_LAYER_ASSIGNMENT (  '', '', ( #295 ) ) ;
#5918 = CARTESIAN_POINT ( 'NONE',  ( -0.2324659000926243002, 0.9810000000000003162, 0.3456820880238622440 ) ) ;
#5919 = ORIENTED_EDGE ( 'NONE', *, *, #4809, .F. ) ;
#5920 = LINE ( 'NONE', #9465, #6776 ) ;
#5921 = EDGE_CURVE ( 'NONE', #7164, #4922, #4123, .T. ) ;
#5922 = PRESENTATION_LAYER_ASSIGNMENT (  '', '', ( #5336 ) ) ;
#5923 = CARTESIAN_POINT ( 'NONE',  ( 0.1207950444543391399, 0.9800000000000004263, 0.3401395120339173461 ) ) ;
#5924 = CARTESIAN_POINT ( 'NONE',  ( -0.2141639342374535293, 0.9810000000000003162, 0.2593018577486319587 ) ) ;
#5925 = VECTOR ( 'NONE', #390, 1000.000000000000114 ) ;
#5926 = FILL_AREA_STYLE_COLOUR ( '', #2792 ) ;
#5927 = FACE_OUTER_BOUND ( 'NONE', #1217, .T. ) ;
#5928 = CARTESIAN_POINT ( 'NONE',  ( 0.04919997201009356641, 0.9810000000000003162, 0.3425237802703828272 ) ) ;
#5929 = CARTESIAN_POINT ( 'NONE',  ( 0.1473528750121374797, 0.9810000000000003162, 0.2145238108256276310 ) ) ;
#5930 = ORIENTED_EDGE ( 'NONE', *, *, #3172, .T. ) ;
#5931 = DIRECTION ( 'NONE',  ( 0.0000000000000000000, 1.000000000000000000, 0.0000000000000000000 ) ) ;
#5932 = VECTOR ( 'NONE', #7797, 1000.000000000000000 ) ;
#5933 = CARTESIAN_POINT ( 'NONE',  ( -0.1325413023246454214, 0.9800000000000004263, 0.2520303848801613289 ) ) ;
#5934 =( LENGTH_UNIT ( ) NAMED_UNIT ( * ) SI_UNIT ( .MILLI., .METRE. ) );
#5935 =( NAMED_UNIT ( * ) PLANE_ANGLE_UNIT ( ) SI_UNIT ( $, .RADIAN. ) );
#5936 = CARTESIAN_POINT ( 'NONE',  ( -0.1253425404631771933, 0.9800000000000004263, 0.2394480646579064953 ) ) ;
#5937 = LINE ( 'NONE', #10623, #726 ) ;
#5938 = ORIENTED_EDGE ( 'NONE', *, *, #11438, .T. ) ;
#5939 = ORIENTED_EDGE ( 'NONE', *, *, #5278, .F. ) ;
#5940 = VECTOR ( 'NONE', #8450, 1000.000000000000000 ) ;
#5941 = CARTESIAN_POINT ( 'NONE',  ( -0.1906467391812632917, 0.9810000000000003162, 0.3062329384880760896 ) ) ;
#5942 = CARTESIAN_POINT ( 'NONE',  ( 0.1631429411473474811, 0.9800000000000004263, 0.3328482334779345742 ) ) ;
#5943 = EDGE_CURVE ( 'NONE', #4200, #74, #3436, .T. ) ;
#5944 = DIRECTION ( 'NONE',  ( -0.007092178509962600123, 0.0000000000000000000, 0.9999748501857348426 ) ) ;
#5945 =( LENGTH_UNIT ( ) NAMED_UNIT ( * ) SI_UNIT ( .MILLI., .METRE. ) );
#5946 = CARTESIAN_POINT ( 'NONE',  ( -0.1356237158666682430, 0.9810000000000003162, 0.2266637866773915377 ) ) ;
#5947 = VERTEX_POINT ( 'NONE', #783 ) ;
#5948 = SURFACE_SIDE_STYLE ('',( #7758 ) ) ;
#5949 = PRESENTATION_LAYER_ASSIGNMENT (  '', '', ( #10737 ) ) ;
#5950 = UNCERTAINTY_MEASURE_WITH_UNIT (LENGTH_MEASURE( 1.000000000000000082E-05 ), #9665, 'distance_accuracy_value', 'NONE');
#5951 =( LENGTH_UNIT ( ) NAMED_UNIT ( * ) SI_UNIT ( .MILLI., .METRE. ) );
#5952 = CARTESIAN_POINT ( 'NONE',  ( -0.2919442581832067951, 0.9800000000000004263, 0.2581003468908734111 ) ) ;
#5953 = EDGE_LOOP ( 'NONE', ( #8227, #2729, #2935, #5637 ) ) ;
#5954 = B_SPLINE_CURVE_WITH_KNOTS ( 'NONE', 3,
 ( #5302, #2742, #6326, #818 ),
 .UNSPECIFIED., .F., .F.,
 ( 4, 4 ),
 ( 2.000000000000000000, 3.000000000000000000 ),
 .UNSPECIFIED. ) ;
#5955 = ORIENTED_EDGE ( 'NONE', *, *, #3638, .T. ) ;
#5956 = EDGE_CURVE ( 'NONE', #11364, #10364, #2256, .T. ) ;
#5957 = SURFACE_STYLE_FILL_AREA ( #1357 ) ;
#5958 = FACE_OUTER_BOUND ( 'NONE', #461, .T. ) ;
#5959 = VECTOR ( 'NONE', #6165, 1000.000000000000000 ) ;
#5960 = CARTESIAN_POINT ( 'NONE',  ( -0.08826680385442121912, 0.9810000000000003162, 0.3062052100787246989 ) ) ;
#5961 =( LENGTH_UNIT ( ) NAMED_UNIT ( * ) SI_UNIT ( .MILLI., .METRE. ) );
#5962 = LINE ( 'NONE', #203, #6030 ) ;
#5963 = SURFACE_SIDE_STYLE ('',( #2268 ) ) ;
#5964 = ORIENTED_EDGE ( 'NONE', *, *, #5179, .F. ) ;
#5965 = VERTEX_POINT ( 'NONE', #5952 ) ;
#5966 = ADVANCED_FACE ( 'NONE', ( #1740 ), #9051, .T. ) ;
#5967 = CARTESIAN_POINT ( 'NONE',  ( 0.04058066527125686607, 0.9810000000000003162, 0.3345095185789770387 ) ) ;
#5968 = EDGE_LOOP ( 'NONE', ( #6543, #4810, #4392, #5666, #4264, #5820, #5446, #10240, #748, #8188, #5425, #7834, #8183, #9743 ) ) ;
#5969 = ORIENTED_EDGE ( 'NONE', *, *, #11816, .F. ) ;
#5970 = ORIENTED_EDGE ( 'NONE', *, *, #10754, .T. ) ;
#5971 = CARTESIAN_POINT ( 'NONE',  ( -0.1268544847074608295, 0.9810000000000003162, 0.2455460728015328442 ) ) ;
#5972 =( LENGTH_UNIT ( ) NAMED_UNIT ( * ) SI_UNIT ( .MILLI., .METRE. ) );
#5973 = PRESENTATION_LAYER_ASSIGNMENT (  '', '', ( #5775 ) ) ;
#5974 =( GEOMETRIC_REPRESENTATION_CONTEXT ( 3 ) GLOBAL_UNCERTAINTY_ASSIGNED_CONTEXT ( ( #11162 ) ) GLOBAL_UNIT_ASSIGNED_CONTEXT ( ( #10137, #8346, #3790 ) ) REPRESENTATION_CONTEXT ( 'NONE', 'WORKASPACE' ) );
#5975 = STYLED_ITEM ( 'NONE', ( #3996 ), #8552 ) ;
#5976 = EDGE_CURVE ( 'NONE', #7329, #872, #9521, .T. ) ;
#5977 = FACE_OUTER_BOUND ( 'NONE', #7178, .T. ) ;
#5978 = DIRECTION ( 'NONE',  ( 0.0000000000000000000, -1.000000000000000000, 0.0000000000000000000 ) ) ;
#5979 = STYLED_ITEM ( 'NONE', ( #8652 ), #2736 ) ;
#5980 = ORIENTED_EDGE ( 'NONE', *, *, #1859, .T. ) ;
#5981 = B_SPLINE_CURVE_WITH_KNOTS ( 'NONE', 3,
 ( #9933, #1659, #9874, #3479 ),
 .UNSPECIFIED., .F., .F.,
 ( 4, 4 ),
 ( 4.000000000000000000, 5.000000000000000000 ),
 .UNSPECIFIED. ) ;
#5982 = CARTESIAN_POINT ( 'NONE',  ( 0.1813122104065303664, 0.9810000000000003162, 0.2176567344499826251 ) ) ;
#5983 = LINE ( 'NONE', #9650, #3619 ) ;
#5984 = CARTESIAN_POINT ( 'NONE',  ( 0.2020913198551982648, 0.9800000000000004263, 0.2951663720982054540 ) ) ;
#5985 = CARTESIAN_POINT ( 'NONE',  ( -0.1279438937094599937, 0.9800000000000004263, 0.2140588837051433935 ) ) ;
#5986 = CARTESIAN_POINT ( 'NONE',  ( -0.08036022082143226553, 0.9810000000000003162, 0.2249761669736695668 ) ) ;
#5987 = VECTOR ( 'NONE', #8330, 1000.000000000000000 ) ;
#5988 = VERTEX_POINT ( 'NONE', #10516 ) ;
#5989 = MECHANICAL_DESIGN_GEOMETRIC_PRESENTATION_REPRESENTATION (  '', ( #11158 ), #1347 ) ;
#5990 = CARTESIAN_POINT ( 'NONE',  ( -0.2179596082558399317, 0.9800000000000004263, 0.3088466428534814567 ) ) ;
#5991 = DIRECTION ( 'NONE',  ( 0.0000000000000000000, 0.0000000000000000000, 1.000000000000000000 ) ) ;
#5992 = EDGE_CURVE ( 'NONE', #2051, #8127, #2535, .T. ) ;
#5993 = FILL_AREA_STYLE ('',( #7615 ) ) ;
#5994 = FACE_OUTER_BOUND ( 'NONE', #7313, .T. ) ;
#5995 = FILL_AREA_STYLE_COLOUR ( '', #5341 ) ;
#5996 = SURFACE_STYLE_FILL_AREA ( #8579 ) ;
#5997 = COLOUR_RGB ( '',0.2235294117647058654, 0.2235294117647058654, 0.2235294117647058654 ) ;
#5998 = CARTESIAN_POINT ( 'NONE',  ( -0.1245580496112889679, 0.9800000000000004263, 0.2956019681485554385 ) ) ;
#5999 = CARTESIAN_POINT ( 'NONE',  ( -0.1683899403307217713, 0.9810000000000003162, 0.3402877522229448837 ) ) ;
#6000 = ORIENTED_EDGE ( 'NONE', *, *, #7469, .F. ) ;
#6001 = VERTEX_POINT ( 'NONE', #8721 ) ;
#6002 = UNCERTAINTY_MEASURE_WITH_UNIT (LENGTH_MEASURE( 1.000000000000000082E-05 ), #5951, 'distance_accuracy_value', 'NONE');
#6003 = LINE ( 'NONE', #11631, #1151 ) ;
#6004 = COLOUR_RGB ( '',0.2235294117647058654, 0.2235294117647058654, 0.2235294117647058654 ) ;
#6005 = PLANE ( 'NONE',  #8140 ) ;
#6006 =( GEOMETRIC_REPRESENTATION_CONTEXT ( 3 ) GLOBAL_UNCERTAINTY_ASSIGNED_CONTEXT ( ( #4723 ) ) GLOBAL_UNIT_ASSIGNED_CONTEXT ( ( #8654, #375, #11230 ) ) REPRESENTATION_CONTEXT ( 'NONE', 'WORKASPACE' ) );
#6007 = ORIENTED_EDGE ( 'NONE', *, *, #5308, .F. ) ;
#6008 = FILL_AREA_STYLE_COLOUR ( '', #10804 ) ;
#6009 = ADVANCED_FACE ( 'NONE', ( #6162 ), #10787, .F. ) ;
#6010 = LINE ( 'NONE', #8831, #8620 ) ;
#6011 = VERTEX_POINT ( 'NONE', #10261 ) ;
#6012 = ORIENTED_EDGE ( 'NONE', *, *, #4166, .T. ) ;
#6013 = UNCERTAINTY_MEASURE_WITH_UNIT (LENGTH_MEASURE( 1.000000000000000082E-05 ), #4434, 'distance_accuracy_value', 'NONE');
#6014 =( GEOMETRIC_REPRESENTATION_CONTEXT ( 3 ) GLOBAL_UNCERTAINTY_ASSIGNED_CONTEXT ( ( #8650 ) ) GLOBAL_UNIT_ASSIGNED_CONTEXT ( ( #8747, #5182, #697 ) ) REPRESENTATION_CONTEXT ( 'NONE', 'WORKASPACE' ) );
#6015 = VECTOR ( 'NONE', #7451, 999.9999999999998863 ) ;
#6016 = B_SPLINE_SURFACE_WITH_KNOTS ( 'NONE', 3, 1, ( 
 ( #5443, #5495 ),
 ( #9114, #9967 ),
 ( #1686, #792 ),
 ( #6468, #4478 ) ),
 .UNSPECIFIED., .F., .F., .F.,
 ( 4, 4 ),
 ( 2, 2 ),
 ( 1.000000000000000000, 2.000000000000000000 ),
 ( 0.0000000000000000000, 1.000000000000000000 ),
 .UNSPECIFIED. ) ;
#6017 = LINE ( 'NONE', #7948, #10511 ) ;
#6018 = DIRECTION ( 'NONE',  ( -0.007092178509969762797, 0.0000000000000000000, 0.9999748501857347316 ) ) ;
#6019 = CARTESIAN_POINT ( 'NONE',  ( -0.1200913414005839730, 0.9800000000000004263, 0.2357420853957250817 ) ) ;
#6020 = SURFACE_SIDE_STYLE ('',( #2438 ) ) ;
#6021 = EDGE_LOOP ( 'NONE', ( #3921, #9023, #2017, #7278 ) ) ;
#6022 = ORIENTED_EDGE ( 'NONE', *, *, #700, .T. ) ;
#6023 = COLOUR_RGB ( '',0.2235294117647058654, 0.2235294117647058654, 0.2235294117647058654 ) ;
#6024 = EDGE_CURVE ( 'NONE', #3865, #10041, #8211, .T. ) ;
#6025 = DIRECTION ( 'NONE',  ( -0.0000000000000000000, -1.000000000000000000, -0.0000000000000000000 ) ) ;
#6026 = ORIENTED_EDGE ( 'NONE', *, *, #1670, .F. ) ;
#6027 = ORIENTED_EDGE ( 'NONE', *, *, #9396, .F. ) ;
#6028 = EDGE_LOOP ( 'NONE', ( #402, #10347, #9629, #6432 ) ) ;
#6029 = CARTESIAN_POINT ( 'NONE',  ( -0.2030867450043408462, 0.9800000000000004263, 0.3211176000878182557 ) ) ;
#6030 = VECTOR ( 'NONE', #3051, 1000.000000000000114 ) ;
#6031 = EDGE_CURVE ( 'NONE', #2243, #9000, #11919, .T. ) ;
#6032 = FILL_AREA_STYLE_COLOUR ( '', #5521 ) ;
#6033 = PLANE ( 'NONE',  #10999 ) ;
#6034 = CARTESIAN_POINT ( 'NONE',  ( -0.08342431176475927079, 0.9800000000000004263, 0.3271392145014476172 ) ) ;
#6035 = EDGE_CURVE ( 'NONE', #5074, #2677, #9368, .T. ) ;
#6036 = CARTESIAN_POINT ( 'NONE',  ( -0.2296132727278713537, 0.9810000000000003162, 0.3356424090299545693 ) ) ;
#6037 = ORIENTED_EDGE ( 'NONE', *, *, #2425, .F. ) ;
#6038 = AXIS2_PLACEMENT_3D ( 'NONE', #7529, #1014, #4706 ) ;
#6039 = CARTESIAN_POINT ( 'NONE',  ( -0.2537452636489530011, 0.9800000000000004263, 0.2251241722602221051 ) ) ;
#6040 = DIRECTION ( 'NONE',  ( 0.007092178509964699139, 0.0000000000000000000, -0.9999748501857348426 ) ) ;
#6041 = LINE ( 'NONE', #6882, #1075 ) ;
#6042 = CARTESIAN_POINT ( 'NONE',  ( -0.07903605505406992304, 0.9810000000000003162, 0.3351506802959132725 ) ) ;
#6043 = CARTESIAN_POINT ( 'NONE',  ( 0.06285189649190150996, 0.9810000000000003162, 0.3545502998984561560 ) ) ;
#6044 = SURFACE_STYLE_FILL_AREA ( #8575 ) ;
#6045 =( LENGTH_UNIT ( ) NAMED_UNIT ( * ) SI_UNIT ( .MILLI., .METRE. ) );
#6046 = ORIENTED_EDGE ( 'NONE', *, *, #9493, .F. ) ;
#6047 = FILL_AREA_STYLE_COLOUR ( '', #7156 ) ;
#6048 = DIRECTION ( 'NONE',  ( -0.0000000000000000000, -1.000000000000000000, -0.0000000000000000000 ) ) ;
#6049 = AXIS2_PLACEMENT_3D ( 'NONE', #3652, #2741, #10109 ) ;
#6050 = SURFACE_SIDE_STYLE ('',( #7137 ) ) ;
#6051 = VERTEX_POINT ( 'NONE', #3605 ) ;
#6052 = EDGE_CURVE ( 'NONE', #11340, #8442, #2701, .T. ) ;
#6053 = ORIENTED_EDGE ( 'NONE', *, *, #11614, .F. ) ;
#6054 = SURFACE_SIDE_STYLE ('',( #6960 ) ) ;
#6055 =( NAMED_UNIT ( * ) SI_UNIT ( $, .STERADIAN. ) SOLID_ANGLE_UNIT ( ) );
#6056 = FILL_AREA_STYLE ('',( #2363 ) ) ;
#6057 = EDGE_LOOP ( 'NONE', ( #8281, #6037, #6790, #4089 ) ) ;
#6058 = CARTESIAN_POINT ( 'NONE',  ( -0.1255615486199370967, 0.9810000000000003162, 0.2446714263089694308 ) ) ;
#6059 = UNCERTAINTY_MEASURE_WITH_UNIT (LENGTH_MEASURE( 1.000000000000000082E-05 ), #2876, 'distance_accuracy_value', 'NONE');
#6060 = EDGE_LOOP ( 'NONE', ( #11725, #6286, #6268, #724 ) ) ;
#6061 = CARTESIAN_POINT ( 'NONE',  ( -0.1880171699530121532, 0.9800000000000004263, 0.2653360853072996850 ) ) ;
#6062 = EDGE_LOOP ( 'NONE', ( #3058, #5292, #3472, #4008 ) ) ;
#6063 = ADVANCED_FACE ( 'NONE', ( #956 ), #3857, .F. ) ;
#6064 = DIRECTION ( 'NONE',  ( -0.007092178509962867271, 0.0000000000000000000, 0.9999748501857348426 ) ) ;
#6065 = CARTESIAN_POINT ( 'NONE',  ( -0.1238896801354045646, 0.9800000000000004263, 0.2325178102166123029 ) ) ;
#6066 = CARTESIAN_POINT ( 'NONE',  ( -0.08403495647966546800, 0.9810000000000003162, 0.2428083957821410011 ) ) ;
#6067 = CARTESIAN_POINT ( 'NONE',  ( -0.1027004626466781617, 0.9810000000000003162, 0.3474602526721866647 ) ) ;
#6068 = LINE ( 'NONE', #9741, #6944 ) ;
#6069 = VERTEX_POINT ( 'NONE', #9330 ) ;
#6070 = ORIENTED_EDGE ( 'NONE', *, *, #8261, .T. ) ;
#6071 = CARTESIAN_POINT ( 'NONE',  ( -0.08741998171941695039, 0.9810000000000003162, 0.2289552598882352019 ) ) ;
#6072 = CARTESIAN_POINT ( 'NONE',  ( -0.1311624672671914960, 0.9810000000000003162, 0.3013519234333387753 ) ) ;
#6073 = ORIENTED_EDGE ( 'NONE', *, *, #2081, .T. ) ;
#6074 =( GEOMETRIC_REPRESENTATION_CONTEXT ( 3 ) GLOBAL_UNCERTAINTY_ASSIGNED_CONTEXT ( ( #4306 ) ) GLOBAL_UNIT_ASSIGNED_CONTEXT ( ( #3337, #9972, #10859 ) ) REPRESENTATION_CONTEXT ( 'NONE', 'WORKASPACE' ) );
#6075 = ORIENTED_EDGE ( 'NONE', *, *, #7798, .T. ) ;
#6076 = ORIENTED_EDGE ( 'NONE', *, *, #2332, .F. ) ;
#6077 = COLOUR_RGB ( '',0.2235294117647058654, 0.2235294117647058654, 0.2235294117647058654 ) ;
#6078 = CARTESIAN_POINT ( 'NONE',  ( -0.1955466647065569052, 0.9800000000000004263, 0.3392113305852193506 ) ) ;
#6079 = EDGE_CURVE ( 'NONE', #743, #1756, #1722, .T. ) ;
#6080 = CARTESIAN_POINT ( 'NONE',  ( -0.1411336527627564397, 0.9810000000000003162, 0.2503577795607858647 ) ) ;
#6081 = FILL_AREA_STYLE ('',( #6032 ) ) ;
#6082 = LINE ( 'NONE', #9032, #8611 ) ;
#6083 = FACE_OUTER_BOUND ( 'NONE', #6841, .T. ) ;
#6084 = AXIS2_PLACEMENT_3D ( 'NONE', #1696, #4487, #11645 ) ;
#6085 = CARTESIAN_POINT ( 'NONE',  ( -0.1181541937166796646, 0.9810000000000003162, 0.2228365073095896487 ) ) ;
#6086 = STYLED_ITEM ( 'NONE', ( #3087 ), #9999 ) ;
#6087 = CARTESIAN_POINT ( 'NONE',  ( 0.09802132204498795187, 0.9810000000000003162, 0.3399779926670717933 ) ) ;
#6088 = ORIENTED_EDGE ( 'NONE', *, *, #5590, .F. ) ;
#6089 =( NAMED_UNIT ( * ) PLANE_ANGLE_UNIT ( ) SI_UNIT ( $, .RADIAN. ) );
#6090 = FILL_AREA_STYLE ('',( #9823 ) ) ;
#6091 =( GEOMETRIC_REPRESENTATION_CONTEXT ( 3 ) GLOBAL_UNCERTAINTY_ASSIGNED_CONTEXT ( ( #11876 ) ) GLOBAL_UNIT_ASSIGNED_CONTEXT ( ( #9886, #708, #1446 ) ) REPRESENTATION_CONTEXT ( 'NONE', 'WORKASPACE' ) );
#6092 = EDGE_CURVE ( 'NONE', #4922, #8610, #7536, .T. ) ;
#6093 = ADVANCED_FACE ( 'NONE', ( #7405 ), #10030, .F. ) ;
#6094 = PRESENTATION_LAYER_ASSIGNMENT (  '', '', ( #4167 ) ) ;
#6095 = SURFACE_STYLE_USAGE ( .BOTH. , #2402 ) ;
#6096 = CARTESIAN_POINT ( 'NONE',  ( -0.08288195124660147073, 0.9810000000000003162, 0.3019802867017373771 ) ) ;
#6097 = CARTESIAN_POINT ( 'NONE',  ( -0.1188938987987478435, 0.9800000000000004263, 0.2373362487876347904 ) ) ;
#6098 = CARTESIAN_POINT ( 'NONE',  ( -0.1763723712847932723, 0.9800000000000004263, 0.3460799233489056936 ) ) ;
#6099 = B_SPLINE_CURVE_WITH_KNOTS ( 'NONE', 3,
 ( #8936, #6231, #10676, #722 ),
 .UNSPECIFIED., .F., .F.,
 ( 4, 4 ),
 ( 2.000000000000000000, 3.000000000000000000 ),
 .UNSPECIFIED. ) ;
#6100 = CARTESIAN_POINT ( 'NONE',  ( -0.2394708957524849247, 0.9800000000000004263, 0.2649711571210510153 ) ) ;
#6101 = PRESENTATION_STYLE_ASSIGNMENT (( #2409 ) ) ;
#6102 = CARTESIAN_POINT ( 'NONE',  ( -0.1573411102404881079, 0.9810000000000003162, 0.2081835649905804664 ) ) ;
#6103 = AXIS2_PLACEMENT_3D ( 'NONE', #10947, #5598, #2682 ) ;
#6104 = VECTOR ( 'NONE', #9757, 1000.000000000000000 ) ;
#6105 = FILL_AREA_STYLE ('',( #11451 ) ) ;
#6106 = B_SPLINE_SURFACE_WITH_KNOTS ( 'NONE', 3, 1, ( 
 ( #8687, #2026 ),
 ( #3063, #5728 ),
 ( #2165, #5801 ),
 ( #5971, #8557 ) ),
 .UNSPECIFIED., .F., .F., .F.,
 ( 4, 4 ),
 ( 2, 2 ),
 ( 12.00000000000000000, 13.00000000000000000 ),
 ( 0.0000000000000000000, 1.000000000000000000 ),
 .UNSPECIFIED. ) ;
#6107 = CARTESIAN_POINT ( 'NONE',  ( 0.1471452137234624813, 0.9800000000000004263, 0.1928320125314076650 ) ) ;
#6108 = ORIENTED_EDGE ( 'NONE', *, *, #7549, .F. ) ;
#6109 = EDGE_LOOP ( 'NONE', ( #10953, #5624, #9790, #5380 ) ) ;
#6110 = UNCERTAINTY_MEASURE_WITH_UNIT (LENGTH_MEASURE( 1.000000000000000082E-05 ), #11512, 'distance_accuracy_value', 'NONE');
#6111 = PRESENTATION_STYLE_ASSIGNMENT (( #6169 ) ) ;
#6112 = CARTESIAN_POINT ( 'NONE',  ( -0.1286046035131483412, 0.9800000000000004263, 0.2192531180488545839 ) ) ;
#6113 = EDGE_CURVE ( 'NONE', #3980, #5469, #5920, .T. ) ;
#6114 = CARTESIAN_POINT ( 'NONE',  ( 0.07283256726140327486, 0.9800000000000004263, 0.2215869318461886062 ) ) ;
#6115 = PRESENTATION_LAYER_ASSIGNMENT (  '', '', ( #3988 ) ) ;
#6116 = SURFACE_STYLE_FILL_AREA ( #6056 ) ;
#6117 = VECTOR ( 'NONE', #6594, 1000.000000000000000 ) ;
#6118 = EDGE_CURVE ( 'NONE', #3955, #362, #730, .T. ) ;
#6119 = ORIENTED_EDGE ( 'NONE', *, *, #8222, .T. ) ;
#6120 = DIRECTION ( 'NONE',  ( 0.9999748501857348426, -0.0000000000000000000, 0.007092178509963502180 ) ) ;
#6121 =( LENGTH_UNIT ( ) NAMED_UNIT ( * ) SI_UNIT ( .MILLI., .METRE. ) );
#6122 = CARTESIAN_POINT ( 'NONE',  ( -0.1106395623544660783, 0.9810000000000003162, 0.2958306560356189219 ) ) ;
#6123 = EDGE_LOOP ( 'NONE', ( #7876, #6150, #11827, #4349 ) ) ;
#6124 = UNCERTAINTY_MEASURE_WITH_UNIT (LENGTH_MEASURE( 1.000000000000000082E-05 ), #2699, 'distance_accuracy_value', 'NONE');
#6125 = CARTESIAN_POINT ( 'NONE',  ( -0.1183484094890636107, 0.9800000000000004263, 0.2447225844659209337 ) ) ;
#6126 = CARTESIAN_POINT ( 'NONE',  ( -0.2246060417348193505, 0.9810000000000003162, 0.2142311431095073326 ) ) ;
#6127 = LINE ( 'NONE', #10818, #7070 ) ;
#6128 = CARTESIAN_POINT ( 'NONE',  ( 0.01695067425750637624, 0.9810000000000003162, 0.2511955762737171360 ) ) ;
#6129 = STYLED_ITEM ( 'NONE', ( #10575 ), #7293 ) ;
#6130 = LINE ( 'NONE', #741, #1195 ) ;
#6131 =( NAMED_UNIT ( * ) SI_UNIT ( $, .STERADIAN. ) SOLID_ANGLE_UNIT ( ) );
#6132 = EDGE_CURVE ( 'NONE', #1242, #8391, #1553, .T. ) ;
#6133 = VERTEX_POINT ( 'NONE', #11437 ) ;
#6134 = ORIENTED_EDGE ( 'NONE', *, *, #7620, .F. ) ;
#6135 = CARTESIAN_POINT ( 'NONE',  ( -0.2031402075827740128, 0.9810000000000003162, 0.3286556553953842719 ) ) ;
#6136 = CARTESIAN_POINT ( 'NONE',  ( 0.04919997201009356641, 0.9810000000000003162, 0.3425237802703828272 ) ) ;
#6137 = VERTEX_POINT ( 'NONE', #9522 ) ;
#6138 = CARTESIAN_POINT ( 'NONE',  ( -0.08827812681370542092, 0.9810000000000003162, 0.2143402074799433954 ) ) ;
#6139 = EDGE_LOOP ( 'NONE', ( #123, #7502, #170, #5874 ) ) ;
#6140 = AXIS2_PLACEMENT_3D ( 'NONE', #6593, #5741, #11270 ) ;
#6141 = ORIENTED_EDGE ( 'NONE', *, *, #2855, .F. ) ;
#6142 = PRESENTATION_LAYER_ASSIGNMENT (  '', '', ( #11124 ) ) ;
#6143 = FILL_AREA_STYLE ('',( #8962 ) ) ;
#6144 =( LENGTH_UNIT ( ) NAMED_UNIT ( * ) SI_UNIT ( .MILLI., .METRE. ) );
#6145 = CARTESIAN_POINT ( 'NONE',  ( -0.1512356340308023683, 0.9810000000000003162, 0.1976470643281151851 ) ) ;
#6146 =( NAMED_UNIT ( * ) SI_UNIT ( $, .STERADIAN. ) SOLID_ANGLE_UNIT ( ) );
#6147 =( GEOMETRIC_REPRESENTATION_CONTEXT ( 3 ) GLOBAL_UNCERTAINTY_ASSIGNED_CONTEXT ( ( #6633 ) ) GLOBAL_UNIT_ASSIGNED_CONTEXT ( ( #8441, #5665, #5606 ) ) REPRESENTATION_CONTEXT ( 'NONE', 'WORKASPACE' ) );
#6148 = CARTESIAN_POINT ( 'NONE',  ( -0.1094687452308125558, 0.9800000000000004263, 0.2150477379066758343 ) ) ;
#6149 = CARTESIAN_POINT ( 'NONE',  ( -0.07423695592823374712, 0.9810000000000003162, 0.2210944105017747796 ) ) ;
#6150 = ORIENTED_EDGE ( 'NONE', *, *, #11825, .T. ) ;
#6151 = EDGE_CURVE ( 'NONE', #6388, #1453, #8566, .T. ) ;
#6153 = VECTOR ( 'NONE', #5517, 1000.000000000000000 ) ;
#6152 = SURFACE_STYLE_USAGE ( .BOTH. , #7848 ) ;
#6154 = PRESENTATION_LAYER_ASSIGNMENT (  '', '', ( #9831 ) ) ;
#6155 = MECHANICAL_DESIGN_GEOMETRIC_PRESENTATION_REPRESENTATION (  '', ( #11347 ), #10762 ) ;
#6156 = CARTESIAN_POINT ( 'NONE',  ( -0.05345531724329093126, 0.9800000000000004263, 0.2212418012999091965 ) ) ;
#6157 = CARTESIAN_POINT ( 'NONE',  ( -0.07856088943584205175, 0.9800000000000004263, 0.3066379723109163291 ) ) ;
#6158 = SURFACE_STYLE_USAGE ( .BOTH. , #8104 ) ;
#6159 = CARTESIAN_POINT ( 'NONE',  ( -0.1962292172351242647, 0.9810000000000003162, 0.3273269567171492311 ) ) ;
#6160 = ADVANCED_FACE ( 'NONE', ( #411 ), #4168, .F. ) ;
#6161 = COLOUR_RGB ( '',0.2235294117647058654, 0.2235294117647058654, 0.2235294117647058654 ) ;
#6162 = FACE_OUTER_BOUND ( 'NONE', #8372, .T. ) ;
#6163 = EDGE_CURVE ( 'NONE', #10821, #8258, #1383, .T. ) ;
#6164 = PRESENTATION_STYLE_ASSIGNMENT (( #425 ) ) ;
#6165 = DIRECTION ( 'NONE',  ( -0.0000000000000000000, -1.000000000000000000, -0.0000000000000000000 ) ) ;
#6166 = CARTESIAN_POINT ( 'NONE',  ( 0.01684555845657268944, 0.9810000000000003162, 0.2660165733965533796 ) ) ;
#6167 = PRESENTATION_LAYER_ASSIGNMENT (  '', '', ( #1910 ) ) ;
#6168 = ORIENTED_EDGE ( 'NONE', *, *, #6779, .F. ) ;
#6169 = SURFACE_STYLE_USAGE ( .BOTH. , #11580 ) ;
#6170 = CARTESIAN_POINT ( 'NONE',  ( -0.1312837720141229736, 0.9810000000000003162, 0.3184555109937997064 ) ) ;
#6171 = CARTESIAN_POINT ( 'NONE',  ( -0.1181075522258395460, 0.9810000000000003162, 0.2162602038860722276 ) ) ;
#6172 = EDGE_CURVE ( 'NONE', #11122, #5033, #3074, .T. ) ;
#6173 = CARTESIAN_POINT ( 'NONE',  ( 0.1417074885652207239, 0.9810000000000003162, 0.3478794537793541419 ) ) ;
#6174 = DIRECTION ( 'NONE',  ( 0.9999748501857348426, -0.0000000000000000000, 0.007092178509967559698 ) ) ;
#6175 = STYLED_ITEM ( 'NONE', ( #842 ), #4970 ) ;
#6176 = PRESENTATION_LAYER_ASSIGNMENT (  '', '', ( #9443 ) ) ;
#6177 = VERTEX_POINT ( 'NONE', #130 ) ;
#6178 = PLANE ( 'NONE',  #1548 ) ;
#6179 = DIRECTION ( 'NONE',  ( -0.9999748501857348426, 0.0000000000000000000, -0.007092178509964359133 ) ) ;
#6180 = B_SPLINE_SURFACE_WITH_KNOTS ( 'NONE', 3, 1, ( 
 ( #10758, #2384 ),
 ( #4374, #3469 ),
 ( #5967, #630 ),
 ( #6136, #2503 ) ),
 .UNSPECIFIED., .F., .F., .F.,
 ( 4, 4 ),
 ( 2, 2 ),
 ( 0.0000000000000000000, 1.000000000000000000 ),
 ( 0.0000000000000000000, 1.000000000000000000 ),
 .UNSPECIFIED. ) ;
#6181 = CARTESIAN_POINT ( 'NONE',  ( -0.1003002224825731981, 0.9810000000000003162, 0.2949161914606361345 ) ) ;
#6182 = SURFACE_STYLE_FILL_AREA ( #3285 ) ;
#6183 = ORIENTED_EDGE ( 'NONE', *, *, #5636, .F. ) ;
#6184 = CARTESIAN_POINT ( 'NONE',  ( -0.1146849368130240104, 0.9810000000000003162, 0.3384331115309418547 ) ) ;
#6185 = EDGE_CURVE ( 'NONE', #5767, #6860, #5075, .T. ) ;
#6186 = MECHANICAL_DESIGN_GEOMETRIC_PRESENTATION_REPRESENTATION (  '', ( #8495 ), #7922 ) ;
#6187 = SURFACE_STYLE_FILL_AREA ( #9623 ) ;
#6188 = CARTESIAN_POINT ( 'NONE',  ( -0.09156868904808851406, 0.9810000000000003162, 0.3026205315020250586 ) ) ;
#6189 = CARTESIAN_POINT ( 'NONE',  ( -0.1496107774851713479, 0.9810000000000003162, 0.2031174547407738062 ) ) ;
#6190 = CARTESIAN_POINT ( 'NONE',  ( 0.1813122104065303664, 0.9800000000000004263, 0.2176567344499826251 ) ) ;
#6191 =( NAMED_UNIT ( * ) PLANE_ANGLE_UNIT ( ) SI_UNIT ( $, .RADIAN. ) );
#6192 = ORIENTED_EDGE ( 'NONE', *, *, #10645, .T. ) ;
#6193 = ORIENTED_EDGE ( 'NONE', *, *, #7196, .T. ) ;
#6194 = FACE_OUTER_BOUND ( 'NONE', #8141, .T. ) ;
#6195 = CARTESIAN_POINT ( 'NONE',  ( -0.1952843293647865686, 0.9800000000000004263, 0.3022228729883505438 ) ) ;
#6196 =( GEOMETRIC_REPRESENTATION_CONTEXT ( 3 ) GLOBAL_UNCERTAINTY_ASSIGNED_CONTEXT ( ( #7689 ) ) GLOBAL_UNIT_ASSIGNED_CONTEXT ( ( #150, #3968, #4765 ) ) REPRESENTATION_CONTEXT ( 'NONE', 'WORKASPACE' ) );
#6197 = VERTEX_POINT ( 'NONE', #9194 ) ;
#6198 = VECTOR ( 'NONE', #481, 1000.000000000000000 ) ;
#6199 = VERTEX_POINT ( 'NONE', #2014 ) ;
#6200 = VERTEX_POINT ( 'NONE', #3826 ) ;
#6201 = ADVANCED_FACE ( 'NONE', ( #3705 ), #2339, .F. ) ;
#6202 = PRESENTATION_STYLE_ASSIGNMENT (( #8793 ) ) ;
#6203 = B_SPLINE_CURVE_WITH_KNOTS ( 'NONE', 3,
 ( #7881, #7161, #8001, #9980 ),
 .UNSPECIFIED., .F., .F.,
 ( 4, 4 ),
 ( 2.000000000000000000, 3.000000000000000000 ),
 .UNSPECIFIED. ) ;
#6204 = CARTESIAN_POINT ( 'NONE',  ( 0.1141344337110899720, 0.9810000000000003162, 0.3617826256724412382 ) ) ;
#6205 = MECHANICAL_DESIGN_GEOMETRIC_PRESENTATION_REPRESENTATION (  '', ( #4467 ), #7753 ) ;
#6206 = CARTESIAN_POINT ( 'NONE',  ( -0.1146849368130240104, 0.9810000000000003162, 0.3384331115309418547 ) ) ;
#6207 = VERTEX_POINT ( 'NONE', #10359 ) ;
#6208 = FILL_AREA_STYLE ('',( #10606 ) ) ;
#6209 = DIRECTION ( 'NONE',  ( -0.0000000000000000000, -1.000000000000000000, -0.0000000000000000000 ) ) ;
#6210 = VERTEX_POINT ( 'NONE', #3646 ) ;
#6211 = SURFACE_STYLE_FILL_AREA ( #4508 ) ;
#6212 = VECTOR ( 'NONE', #8905, 1000.000000000000000 ) ;
#6213 = ADVANCED_FACE ( 'NONE', ( #5597 ), #11114, .F. ) ;
#6214 = PRESENTATION_STYLE_ASSIGNMENT (( #3258 ) ) ;
#6215 = DIRECTION ( 'NONE',  ( 0.9999748501857348426, -0.0000000000000000000, 0.007092178509963643560 ) ) ;
#6216 = CARTESIAN_POINT ( 'NONE',  ( -0.2278327320775205833, 0.9810000000000003162, 0.3356550372596887599 ) ) ;
#6217 = FACE_OUTER_BOUND ( 'NONE', #4621, .T. ) ;
#6218 = DIRECTION ( 'NONE',  ( -0.0000000000000000000, -1.000000000000000000, -0.0000000000000000000 ) ) ;
#6219 = LINE ( 'NONE', #11747, #10909 ) ;
#6220 = VECTOR ( 'NONE', #7545, 1000.000000000000000 ) ;
#6221 = SURFACE_STYLE_USAGE ( .BOTH. , #1738 ) ;
#6222 = DIRECTION ( 'NONE',  ( -0.0000000000000000000, -1.000000000000000000, -0.0000000000000000000 ) ) ;
#6223 = CARTESIAN_POINT ( 'NONE',  ( 0.1813122104065303664, 0.9810000000000003162, 0.2176567344499826251 ) ) ;
#6224 = FACE_OUTER_BOUND ( 'NONE', #8540, .T. ) ;
#6225 =( NAMED_UNIT ( * ) PLANE_ANGLE_UNIT ( ) SI_UNIT ( $, .RADIAN. ) );
#6226 = VERTEX_POINT ( 'NONE', #11183 ) ;
#6227 = UNCERTAINTY_MEASURE_WITH_UNIT (LENGTH_MEASURE( 1.000000000000000082E-05 ), #10293, 'distance_accuracy_value', 'NONE');
#6228 = PLANE ( 'NONE',  #10402 ) ;
#6229 = LINE ( 'NONE', #720, #3642 ) ;
#6230 = UNCERTAINTY_MEASURE_WITH_UNIT (LENGTH_MEASURE( 1.000000000000000082E-05 ), #9365, 'distance_accuracy_value', 'NONE');
#6231 = CARTESIAN_POINT ( 'NONE',  ( -0.1819533640655223161, 0.9800000000000004263, 0.3009916962669175744 ) ) ;
#6232 = EDGE_CURVE ( 'NONE', #1654, #4503, #2988, .T. ) ;
#6233 = DIRECTION ( 'NONE',  ( 0.0000000000000000000, 0.0000000000000000000, -1.000000000000000000 ) ) ;
#6234 = CARTESIAN_POINT ( 'NONE',  ( 0.1471452137234624813, 0.9800000000000004263, 0.1928320125314076650 ) ) ;
#6235 = ORIENTED_EDGE ( 'NONE', *, *, #11757, .F. ) ;
#6236 = DIRECTION ( 'NONE',  ( 0.007092178509948729274, -0.0000000000000000000, -0.9999748501857349536 ) ) ;
#6237 = VECTOR ( 'NONE', #9936, 1000.000000000000000 ) ;
#6238 = CARTESIAN_POINT ( 'NONE',  ( -0.2917882984180479311, 0.9810000000000003162, 0.2581014530131870988 ) ) ;
#6239 = FACE_OUTER_BOUND ( 'NONE', #1108, .T. ) ;
#6240 = FACE_OUTER_BOUND ( 'NONE', #6563, .T. ) ;
#6241 = VERTEX_POINT ( 'NONE', #17 ) ;
#6242 = UNCERTAINTY_MEASURE_WITH_UNIT (LENGTH_MEASURE( 1.000000000000000082E-05 ), #5737, 'distance_accuracy_value', 'NONE');
#6243 = SURFACE_STYLE_USAGE ( .BOTH. , #672 ) ;
#6244 = B_SPLINE_CURVE_WITH_KNOTS ( 'NONE', 3,
 ( #7083, #9848, #10742, #5271 ),
 .UNSPECIFIED., .F., .F.,
 ( 4, 4 ),
 ( 34.00000000000000000, 35.00000000000000000 ),
 .UNSPECIFIED. ) ;
#6245 = CARTESIAN_POINT ( 'NONE',  ( -0.2532414347988080627, 0.9810000000000003162, 0.2163935594339158885 ) ) ;
#6246 = CARTESIAN_POINT ( 'NONE',  ( -0.2281505509264918907, 0.9800000000000004263, 0.3364846104284340833 ) ) ;
#6247 = ADVANCED_FACE ( 'NONE', ( #6430, #5586 ), #9077, .T. ) ;
#6248 = ADVANCED_FACE ( 'NONE', ( #8245 ), #3698, .T. ) ;
#6249 =( NAMED_UNIT ( * ) SI_UNIT ( $, .STERADIAN. ) SOLID_ANGLE_UNIT ( ) );
#6250 = FACE_OUTER_BOUND ( 'NONE', #9141, .T. ) ;
#6251 =( NAMED_UNIT ( * ) SI_UNIT ( $, .STERADIAN. ) SOLID_ANGLE_UNIT ( ) );
#6252 = CARTESIAN_POINT ( 'NONE',  ( -0.08288195124660147073, 0.9800000000000004263, 0.3019802867017373771 ) ) ;
#6253 = EDGE_LOOP ( 'NONE', ( #143, #9093, #8378, #2567, #7108, #6763, #10829 ) ) ;
#6254 = ORIENTED_EDGE ( 'NONE', *, *, #6035, .T. ) ;
#6255 =( LENGTH_UNIT ( ) NAMED_UNIT ( * ) SI_UNIT ( .MILLI., .METRE. ) );
#6256 = ORIENTED_EDGE ( 'NONE', *, *, #8602, .F. ) ;
#6257 = CARTESIAN_POINT ( 'NONE',  ( -0.1810518865645341369, 0.9800000000000004263, 0.2508545032507597528 ) ) ;
#6258 = ORIENTED_EDGE ( 'NONE', *, *, #3317, .T. ) ;
#6259 = EDGE_LOOP ( 'NONE', ( #8423, #10600, #11219, #3354 ) ) ;
#6260 = CARTESIAN_POINT ( 'NONE',  ( -0.1681119349228590021, 0.9810000000000003162, 0.3010898646221462083 ) ) ;
#6261 = CARTESIAN_POINT ( 'NONE',  ( -0.1385436276972784042, 0.9810000000000003162, 0.2168691073937580316 ) ) ;
#6262 = SURFACE_STYLE_FILL_AREA ( #6081 ) ;
#6263 = CARTESIAN_POINT ( 'NONE',  ( -0.1512356340308023683, 0.9800000000000004263, 0.1976470643281151851 ) ) ;
#6264 = VERTEX_POINT ( 'NONE', #1762 ) ;
#6265 = CARTESIAN_POINT ( 'NONE',  ( -0.2760727641810146182, 0.9810000000000003162, 0.2138661227464017933 ) ) ;
#6266 = EDGE_CURVE ( 'NONE', #11186, #1485, #11105, .T. ) ;
#6267 = FILL_AREA_STYLE ('',( #8802 ) ) ;
#6268 = ORIENTED_EDGE ( 'NONE', *, *, #10496, .F. ) ;
#6269 = CARTESIAN_POINT ( 'NONE',  ( 0.1466298830622249916, 0.9810000000000003162, 0.2654910417758425401 ) ) ;
#6270 = DIRECTION ( 'NONE',  ( -0.9999748501857348426, -0.0000000000000000000, -0.007092178509963858665 ) ) ;
#6271 =( LENGTH_UNIT ( ) NAMED_UNIT ( * ) SI_UNIT ( .MILLI., .METRE. ) );
#6272 = CARTESIAN_POINT ( 'NONE',  ( -0.09628212657266393970, 0.9810000000000003162, 0.2195083551922446807 ) ) ;
#6273 = COLOUR_RGB ( '',0.2235294117647058654, 0.2235294117647058654, 0.2235294117647058654 ) ;
#6274 = VECTOR ( 'NONE', #5510, 1000.000000000000000 ) ;
#6275 = PRESENTATION_STYLE_ASSIGNMENT (( #2528 ) ) ;
#6276 = B_SPLINE_SURFACE_WITH_KNOTS ( 'NONE', 3, 1, ( 
 ( #2271, #8005 ),
 ( #6071, #11655 ),
 ( #9744, #7828 ),
 ( #5903, #2326 ) ),
 .UNSPECIFIED., .F., .F., .F.,
 ( 4, 4 ),
 ( 2, 2 ),
 ( 1.000000000000000000, 2.000000000000000000 ),
 ( 0.0000000000000000000, 1.000000000000000000 ),
 .UNSPECIFIED. ) ;
#6277 = DIRECTION ( 'NONE',  ( 0.007092178509962865536, 0.0000000000000000000, -0.9999748501857348426 ) ) ;
#6278 = DIRECTION ( 'NONE',  ( -0.007092178509949110914, 0.0000000000000000000, 0.9999748501857349536 ) ) ;
#6279 = CARTESIAN_POINT ( 'NONE',  ( 0.5800000000000001821, 0.9800000000000004263, 0.5300000000000001377 ) ) ;
#6280 = EDGE_CURVE ( 'NONE', #3122, #2577, #2322, .T. ) ;
#6281 = PRESENTATION_STYLE_ASSIGNMENT (( #7975 ) ) ;
#6282 = STYLED_ITEM ( 'NONE', ( #10254 ), #3162 ) ;
#6283 = CARTESIAN_POINT ( 'NONE',  ( -0.2249666376086776054, 0.9810000000000003162, 0.2650740264961071180 ) ) ;
#6284 = LINE ( 'NONE', #958, #6913 ) ;
#6285 = COLOUR_RGB ( '',0.2235294117647058654, 0.2235294117647058654, 0.2235294117647058654 ) ;
#6286 = ORIENTED_EDGE ( 'NONE', *, *, #3288, .F. ) ;
#6287 =( GEOMETRIC_REPRESENTATION_CONTEXT ( 3 ) GLOBAL_UNCERTAINTY_ASSIGNED_CONTEXT ( ( #5095 ) ) GLOBAL_UNIT_ASSIGNED_CONTEXT ( ( #463, #8030, #11564 ) ) REPRESENTATION_CONTEXT ( 'NONE', 'WORKASPACE' ) );
#6288 = CARTESIAN_POINT ( 'NONE',  ( -0.08040833714202309801, 0.9800000000000004263, 0.2317604167506185919 ) ) ;
#6289 = DIRECTION ( 'NONE',  ( 0.9999748501857348426, -0.0000000000000000000, 0.007092178509964358266 ) ) ;
#6290 = CARTESIAN_POINT ( 'NONE',  ( -0.2391694832240683077, 0.9800000000000004263, 0.2591245094712030239 ) ) ;
#6291 = VECTOR ( 'NONE', #10238, 1000.000000000000000 ) ;
#6292 = CARTESIAN_POINT ( 'NONE',  ( -0.2532414347988080627, 0.9810000000000003162, 0.2163935594339158885 ) ) ;
#6293 = VECTOR ( 'NONE', #8689, 1000.000000000000000 ) ;
#6294 = ORIENTED_EDGE ( 'NONE', *, *, #10721, .T. ) ;
#6295 = CARTESIAN_POINT ( 'NONE',  ( -0.1461948790893620176, 0.9800000000000004263, 0.2511017215875920860 ) ) ;
#6296 = MECHANICAL_DESIGN_GEOMETRIC_PRESENTATION_REPRESENTATION (  '', ( #5723 ), #9914 ) ;
#6297 = UNCERTAINTY_MEASURE_WITH_UNIT (LENGTH_MEASURE( 1.000000000000000082E-05 ), #10752, 'distance_accuracy_value', 'NONE');
#6298 = DIRECTION ( 'NONE',  ( 0.3475765303544178786, -0.0000000000000000000, -0.9376516173647782004 ) ) ;
#6299 = CARTESIAN_POINT ( 'NONE',  ( 0.1108810726264820301, 0.9810000000000003162, 0.2088425791007981480 ) ) ;
#6300 = EDGE_CURVE ( 'NONE', #7039, #1876, #9019, .T. ) ;
#6301 = VERTEX_POINT ( 'NONE', #3571 ) ;
#6302 = CARTESIAN_POINT ( 'NONE',  ( 0.1577257532260294970, 0.9810000000000003162, 0.3320868017686833262 ) ) ;
#6303 =( GEOMETRIC_REPRESENTATION_CONTEXT ( 3 ) GLOBAL_UNCERTAINTY_ASSIGNED_CONTEXT ( ( #9837 ) ) GLOBAL_UNIT_ASSIGNED_CONTEXT ( ( #8422, #192, #7571 ) ) REPRESENTATION_CONTEXT ( 'NONE', 'WORKASPACE' ) );
#6304 =( GEOMETRIC_REPRESENTATION_CONTEXT ( 3 ) GLOBAL_UNCERTAINTY_ASSIGNED_CONTEXT ( ( #728 ) ) GLOBAL_UNIT_ASSIGNED_CONTEXT ( ( #6144, #6991, #9756 ) ) REPRESENTATION_CONTEXT ( 'NONE', 'WORKASPACE' ) );
#6305 =( GEOMETRIC_REPRESENTATION_CONTEXT ( 3 ) GLOBAL_UNCERTAINTY_ASSIGNED_CONTEXT ( ( #3455 ) ) GLOBAL_UNIT_ASSIGNED_CONTEXT ( ( #4987, #10415, #2980 ) ) REPRESENTATION_CONTEXT ( 'NONE', 'WORKASPACE' ) );
#6306 = SURFACE_STYLE_USAGE ( .BOTH. , #9977 ) ;
#6307 = CARTESIAN_POINT ( 'NONE',  ( -0.09300910346929261441, 0.9800000000000004263, 0.2949679026787432323 ) ) ;
#6308 = SURFACE_SIDE_STYLE ('',( #10868 ) ) ;
#6309 = VERTEX_POINT ( 'NONE', #7266 ) ;
#6310 = COLOUR_RGB ( '',0.2235294117647058654, 0.2235294117647058654, 0.2235294117647058654 ) ;
#6311 = LINE ( 'NONE', #10167, #2886 ) ;
#6312 = VERTEX_POINT ( 'NONE', #10936 ) ;
#6313 = DIRECTION ( 'NONE',  ( -0.007092178509964671383, 0.0000000000000000000, 0.9999748501857348426 ) ) ;
#6314 = EDGE_CURVE ( 'NONE', #3940, #2831, #3895, .T. ) ;
#6315 = VERTEX_POINT ( 'NONE', #10042 ) ;
#6316 = EDGE_LOOP ( 'NONE', ( #1643, #6134, #4572, #2966 ) ) ;
#6317 = PLANE ( 'NONE',  #478 ) ;
#6318 = VECTOR ( 'NONE', #8179, 1000.000000000000000 ) ;
#6319 = DIRECTION ( 'NONE',  ( 0.0000000000000000000, 0.0000000000000000000, 1.000000000000000000 ) ) ;
#6320 = CARTESIAN_POINT ( 'NONE',  ( 0.09822897624322909915, 0.9810000000000003162, 0.3616698184917169212 ) ) ;
#6321 =( NAMED_UNIT ( * ) SI_UNIT ( $, .STERADIAN. ) SOLID_ANGLE_UNIT ( ) );
#6322 = EDGE_CURVE ( 'NONE', #251, #11662, #10285, .T. ) ;
#6323 = ORIENTED_EDGE ( 'NONE', *, *, #3464, .T. ) ;
#6324 = DIRECTION ( 'NONE',  ( 0.0000000000000000000, -1.000000000000000000, 0.0000000000000000000 ) ) ;
#6325 =( NAMED_UNIT ( * ) SI_UNIT ( $, .STERADIAN. ) SOLID_ANGLE_UNIT ( ) );
#6326 = CARTESIAN_POINT ( 'NONE',  ( -0.1840793830045865109, 0.9810000000000003162, 0.3460252624712996106 ) ) ;
#6327 = VERTEX_POINT ( 'NONE', #9435 ) ;
#6328 = VECTOR ( 'NONE', #1847, 1000.000000000000000 ) ;
#6329 = AXIS2_PLACEMENT_3D ( 'NONE', #9104, #6278, #830 ) ;
#6330 = CARTESIAN_POINT ( 'NONE',  ( -0.1942609917352297322, 0.9810000000000003162, 0.2202431572054830144 ) ) ;
#6331 = ORIENTED_EDGE ( 'NONE', *, *, #2872, .F. ) ;
#6332 = SURFACE_STYLE_USAGE ( .BOTH. , #3594 ) ;
#6333 = CARTESIAN_POINT ( 'NONE',  ( -0.1268544847074608295, 0.9800000000000004263, 0.2455460728015328442 ) ) ;
#6334 = EDGE_CURVE ( 'NONE', #5947, #1496, #8660, .T. ) ;
#6335 = FILL_AREA_STYLE ('',( #5191 ) ) ;
#6336 = SURFACE_STYLE_FILL_AREA ( #1837 ) ;
#6337 = STYLED_ITEM ( 'NONE', ( #4756 ), #8252 ) ;
#6338 = VECTOR ( 'NONE', #10971, 999.9999999999998863 ) ;
#6339 = LINE ( 'NONE', #1734, #11102 ) ;
#6340 = FILL_AREA_STYLE_COLOUR ( '', #10602 ) ;
#6341 = CARTESIAN_POINT ( 'NONE',  ( 0.5800000000000001821, 0.9800000000000004263, 0.5300000000000001377 ) ) ;
#6342 = CARTESIAN_POINT ( 'NONE',  ( -0.5999999999999994227, 0.9999999999999995559, 0.5500000000000000444 ) ) ;
#6343 = CARTESIAN_POINT ( 'NONE',  ( -0.5799999999999994049, 0.9800000000000004263, 0.01999999999999999695 ) ) ;
#6344 = MECHANICAL_DESIGN_GEOMETRIC_PRESENTATION_REPRESENTATION (  '', ( #1704 ), #3065 ) ;
#6345 =( NAMED_UNIT ( * ) PLANE_ANGLE_UNIT ( ) SI_UNIT ( $, .RADIAN. ) );
#6346 = LINE ( 'NONE', #7301, #6338 ) ;
#6347 = ORIENTED_EDGE ( 'NONE', *, *, #9927, .F. ) ;
#6348 = FILL_AREA_STYLE_COLOUR ( '', #91 ) ;
#6349 =( NAMED_UNIT ( * ) SI_UNIT ( $, .STERADIAN. ) SOLID_ANGLE_UNIT ( ) );
#6350 = EDGE_CURVE ( 'NONE', #8775, #4233, #4069, .T. ) ;
#6351 = CARTESIAN_POINT ( 'NONE',  ( -0.08403495647966546800, 0.9810000000000003162, 0.2428083957821410011 ) ) ;
#6352 = CARTESIAN_POINT ( 'NONE',  ( -0.08968388737709657998, 0.9810000000000003162, 0.2311227500013562364 ) ) ;
#6353 = VECTOR ( 'NONE', #7606, 1000.000000000000000 ) ;
#6354 = VECTOR ( 'NONE', #2708, 1000.000000000000000 ) ;
#6355 = PRESENTATION_STYLE_ASSIGNMENT (( #9343 ) ) ;
#6356 = STYLED_ITEM ( 'NONE', ( #3381 ), #8714 ) ;
#6357 = EDGE_LOOP ( 'NONE', ( #60, #804, #11426, #9691 ) ) ;
#6358 = PRESENTATION_LAYER_ASSIGNMENT (  '', '', ( #7902 ) ) ;
#6359 = VECTOR ( 'NONE', #4415, 1000.000000000000000 ) ;
#6360 = CARTESIAN_POINT ( 'NONE',  ( -0.08549066877845580559, 0.9800000000000004263, 0.2153217773887567965 ) ) ;
#6361 = EDGE_LOOP ( 'NONE', ( #11096, #5450, #5203, #9033 ) ) ;
#6362 = ORIENTED_EDGE ( 'NONE', *, *, #10888, .T. ) ;
#6363 = UNCERTAINTY_MEASURE_WITH_UNIT (LENGTH_MEASURE( 1.000000000000000082E-05 ), #1614, 'distance_accuracy_value', 'NONE');
#6364 = STYLED_ITEM ( 'NONE', ( #6983 ), #5617 ) ;
#6365 = CARTESIAN_POINT ( 'NONE',  ( -0.1212757873553534926, 0.9810000000000003162, 0.2341480141806742687 ) ) ;
#6366 = VECTOR ( 'NONE', #65, 1000.000000000000114 ) ;
#6367 = EDGE_CURVE ( 'NONE', #8913, #7039, #1946, .T. ) ;
#6368 = SURFACE_STYLE_USAGE ( .BOTH. , #11879 ) ;
#6369 = PRESENTATION_LAYER_ASSIGNMENT (  '', '', ( #1157 ) ) ;
#6370 = PRESENTATION_LAYER_ASSIGNMENT (  '', '', ( #6175 ) ) ;
#6371 = COLOUR_RGB ( '',0.2235294117647058654, 0.2235294117647058654, 0.2235294117647058654 ) ;
#6372 = DIRECTION ( 'NONE',  ( 0.9999748501857348426, -0.0000000000000000000, 0.007092178509961008515 ) ) ;
#6373 = EDGE_CURVE ( 'NONE', #6177, #4438, #1045, .T. ) ;
#6374 = VERTEX_POINT ( 'NONE', #311 ) ;
#6375 = COLOUR_RGB ( '',0.2235294117647058654, 0.2235294117647058654, 0.2235294117647058654 ) ;
#6376 = CARTESIAN_POINT ( 'NONE',  ( -0.1412863814060778545, 0.9800000000000004263, 0.2187472607275964542 ) ) ;
#6377 = CARTESIAN_POINT ( 'NONE',  ( 0.1577257532260294970, 0.9800000000000004263, 0.3320868017686833262 ) ) ;
#6378 = ORIENTED_EDGE ( 'NONE', *, *, #10337, .F. ) ;
#6379 = PLANE ( 'NONE',  #11696 ) ;
#6380 = AXIS2_PLACEMENT_3D ( 'NONE', #10967, #1783, #7358 ) ;
#6381 = ORIENTED_EDGE ( 'NONE', *, *, #8016, .T. ) ;
#6382 =( NAMED_UNIT ( * ) PLANE_ANGLE_UNIT ( ) SI_UNIT ( $, .RADIAN. ) );
#6383 = B_SPLINE_SURFACE_WITH_KNOTS ( 'NONE', 3, 1, ( 
 ( #8039, #1617 ),
 ( #6404, #1674 ),
 ( #9159, #11749 ),
 ( #11851, #9954 ) ),
 .UNSPECIFIED., .F., .F., .F.,
 ( 4, 4 ),
 ( 2, 2 ),
 ( 0.0000000000000000000, 1.000000000000000000 ),
 ( 0.0000000000000000000, 1.000000000000000000 ),
 .UNSPECIFIED. ) ;
#6384 = FILL_AREA_STYLE ('',( #2679 ) ) ;
#6385 = EDGE_CURVE ( 'NONE', #1849, #4091, #11235, .T. ) ;
#6386 = CARTESIAN_POINT ( 'NONE',  ( 0.1467067903565250908, 0.9810000000000003162, 0.3056187417824263175 ) ) ;
#6387 = VECTOR ( 'NONE', #7535, 1000.000000000000114 ) ;
#6388 = VERTEX_POINT ( 'NONE', #2198 ) ;
#6389 = CARTESIAN_POINT ( 'NONE',  ( -0.1312385001222027836, 0.9810000000000003162, 0.2296062835793409307 ) ) ;
#6390 =( GEOMETRIC_REPRESENTATION_CONTEXT ( 3 ) GLOBAL_UNCERTAINTY_ASSIGNED_CONTEXT ( ( #3390 ) ) GLOBAL_UNIT_ASSIGNED_CONTEXT ( ( #2597, #10981, #8117 ) ) REPRESENTATION_CONTEXT ( 'NONE', 'WORKASPACE' ) );
#6391 = UNCERTAINTY_MEASURE_WITH_UNIT (LENGTH_MEASURE( 1.000000000000000082E-05 ), #9909, 'distance_accuracy_value', 'NONE');
#6392 = VERTEX_POINT ( 'NONE', #5645 ) ;
#6393 = PLANE ( 'NONE',  #1129 ) ;
#6394 = VERTEX_POINT ( 'NONE', #1233 ) ;
#6395 = EDGE_CURVE ( 'NONE', #6327, #2449, #7552, .T. ) ;
#6396 = DIRECTION ( 'NONE',  ( 0.0000000000000000000, -1.000000000000000000, 0.0000000000000000000 ) ) ;
#6397 = STYLED_ITEM ( 'NONE', ( #3587 ), #4777 ) ;
#6398 = SURFACE_SIDE_STYLE ('',( #5609 ) ) ;
#6399 = COLOUR_RGB ( '',0.2235294117647058654, 0.2235294117647058654, 0.2235294117647058654 ) ;
#6400 = CARTESIAN_POINT ( 'NONE',  ( -0.5999999999999994227, 0.9999999999999995559, 0.5500000000000000444 ) ) ;
#6401 = FILL_AREA_STYLE_COLOUR ( '', #9554 ) ;
#6402 = EDGE_CURVE ( 'NONE', #806, #696, #3816, .T. ) ;
#6403 = B_SPLINE_CURVE_WITH_KNOTS ( 'NONE', 3,
 ( #7049, #6034, #9645, #2521 ),
 .UNSPECIFIED., .F., .F.,
 ( 4, 4 ),
 ( 9.000000000000000000, 10.00000000000000000 ),
 .UNSPECIFIED. ) ;
#6404 = CARTESIAN_POINT ( 'NONE',  ( -0.09174251952033846136, 0.9810000000000003162, 0.2318359982940586816 ) ) ;
#6405 = CARTESIAN_POINT ( 'NONE',  ( -0.08496510301447242341, 0.9810000000000003162, 0.3098158819495590577 ) ) ;
#6406 = B_SPLINE_CURVE_WITH_KNOTS ( 'NONE', 3,
 ( #7136, #6636, #11123, #1621 ),
 .UNSPECIFIED., .F., .F.,
 ( 4, 4 ),
 ( 1.000000000000000000, 2.000000000000000000 ),
 .UNSPECIFIED. ) ;
#6407 = AXIS2_PLACEMENT_3D ( 'NONE', #10753, #3345, #2497 ) ;
#6408 = CARTESIAN_POINT ( 'NONE',  ( -0.08337896074994888274, 0.9810000000000003162, 0.3207448641368762510 ) ) ;
#6409 = FACE_OUTER_BOUND ( 'NONE', #9940, .T. ) ;
#6410 = ORIENTED_EDGE ( 'NONE', *, *, #2139, .F. ) ;
#6411 = FACE_OUTER_BOUND ( 'NONE', #5968, .T. ) ;
#6412 = LINE ( 'NONE', #8393, #364 ) ;
#6413 = DIRECTION ( 'NONE',  ( 0.0000000000000000000, 0.0000000000000000000, 1.000000000000000000 ) ) ;
#6414 = DIRECTION ( 'NONE',  ( -0.0000000000000000000, -1.000000000000000000, -0.0000000000000000000 ) ) ;
#6415 = SURFACE_SIDE_STYLE ('',( #3794 ) ) ;
#6416 = FACE_OUTER_BOUND ( 'NONE', #5176, .T. ) ;
#6417 = CARTESIAN_POINT ( 'NONE',  ( -0.1094687452308125419, 0.9810000000000003162, 0.2150477379066758343 ) ) ;
#6418 = ORIENTED_EDGE ( 'NONE', *, *, #11651, .F. ) ;
#6419 = CARTESIAN_POINT ( 'NONE',  ( -0.1406043819388396454, 0.9810000000000003162, 0.2307096144780721170 ) ) ;
#6420 = EDGE_CURVE ( 'NONE', #9366, #6725, #4920, .T. ) ;
#6421 = CARTESIAN_POINT ( 'NONE',  ( 0.04773351886878311745, 0.9810000000000003162, 0.2944330980640477158 ) ) ;
#6422 = DIRECTION ( 'NONE',  ( -0.0000000000000000000, 1.000000000000000000, -0.0000000000000000000 ) ) ;
#6423 = CARTESIAN_POINT ( 'NONE',  ( -0.2385904339955741971, 0.9810000000000003162, 0.2141319608088242399 ) ) ;
#6424 = ORIENTED_EDGE ( 'NONE', *, *, #11668, .T. ) ;
#6425 = ORIENTED_EDGE ( 'NONE', *, *, #9466, .T. ) ;
#6426 = CARTESIAN_POINT ( 'NONE',  ( -0.1278942141534321897, 0.9810000000000003162, 0.2308777433289414260 ) ) ;
#6427 = CARTESIAN_POINT ( 'NONE',  ( -0.3022296708210212568, 0.9810000000000003162, 0.2275877205213638343 ) ) ;
#6428 = ORIENTED_EDGE ( 'NONE', *, *, #6367, .T. ) ;
#6429 = ADVANCED_FACE ( 'NONE', ( #10345 ), #7698, .T. ) ;
#6430 = FACE_OUTER_BOUND ( 'NONE', #7951, .T. ) ;
#6431 = FILL_AREA_STYLE ('',( #9079 ) ) ;
#6432 = ORIENTED_EDGE ( 'NONE', *, *, #10792, .T. ) ;
#6433 = CARTESIAN_POINT ( 'NONE',  ( -0.1626110226560525951, 0.9810000000000003162, 0.2236909606880192469 ) ) ;
#6434 = STYLED_ITEM ( 'NONE', ( #3834 ), #1432 ) ;
#6435 = ORIENTED_EDGE ( 'NONE', *, *, #2044, .T. ) ;
#6436 =( NAMED_UNIT ( * ) PLANE_ANGLE_UNIT ( ) SI_UNIT ( $, .RADIAN. ) );
#6437 = CARTESIAN_POINT ( 'NONE',  ( -0.2150015195407217472, 0.9810000000000003162, 0.2142992618085834133 ) ) ;
#6438 =( LENGTH_UNIT ( ) NAMED_UNIT ( * ) SI_UNIT ( .MILLI., .METRE. ) );
#6439 = CARTESIAN_POINT ( 'NONE',  ( -0.1633696208034960129, 0.9810000000000003162, 0.2206962012474259494 ) ) ;
#6440 = CARTESIAN_POINT ( 'NONE',  ( 0.06238787541147081117, 0.9810000000000003162, 0.2160902660971583400 ) ) ;
#6441 = ORIENTED_EDGE ( 'NONE', *, *, #8996, .F. ) ;
#6442 = ORIENTED_EDGE ( 'NONE', *, *, #4533, .F. ) ;
#6443 = CARTESIAN_POINT ( 'NONE',  ( -0.1618681131406391194, 0.9810000000000003162, 0.3461827927239643499 ) ) ;
#6444 = ORIENTED_EDGE ( 'NONE', *, *, #8333, .F. ) ;
#6445 = CARTESIAN_POINT ( 'NONE',  ( -0.1870085991865436392, 0.9810000000000003162, 0.3027234756487630629 ) ) ;
#6446 = FILL_AREA_STYLE_COLOUR ( '', #6912 ) ;
#6447 = ORIENTED_EDGE ( 'NONE', *, *, #10375, .F. ) ;
#6448 = EDGE_CURVE ( 'NONE', #4233, #10775, #9804, .T. ) ;
#6449 = CARTESIAN_POINT ( 'NONE',  ( -0.2592827593950957632, 0.9800000000000004263, 0.2398758267129963151 ) ) ;
#6450 = CARTESIAN_POINT ( 'NONE',  ( -0.05345531724329093126, 0.9810000000000003162, 0.2212418012999091965 ) ) ;
#6451 = FACE_OUTER_BOUND ( 'NONE', #10177, .T. ) ;
#6452 =( NAMED_UNIT ( * ) SI_UNIT ( $, .STERADIAN. ) SOLID_ANGLE_UNIT ( ) );
#6453 = DIRECTION ( 'NONE',  ( 0.3451999324343007491, 0.0000000000000000000, -0.9385291719746137185 ) ) ;
#6454 = CARTESIAN_POINT ( 'NONE',  ( -0.09180021817302808085, 0.9800000000000004263, 0.2143152275510540883 ) ) ;
#6455 = CARTESIAN_POINT ( 'NONE',  ( -0.1031003881603762551, 0.9810000000000003162, 0.2150929045677676954 ) ) ;
#6456 = CARTESIAN_POINT ( 'NONE',  ( -0.1615075172667808645, 0.9800000000000004263, 0.2953399093373641482 ) ) ;
#6457 = CARTESIAN_POINT ( 'NONE',  ( -0.5799999999999994049, -1.000000000000000444, 0.5300000000000001377 ) ) ;
#6458 = ADVANCED_FACE ( 'NONE', ( #9369 ), #9305, .F. ) ;
#6459 = ADVANCED_FACE ( 'NONE', ( #615 ), #10328, .T. ) ;
#6460 = ORIENTED_EDGE ( 'NONE', *, *, #6395, .F. ) ;
#6461 = CARTESIAN_POINT ( 'NONE',  ( -0.2955644245606628973, 0.9810000000000003162, 0.2645733217960050676 ) ) ;
#6462 = PRESENTATION_STYLE_ASSIGNMENT (( #10316 ) ) ;
#6463 = COLOUR_RGB ( '',0.2235294117647058654, 0.2235294117647058654, 0.2235294117647058654 ) ;
#6464 =( GEOMETRIC_REPRESENTATION_CONTEXT ( 3 ) GLOBAL_UNCERTAINTY_ASSIGNED_CONTEXT ( ( #7872 ) ) GLOBAL_UNIT_ASSIGNED_CONTEXT ( ( #3183, #10478, #9640 ) ) REPRESENTATION_CONTEXT ( 'NONE', 'WORKASPACE' ) );
#6465 = CARTESIAN_POINT ( 'NONE',  ( -0.1032640942626190522, 0.9810000000000003162, 0.2381749497862886977 ) ) ;
#6466 = UNCERTAINTY_MEASURE_WITH_UNIT (LENGTH_MEASURE( 1.000000000000000082E-05 ), #1908, 'distance_accuracy_value', 'NONE');
#6467 = PLANE ( 'NONE',  #11357 ) ;
#6468 = CARTESIAN_POINT ( 'NONE',  ( -0.2288457337151711679, 0.9810000000000003162, 0.3392091131190770881 ) ) ;
#6469 = PLANE ( 'NONE',  #7146 ) ;
#6470 = ORIENTED_EDGE ( 'NONE', *, *, #456, .F. ) ;
#6471 = EDGE_CURVE ( 'NONE', #5005, #1808, #8057, .T. ) ;
#6472 = CARTESIAN_POINT ( 'NONE',  ( -0.1391861806903979815, 0.9800000000000004263, 0.2323313381707252934 ) ) ;
#6473 =( GEOMETRIC_REPRESENTATION_CONTEXT ( 3 ) GLOBAL_UNCERTAINTY_ASSIGNED_CONTEXT ( ( #11286 ) ) GLOBAL_UNIT_ASSIGNED_CONTEXT ( ( #2374, #4128, #8728 ) ) REPRESENTATION_CONTEXT ( 'NONE', 'WORKASPACE' ) );
#6474 = CARTESIAN_POINT ( 'NONE',  ( -0.1643392080106935715, 0.9810000000000003162, 0.2236267145774515075 ) ) ;
#6475 = VECTOR ( 'NONE', #4308, 1000.000000000000000 ) ;
#6477 = EDGE_CURVE ( 'NONE', #6069, #10163, #6010, .T. ) ;
#6476 = LINE ( 'NONE', #10151, #520 ) ;
#6478 = VERTEX_POINT ( 'NONE', #10515 ) ;
#6479 = EDGE_LOOP ( 'NONE', ( #310, #1424, #8736, #135 ) ) ;
#6480 = SURFACE_SIDE_STYLE ('',( #8300 ) ) ;
#6481 =( GEOMETRIC_REPRESENTATION_CONTEXT ( 3 ) GLOBAL_UNCERTAINTY_ASSIGNED_CONTEXT ( ( #9356 ) ) GLOBAL_UNIT_ASSIGNED_CONTEXT ( ( #8623, #3005, #1198 ) ) REPRESENTATION_CONTEXT ( 'NONE', 'WORKASPACE' ) );
#6482 = EDGE_CURVE ( 'NONE', #9018, #1461, #2313, .T. ) ;
#6483 = VECTOR ( 'NONE', #4582, 1000.000000000000000 ) ;
#6484 = PRESENTATION_LAYER_ASSIGNMENT (  '', '', ( #9948 ) ) ;
#6485 = CARTESIAN_POINT ( 'NONE',  ( 0.05991642631702527588, 0.9810000000000003162, 0.2587304362004613778 ) ) ;
#6486 = CARTESIAN_POINT ( 'NONE',  ( -0.1643392080106935715, 0.9810000000000003162, 0.2236267145774515075 ) ) ;
#6487 = VERTEX_POINT ( 'NONE', #10633 ) ;
#6488 = SURFACE_STYLE_FILL_AREA ( #3519 ) ;
#6489 = CARTESIAN_POINT ( 'NONE',  ( 0.2101081641215258311, 0.9810000000000003162, 0.2352132453259013212 ) ) ;
#6490 = ORIENTED_EDGE ( 'NONE', *, *, #2411, .T. ) ;
#6491 = VECTOR ( 'NONE', #2113, 1000.000000000000000 ) ;
#6492 = LINE ( 'NONE', #3575, #4983 ) ;
#6493 = STYLED_ITEM ( 'NONE', ( #6856 ), #10628 ) ;
#6494 = VERTEX_POINT ( 'NONE', #1410 ) ;
#6495 = SURFACE_SIDE_STYLE ('',( #9309 ) ) ;
#6496 = VECTOR ( 'NONE', #10789, 1000.000000000000114 ) ;
#6497 =( NAMED_UNIT ( * ) SI_UNIT ( $, .STERADIAN. ) SOLID_ANGLE_UNIT ( ) );
#6498 = EDGE_CURVE ( 'NONE', #6860, #11517, #550, .T. ) ;
#6499 = CARTESIAN_POINT ( 'NONE',  ( 0.3817097946182765877, -1.000000000000000444, 0.5300000000000001377 ) ) ;
#6500 = CARTESIAN_POINT ( 'NONE',  ( 0.07199420481020916973, 0.9800000000000004263, 0.3397933990630481182 ) ) ;
#6501 = FILL_AREA_STYLE ('',( #9138 ) ) ;
#6502 = CARTESIAN_POINT ( 'NONE',  ( -0.5999999999999994227, 0.9999999999999995559, 0.02000000000000005246 ) ) ;
#6503 = STYLED_ITEM ( 'NONE', ( #10932 ), #10815 ) ;
#6504 = VERTEX_POINT ( 'NONE', #8940 ) ;
#6505 = ORIENTED_EDGE ( 'NONE', *, *, #3428, .T. ) ;
#6506 = VECTOR ( 'NONE', #1142, 1000.000000000000114 ) ;
#6507 = CARTESIAN_POINT ( 'NONE',  ( 0.04106010932227362187, 0.9810000000000003162, 0.2159390019685702433 ) ) ;
#6508 = UNCERTAINTY_MEASURE_WITH_UNIT (LENGTH_MEASURE( 1.000000000000000082E-05 ), #1010, 'distance_accuracy_value', 'NONE');
#6509 = ORIENTED_EDGE ( 'NONE', *, *, #3604, .F. ) ;
#6510 = PRESENTATION_STYLE_ASSIGNMENT (( #7393 ) ) ;
#6511 = CARTESIAN_POINT ( 'NONE',  ( 0.1549441181133584255, 0.9810000000000003162, 0.2145776506308751386 ) ) ;
#6512 = ORIENTED_EDGE ( 'NONE', *, *, #2193, .F. ) ;
#6513 = STYLED_ITEM ( 'NONE', ( #11255 ), #6935 ) ;
#6514 =( NAMED_UNIT ( * ) SI_UNIT ( $, .STERADIAN. ) SOLID_ANGLE_UNIT ( ) );
#6515 = CARTESIAN_POINT ( 'NONE',  ( -0.2030308858275618744, 0.9810000000000003162, 0.3132416319557997375 ) ) ;
#6516 = CARTESIAN_POINT ( 'NONE',  ( -0.1876565740791538706, 0.9810000000000003162, 0.2144932019206998719 ) ) ;
#6517 = CARTESIAN_POINT ( 'NONE',  ( -0.1961842349277509723, 0.9810000000000003162, 0.3209845929408485232 ) ) ;
#6518 = CARTESIAN_POINT ( 'NONE',  ( -0.08397118691812412161, 0.9810000000000003162, 0.3401066420994613426 ) ) ;
#6519 = CARTESIAN_POINT ( 'NONE',  ( -0.09180021817302808085, 0.9800000000000004263, 0.2143152275510540883 ) ) ;
#6520 = CARTESIAN_POINT ( 'NONE',  ( 0.1272633901649289634, 0.9810000000000003162, 0.1926910035432770896 ) ) ;
#6521 = MECHANICAL_DESIGN_GEOMETRIC_PRESENTATION_REPRESENTATION (  '', ( #1863 ), #10172 ) ;
#6522 =( LENGTH_UNIT ( ) NAMED_UNIT ( * ) SI_UNIT ( .MILLI., .METRE. ) );
#6523 = EDGE_CURVE ( 'NONE', #5988, #7221, #5048, .T. ) ;
#6524 = CARTESIAN_POINT ( 'NONE',  ( -0.1633696208034960129, 0.9810000000000003162, 0.2206962012474259494 ) ) ;
#6525 = CARTESIAN_POINT ( 'NONE',  ( -0.2450518885332119978, 0.9800000000000004263, 0.2198829300390642283 ) ) ;
#6526 = DIRECTION ( 'NONE',  ( -0.0000000000000000000, 1.000000000000000000, -0.0000000000000000000 ) ) ;
#6527 = CARTESIAN_POINT ( 'NONE',  ( -0.05357662199022229788, 0.9810000000000003162, 0.2383453888603684345 ) ) ;
#6528 = DIRECTION ( 'NONE',  ( -0.9999748501857348426, -0.0000000000000000000, -0.007092178509963312227 ) ) ;
#6529 = ORIENTED_EDGE ( 'NONE', *, *, #7906, .F. ) ;
#6530 = DIRECTION ( 'NONE',  ( -0.007092178509963811828, -0.0000000000000000000, 0.9999748501857348426 ) ) ;
#6531 = LINE ( 'NONE', #7242, #1536 ) ;
#6532 = FACE_OUTER_BOUND ( 'NONE', #3393, .T. ) ;
#6533 = AXIS2_PLACEMENT_3D ( 'NONE', #5755, #11349, #8646 ) ;
#6534 =( NAMED_UNIT ( * ) SI_UNIT ( $, .STERADIAN. ) SOLID_ANGLE_UNIT ( ) );
#6535 = FILL_AREA_STYLE_COLOUR ( '', #9043 ) ;
#6536 = PRESENTATION_LAYER_ASSIGNMENT (  '', '', ( #8265 ) ) ;
#6537 = DIRECTION ( 'NONE',  ( 1.000000000000000000, 0.0000000000000000000, 0.0000000000000000000 ) ) ;
#6538 = ADVANCED_FACE ( 'NONE', ( #5096, #4301 ), #7992, .F. ) ;
#6539 = ORIENTED_EDGE ( 'NONE', *, *, #4241, .T. ) ;
#6540 = VECTOR ( 'NONE', #5426, 1000.000000000000000 ) ;
#6541 = CARTESIAN_POINT ( 'NONE',  ( -0.08827812681370542092, 0.9800000000000004263, 0.2143402074799433954 ) ) ;
#6542 = CARTESIAN_POINT ( 'NONE',  ( 0.1471452137234624813, 0.9810000000000003162, 0.1928320125314076650 ) ) ;
#6543 = ORIENTED_EDGE ( 'NONE', *, *, #8866, .T. ) ;
#6544 = EDGE_LOOP ( 'NONE', ( #4184, #479, #399, #11401 ) ) ;
#6545 = CARTESIAN_POINT ( 'NONE',  ( -0.07339973933240424853, 0.9810000000000003162, 0.2661489930300927065 ) ) ;
#6546 = EDGE_CURVE ( 'NONE', #3286, #1487, #1631, .T. ) ;
#6547 = CARTESIAN_POINT ( 'NONE',  ( 0.07283256726140327486, 0.9800000000000004263, 0.2215869318461886062 ) ) ;
#6548 = B_SPLINE_CURVE_WITH_KNOTS ( 'NONE', 3,
 ( #11598, #6128, #3461, #9911 ),
 .UNSPECIFIED., .F., .F.,
 ( 4, 4 ),
 ( 24.00000000000000000, 25.00000000000000000 ),
 .UNSPECIFIED. ) ;
#6549 = MECHANICAL_DESIGN_GEOMETRIC_PRESENTATION_REPRESENTATION (  '', ( #7492 ), #5974 ) ;
#6550 = PRESENTATION_LAYER_ASSIGNMENT (  '', '', ( #4617 ) ) ;
#6551 = FILL_AREA_STYLE_COLOUR ( '', #11918 ) ;
#6552 = COLOUR_RGB ( '',0.1137254901960784298, 0.1137254901960784298, 0.1137254901960784298 ) ;
#6553 = FILL_AREA_STYLE ('',( #66 ) ) ;
#6554 = EDGE_CURVE ( 'NONE', #11663, #10678, #7134, .T. ) ;
#6555 = ORIENTED_EDGE ( 'NONE', *, *, #4133, .T. ) ;
#6556 =( NAMED_UNIT ( * ) SI_UNIT ( $, .STERADIAN. ) SOLID_ANGLE_UNIT ( ) );
#6557 = CARTESIAN_POINT ( 'NONE',  ( -0.1426696490753340540, 0.9800000000000004263, 0.2213629048678036060 ) ) ;
#6558 = ORIENTED_EDGE ( 'NONE', *, *, #11093, .F. ) ;
#6559 = COLOUR_RGB ( '',0.2235294117647058654, 0.2235294117647058654, 0.2235294117647058654 ) ;
#6560 = FILL_AREA_STYLE ('',( #11108 ) ) ;
#6561 = EDGE_CURVE ( 'NONE', #401, #1755, #10581, .T. ) ;
#6562 = PRESENTATION_LAYER_ASSIGNMENT (  '', '', ( #9633 ) ) ;
#6563 = EDGE_LOOP ( 'NONE', ( #7523, #2801, #7777, #4534 ) ) ;
#6564 = CARTESIAN_POINT ( 'NONE',  ( -0.2501071236542328213, 0.9810000000000003162, 0.2216147094205622448 ) ) ;
#6565 = MECHANICAL_DESIGN_GEOMETRIC_PRESENTATION_REPRESENTATION (  '', ( #1914 ), #9056 ) ;
#6566 = STYLED_ITEM ( 'NONE', ( #6355 ), #4328 ) ;
#6567 = SURFACE_SIDE_STYLE ('',( #5714 ) ) ;
#6568 = CARTESIAN_POINT ( 'NONE',  ( -0.2291196769592885041, 0.9810000000000003162, 0.3375175211072943826 ) ) ;
#6569 = CARTESIAN_POINT ( 'NONE',  ( 0.1658271787583907586, 0.9810000000000003162, 0.3111769386675978244 ) ) ;
#6570 = ORIENTED_EDGE ( 'NONE', *, *, #7483, .T. ) ;
#6571 = ORIENTED_EDGE ( 'NONE', *, *, #8500, .T. ) ;
#6572 = LINE ( 'NONE', #10243, #9118 ) ;
#6573 = COLOUR_RGB ( '',0.2235294117647058654, 0.2235294117647058654, 0.2235294117647058654 ) ;
#6574 = CARTESIAN_POINT ( 'NONE',  ( 0.04106010932227362187, 0.9800000000000004263, 0.2159390019685702433 ) ) ;
#6575 = EDGE_LOOP ( 'NONE', ( #1900, #6108, #4235, #6861 ) ) ;
#6576 = CARTESIAN_POINT ( 'NONE',  ( 0.5800000000000001821, 0.9800000000000004263, 0.01999999999999999695 ) ) ;
#6577 = EDGE_CURVE ( 'NONE', #6133, #1766, #4422, .T. ) ;
#6578 = FACE_OUTER_BOUND ( 'NONE', #10764, .T. ) ;
#6579 = EDGE_LOOP ( 'NONE', ( #290, #918, #15, #3713 ) ) ;
#6580 =( GEOMETRIC_REPRESENTATION_CONTEXT ( 3 ) GLOBAL_UNCERTAINTY_ASSIGNED_CONTEXT ( ( #1163 ) ) GLOBAL_UNIT_ASSIGNED_CONTEXT ( ( #1154, #1331, #2235 ) ) REPRESENTATION_CONTEXT ( 'NONE', 'WORKASPACE' ) );
#6581 = CARTESIAN_POINT ( 'NONE',  ( -0.005361591329906875009, 0.9810000000000003162, 0.2879109258001376626 ) ) ;
#6582 = SURFACE_SIDE_STYLE ('',( #10062 ) ) ;
#6583 = LINE ( 'NONE', #8382, #1275 ) ;
#6584 = CARTESIAN_POINT ( 'NONE',  ( -0.2573962159370238312, 0.9800000000000004263, 0.2286075496288863529 ) ) ;
#6585 = CARTESIAN_POINT ( 'NONE',  ( 0.5800000000000001821, -0.9800000000000004263, 0.01999999999999999695 ) ) ;
#6586 = B_SPLINE_SURFACE_WITH_KNOTS ( 'NONE', 3, 1, ( 
 ( #11829, #10879 ),
 ( #7911, #3703 ),
 ( #11783, #7271 ),
 ( #4219, #11005 ) ),
 .UNSPECIFIED., .F., .F., .F.,
 ( 4, 4 ),
 ( 2, 2 ),
 ( 5.000000000000000000, 6.000000000000000000 ),
 ( 0.0000000000000000000, 1.000000000000000000 ),
 .UNSPECIFIED. ) ;
#6587 = CARTESIAN_POINT ( 'NONE',  ( -0.1345384498917537586, 0.9800000000000004263, 0.2275812948293549076 ) ) ;
#6588 = CARTESIAN_POINT ( 'NONE',  ( -0.1412863814060778545, 0.9800000000000004263, 0.2187472607275964542 ) ) ;
#6589 = CARTESIAN_POINT ( 'NONE',  ( -0.0006930060458002883922, 0.9800000000000004263, 0.2413097862533814253 ) ) ;
#6590 = CARTESIAN_POINT ( 'NONE',  ( -0.08337896074994888274, 0.9810000000000003162, 0.3207448641368762510 ) ) ;
#6591 = CARTESIAN_POINT ( 'NONE',  ( -0.09514941069187050904, 0.9800000000000004263, 0.3475138074274803368 ) ) ;
#6592 = EDGE_CURVE ( 'NONE', #10096, #10797, #5331, .T. ) ;
#6593 = CARTESIAN_POINT ( 'NONE',  ( -0.2057221106415925982, 0.9810000000000003162, 0.2950263236617829965 ) ) ;
#6594 = DIRECTION ( 'NONE',  ( -0.0000000000000000000, -1.000000000000000000, -0.0000000000000000000 ) ) ;
#6595 = COLOUR_RGB ( '',0.2235294117647058654, 0.2235294117647058654, 0.2235294117647058654 ) ;
#6596 = ORIENTED_EDGE ( 'NONE', *, *, #10496, .T. ) ;
#6597 = FACE_OUTER_BOUND ( 'NONE', #2310, .T. ) ;
#6598 = DIRECTION ( 'NONE',  ( 0.0000000000000000000, 0.0000000000000000000, -1.000000000000000000 ) ) ;
#6599 = CARTESIAN_POINT ( 'NONE',  ( -0.1615075172667808645, 0.9810000000000003162, 0.2953399093373641482 ) ) ;
#6600 = EDGE_LOOP ( 'NONE', ( #4506, #8409, #454, #2117 ) ) ;
#6601 = SURFACE_SIDE_STYLE ('',( #11865 ) ) ;
#6602 = COLOUR_RGB ( '',0.2235294117647058654, 0.2235294117647058654, 0.2235294117647058654 ) ;
#6603 = ORIENTED_EDGE ( 'NONE', *, *, #2545, .F. ) ;
#6604 =( NAMED_UNIT ( * ) SI_UNIT ( $, .STERADIAN. ) SOLID_ANGLE_UNIT ( ) );
#6605 = CARTESIAN_POINT ( 'NONE',  ( -0.08826680385442121912, 0.9800000000000004263, 0.3062052100787246989 ) ) ;
#6606 = DIRECTION ( 'NONE',  ( 0.9999748501857349536, -0.0000000000000000000, 0.007092178509950084961 ) ) ;
#6607 = ORIENTED_EDGE ( 'NONE', *, *, #6420, .F. ) ;
#6608 = VERTEX_POINT ( 'NONE', #5500 ) ;
#6609 = UNCERTAINTY_MEASURE_WITH_UNIT (LENGTH_MEASURE( 1.000000000000000082E-05 ), #6820, 'distance_accuracy_value', 'NONE');
#6610 = VECTOR ( 'NONE', #9740, 1000.000000000000000 ) ;
#6611 = ADVANCED_FACE ( 'NONE', ( #8122 ), #9557, .F. ) ;
#6612 =( NAMED_UNIT ( * ) SI_UNIT ( $, .STERADIAN. ) SOLID_ANGLE_UNIT ( ) );
#6613 = FILL_AREA_STYLE ('',( #4619 ) ) ;
#6614 = CARTESIAN_POINT ( 'NONE',  ( -0.1032640942626190522, 0.9810000000000003162, 0.2381749497862886977 ) ) ;
#6615 = VERTEX_POINT ( 'NONE', #10029 ) ;
#6616 = DIRECTION ( 'NONE',  ( -0.9999748501857348426, -0.0000000000000000000, -0.007092178509964672251 ) ) ;
#6617 = CARTESIAN_POINT ( 'NONE',  ( -0.1268544847074608295, 0.9810000000000003162, 0.2455460728015328442 ) ) ;
#6618 = CARTESIAN_POINT ( 'NONE',  ( -0.2885462351358029642, 0.9810000000000003162, 0.2646230973000676112 ) ) ;
#6619 = ORIENTED_EDGE ( 'NONE', *, *, #5268, .T. ) ;
#6620 = ORIENTED_EDGE ( 'NONE', *, *, #1365, .T. ) ;
#6621 = EDGE_CURVE ( 'NONE', #5988, #2252, #11037, .T. ) ;
#6622 = EDGE_CURVE ( 'NONE', #10564, #1414, #11870, .T. ) ;
#6623 = PRESENTATION_STYLE_ASSIGNMENT (( #11242 ) ) ;
#6624 = CARTESIAN_POINT ( 'NONE',  ( -0.1181075522258395322, 0.9810000000000003162, 0.2162602038860722276 ) ) ;
#6625 = FILL_AREA_STYLE ('',( #10357 ) ) ;
#6626 = CARTESIAN_POINT ( 'NONE',  ( -0.1345384498917537586, 0.9810000000000003162, 0.2275812948293549076 ) ) ;
#6627 = SURFACE_SIDE_STYLE ('',( #2927 ) ) ;
#6628 = DIRECTION ( 'NONE',  ( -0.9999748501857348426, 0.0000000000000000000, -0.007092178509964248978 ) ) ;
#6629 = VERTEX_POINT ( 'NONE', #6421 ) ;
#6630 = ORIENTED_EDGE ( 'NONE', *, *, #3144, .T. ) ;
#6631 = DIRECTION ( 'NONE',  ( -0.0000000000000000000, -1.000000000000000000, -0.0000000000000000000 ) ) ;
#6632 =( LENGTH_UNIT ( ) NAMED_UNIT ( * ) SI_UNIT ( .MILLI., .METRE. ) );
#6633 = UNCERTAINTY_MEASURE_WITH_UNIT (LENGTH_MEASURE( 1.000000000000000082E-05 ), #8441, 'distance_accuracy_value', 'NONE');
#6634 = VERTEX_POINT ( 'NONE', #10085 ) ;
#6635 = STYLED_ITEM ( 'NONE', ( #11052 ), #1316 ) ;
#6636 = CARTESIAN_POINT ( 'NONE',  ( -0.2924698384516813965, 0.9800000000000004263, 0.2552372131047729309 ) ) ;
#6637 = CARTESIAN_POINT ( 'NONE',  ( 0.1473528750121374797, 0.9810000000000003162, 0.2145238108256276310 ) ) ;
#6638 = VERTEX_POINT ( 'NONE', #11348 ) ;
#6639 = FACE_OUTER_BOUND ( 'NONE', #10892, .T. ) ;
#6640 = FILL_AREA_STYLE ('',( #145 ) ) ;
#6641 = FILL_AREA_STYLE ('',( #271 ) ) ;
#6642 = LINE ( 'NONE', #5547, #4355 ) ;
#6643 = CARTESIAN_POINT ( 'NONE',  ( -0.1512356340308023683, 0.9800000000000004263, 0.1976470643281151851 ) ) ;
#6644 = SURFACE_SIDE_STYLE ('',( #1779 ) ) ;
#6645 = EDGE_CURVE ( 'NONE', #6988, #2382, #10288, .T. ) ;
#6646 = CARTESIAN_POINT ( 'NONE',  ( -0.1510654097695903197, 0.9800000000000004263, 0.3404106239764875252 ) ) ;
#6647 = DIRECTION ( 'NONE',  ( 0.9422431202207733891, 0.0000000000000000000, -0.3349296976928460845 ) ) ;
#6648 = LINE ( 'NONE', #6775, #1730 ) ;
#6649 =( NAMED_UNIT ( * ) PLANE_ANGLE_UNIT ( ) SI_UNIT ( $, .RADIAN. ) );
#6650 =( NAMED_UNIT ( * ) SI_UNIT ( $, .STERADIAN. ) SOLID_ANGLE_UNIT ( ) );
#6651 = CARTESIAN_POINT ( 'NONE',  ( 0.05933959860277125686, 0.9810000000000003162, 0.2381205000656923532 ) ) ;
#6652 = ORIENTED_EDGE ( 'NONE', *, *, #11060, .T. ) ;
#6653 = PRESENTATION_STYLE_ASSIGNMENT (( #6781 ) ) ;
#6654 = DIRECTION ( 'NONE',  ( 0.8896103580601520955, 0.0000000000000000000, -0.4567202763531394427 ) ) ;
#6655 = LINE ( 'NONE', #8459, #6982 ) ;
#6656 = ORIENTED_EDGE ( 'NONE', *, *, #5293, .F. ) ;
#6657 = DIRECTION ( 'NONE',  ( -0.0000000000000000000, -1.000000000000000000, -0.0000000000000000000 ) ) ;
#6658 = EDGE_CURVE ( 'NONE', #10048, #4455, #7683, .T. ) ;
#6659 = CARTESIAN_POINT ( 'NONE',  ( 0.1332087075751947625, 0.9800000000000004263, 0.2209306122946781414 ) ) ;
#6660 = CARTESIAN_POINT ( 'NONE',  ( -0.1835368340714350066, 0.9800000000000004263, 0.2951836695607316652 ) ) ;
#6661 = ORIENTED_EDGE ( 'NONE', *, *, #4533, .T. ) ;
#6662 = CARTESIAN_POINT ( 'NONE',  ( 0.1471528985507288279, 0.9810000000000003162, 0.2427198625404619614 ) ) ;
#6663 = FILL_AREA_STYLE_COLOUR ( '', #7475 ) ;
#6664 = VERTEX_POINT ( 'NONE', #7485 ) ;
#6665 = MECHANICAL_DESIGN_GEOMETRIC_PRESENTATION_REPRESENTATION (  '', ( #4149 ), #6464 ) ;
#6666 = ORIENTED_EDGE ( 'NONE', *, *, #2767, .F. ) ;
#6667 = CARTESIAN_POINT ( 'NONE',  ( -0.08549066877845580559, 0.9810000000000003162, 0.2153217773887567965 ) ) ;
#6668 = CARTESIAN_POINT ( 'NONE',  ( -0.1008707769358664214, 0.9800000000000004263, 0.2470820778170456922 ) ) ;
#6669 = CARTESIAN_POINT ( 'NONE',  ( -0.1004230800217317393, 0.9810000000000003162, 0.2224423706627196295 ) ) ;
#6670 =( GEOMETRIC_REPRESENTATION_CONTEXT ( 3 ) GLOBAL_UNCERTAINTY_ASSIGNED_CONTEXT ( ( #181 ) ) GLOBAL_UNIT_ASSIGNED_CONTEXT ( ( #5164, #9556, #7877 ) ) REPRESENTATION_CONTEXT ( 'NONE', 'WORKASPACE' ) );
#6671 = LINE ( 'NONE', #5765, #9679 ) ;
#6672 =( GEOMETRIC_REPRESENTATION_CONTEXT ( 3 ) GLOBAL_UNCERTAINTY_ASSIGNED_CONTEXT ( ( #4571 ) ) GLOBAL_UNIT_ASSIGNED_CONTEXT ( ( #358, #2119, #3201 ) ) REPRESENTATION_CONTEXT ( 'NONE', 'WORKASPACE' ) );
#6673 = ORIENTED_EDGE ( 'NONE', *, *, #8688, .T. ) ;
#6674 = CARTESIAN_POINT ( 'NONE',  ( -0.2760727641810146182, 0.9800000000000004263, 0.2138661227464017933 ) ) ;
#6675 = ADVANCED_FACE ( 'NONE', ( #2060 ), #5633, .F. ) ;
#6676 = DIRECTION ( 'NONE',  ( -0.0000000000000000000, -1.000000000000000000, -0.0000000000000000000 ) ) ;
#6677 = ORIENTED_EDGE ( 'NONE', *, *, #7643, .F. ) ;
#6678 =( NAMED_UNIT ( * ) SI_UNIT ( $, .STERADIAN. ) SOLID_ANGLE_UNIT ( ) );
#6679 = STYLED_ITEM ( 'NONE', ( #527 ), #3156 ) ;
#6680 = EDGE_LOOP ( 'NONE', ( #8152, #2354, #10088, #8074 ) ) ;
#6681 = CARTESIAN_POINT ( 'NONE',  ( 0.1471452137234624813, 0.9810000000000003162, 0.1928320125314076650 ) ) ;
#6682 =( LENGTH_UNIT ( ) NAMED_UNIT ( * ) SI_UNIT ( .MILLI., .METRE. ) );
#6683 =( NAMED_UNIT ( * ) PLANE_ANGLE_UNIT ( ) SI_UNIT ( $, .RADIAN. ) );
#6684 =( LENGTH_UNIT ( ) NAMED_UNIT ( * ) SI_UNIT ( .MILLI., .METRE. ) );
#6685 = ORIENTED_EDGE ( 'NONE', *, *, #5325, .F. ) ;
#6686 = ORIENTED_EDGE ( 'NONE', *, *, #1349, .F. ) ;
#6687 = EDGE_CURVE ( 'NONE', #5106, #5887, #5754, .T. ) ;
#6688 = STYLED_ITEM ( 'NONE', ( #6782 ), #3565 ) ;
#6689 = LINE ( 'NONE', #10298, #7591 ) ;
#6690 = ADVANCED_FACE ( 'NONE', ( #5826 ), #3209, .F. ) ;
#6691 = LINE ( 'NONE', #5000, #5786 ) ;
#6692 = ORIENTED_EDGE ( 'NONE', *, *, #3680, .T. ) ;
#6693 = CARTESIAN_POINT ( 'NONE',  ( -0.08854543622480952336, 0.9800000000000004263, 0.2300390510330524718 ) ) ;
#6694 = CARTESIAN_POINT ( 'NONE',  ( 0.1612945021292072345, 0.9810000000000003162, 0.2366745570461957215 ) ) ;
#6695 = ORIENTED_EDGE ( 'NONE', *, *, #11327, .F. ) ;
#6696 = FILL_AREA_STYLE ('',( #3001 ) ) ;
#6697 = CARTESIAN_POINT ( 'NONE',  ( 0.1107323722585570880, 0.9810000000000003162, 0.2298088630048763792 ) ) ;
#6698 = SURFACE_STYLE_FILL_AREA ( #4821 ) ;
#6699 = VECTOR ( 'NONE', #6048, 1000.000000000000000 ) ;
#6700 = EDGE_CURVE ( 'NONE', #6812, #1550, #11281, .T. ) ;
#6701 = MECHANICAL_DESIGN_GEOMETRIC_PRESENTATION_REPRESENTATION (  '', ( #8427 ), #305 ) ;
#6702 = CARTESIAN_POINT ( 'NONE',  ( 0.02840034840538904759, 0.9800000000000004263, 0.2169337293214947116 ) ) ;
#6703 = MECHANICAL_DESIGN_GEOMETRIC_PRESENTATION_REPRESENTATION (  '', ( #2059 ), #9765 ) ;
#6704 = CARTESIAN_POINT ( 'NONE',  ( -0.07648797249033079115, 0.9810000000000003162, 0.3204038184596204597 ) ) ;
#6705 = FACE_BOUND ( 'NONE', #10698, .T. ) ;
#6706 = EDGE_CURVE ( 'NONE', #5463, #835, #10621, .T. ) ;
#6707 = FACE_OUTER_BOUND ( 'NONE', #1716, .T. ) ;
#6708 = CARTESIAN_POINT ( 'NONE',  ( 0.004524843126933034143, 0.9810000000000003162, 0.2956630474137001419 ) ) ;
#6709 = PRESENTATION_LAYER_ASSIGNMENT (  '', '', ( #10916 ) ) ;
#6710 = B_SPLINE_CURVE_WITH_KNOTS ( 'NONE', 3,
 ( #3851, #1202, #5864, #2341 ),
 .UNSPECIFIED., .F., .F.,
 ( 4, 4 ),
 ( 1.000000000000000000, 2.000000000000000000 ),
 .UNSPECIFIED. ) ;
#6711 = COLOUR_RGB ( '',0.2235294117647058654, 0.2235294117647058654, 0.2235294117647058654 ) ;
#6712 =( NAMED_UNIT ( * ) SI_UNIT ( $, .STERADIAN. ) SOLID_ANGLE_UNIT ( ) );
#6713 = FACE_OUTER_BOUND ( 'NONE', #3226, .T. ) ;
#6714 = LINE ( 'NONE', #10262, #6506 ) ;
#6715 = ADVANCED_FACE ( 'NONE', ( #7010 ), #1336, .F. ) ;
#6716 = SURFACE_SIDE_STYLE ('',( #2952 ) ) ;
#6717 = DIRECTION ( 'NONE',  ( 0.9999748501857348426, -0.0000000000000000000, 0.007092178509968394967 ) ) ;
#6718 = FILL_AREA_STYLE_COLOUR ( '', #11358 ) ;
#6719 = CARTESIAN_POINT ( 'NONE',  ( -0.1312385001222027836, 0.9800000000000004263, 0.2296062835793409307 ) ) ;
#6720 = ORIENTED_EDGE ( 'NONE', *, *, #2545, .T. ) ;
#6721 = PRESENTATION_STYLE_ASSIGNMENT (( #8638 ) ) ;
#6722 = CARTESIAN_POINT ( 'NONE',  ( -0.5799999999999994049, -1.000000000000000444, 0.5300000000000000266 ) ) ;
#6723 = B_SPLINE_CURVE_WITH_KNOTS ( 'NONE', 3,
 ( #8499, #1193, #1132, #8379 ),
 .UNSPECIFIED., .F., .F.,
 ( 4, 4 ),
 ( 3.000000000000000000, 4.000000000000000000 ),
 .UNSPECIFIED. ) ;
#6724 = SURFACE_STYLE_USAGE ( .BOTH. , #232 ) ;
#6725 = VERTEX_POINT ( 'NONE', #599 ) ;
#6726 = DIRECTION ( 'NONE',  ( 0.007092178509961435257, 0.0000000000000000000, -0.9999748501857348426 ) ) ;
#6727 = SURFACE_STYLE_FILL_AREA ( #3869 ) ;
#6728 = FILL_AREA_STYLE ('',( #6663 ) ) ;
#6729 =( GEOMETRIC_REPRESENTATION_CONTEXT ( 3 ) GLOBAL_UNCERTAINTY_ASSIGNED_CONTEXT ( ( #4247 ) ) GLOBAL_UNIT_ASSIGNED_CONTEXT ( ( #5485, #6345, #4469 ) ) REPRESENTATION_CONTEXT ( 'NONE', 'WORKASPACE' ) );
#6730 = ORIENTED_EDGE ( 'NONE', *, *, #5358, .F. ) ;
#6731 = EDGE_CURVE ( 'NONE', #9585, #6487, #8558, .T. ) ;
#6732 = ORIENTED_EDGE ( 'NONE', *, *, #11278, .F. ) ;
#6733 =( LENGTH_UNIT ( ) NAMED_UNIT ( * ) SI_UNIT ( .MILLI., .METRE. ) );
#6734 = SURFACE_STYLE_USAGE ( .BOTH. , #8717 ) ;
#6735 = MECHANICAL_DESIGN_GEOMETRIC_PRESENTATION_REPRESENTATION (  '', ( #8265 ), #1321 ) ;
#6736 = FILL_AREA_STYLE_COLOUR ( '', #9736 ) ;
#6737 = SURFACE_SIDE_STYLE ('',( #3809 ) ) ;
#6738 =( LENGTH_UNIT ( ) NAMED_UNIT ( * ) SI_UNIT ( .MILLI., .METRE. ) );
#6739 = VECTOR ( 'NONE', #3142, 1000.000000000000000 ) ;
#6740 = FACE_OUTER_BOUND ( 'NONE', #4998, .T. ) ;
#6741 = ORIENTED_EDGE ( 'NONE', *, *, #7857, .T. ) ;
#6742 = CARTESIAN_POINT ( 'NONE',  ( -0.5999999999999994227, 0.9999999999999995559, 0.0000000000000000000 ) ) ;
#6743 =( NAMED_UNIT ( * ) SI_UNIT ( $, .STERADIAN. ) SOLID_ANGLE_UNIT ( ) );
#6744 = ORIENTED_EDGE ( 'NONE', *, *, #8083, .F. ) ;
#6745 = DIRECTION ( 'NONE',  ( -0.0000000000000000000, -1.000000000000000000, -0.0000000000000000000 ) ) ;
#6746 = CARTESIAN_POINT ( 'NONE',  ( 0.1577257532260294970, 0.9800000000000004263, 0.3320868017686833262 ) ) ;
#6747 = EDGE_CURVE ( 'NONE', #9604, #3710, #7977, .T. ) ;
#6748 = UNCERTAINTY_MEASURE_WITH_UNIT (LENGTH_MEASURE( 1.000000000000000082E-05 ), #9680, 'distance_accuracy_value', 'NONE');
#6749 = ORIENTED_EDGE ( 'NONE', *, *, #38, .F. ) ;
#6750 = PRESENTATION_STYLE_ASSIGNMENT (( #1952 ) ) ;
#6751 = CARTESIAN_POINT ( 'NONE',  ( -0.1146849368130240104, 0.9800000000000004263, 0.3384331115309418547 ) ) ;
#6752 = FILL_AREA_STYLE ('',( #393 ) ) ;
#6753 = FACE_OUTER_BOUND ( 'NONE', #7808, .T. ) ;
#6754 = ORIENTED_EDGE ( 'NONE', *, *, #11099, .T. ) ;
#6755 = ORIENTED_EDGE ( 'NONE', *, *, #8061, .T. ) ;
#6756 = VECTOR ( 'NONE', #5109, 1000.000000000000000 ) ;
#6757 = VECTOR ( 'NONE', #7365, 1000.000000000000000 ) ;
#6758 = FILL_AREA_STYLE ('',( #3123 ) ) ;
#6759 = SURFACE_STYLE_USAGE ( .BOTH. , #3057 ) ;
#6760 = VERTEX_POINT ( 'NONE', #11624 ) ;
#6761 = AXIS2_PLACEMENT_3D ( 'NONE', #9016, #10590, #9687 ) ;
#6762 = CARTESIAN_POINT ( 'NONE',  ( -0.08397118691812412161, 0.9810000000000003162, 0.3401066420994613426 ) ) ;
#6763 = ORIENTED_EDGE ( 'NONE', *, *, #8979, .T. ) ;
#6764 = MECHANICAL_DESIGN_GEOMETRIC_PRESENTATION_REPRESENTATION (  '', ( #11363 ), #10777 ) ;
#6765 = LINE ( 'NONE', #1063, #4823 ) ;
#6766 = COLOUR_RGB ( '',0.2235294117647058654, 0.2235294117647058654, 0.2235294117647058654 ) ;
#6767 = ADVANCED_FACE ( 'NONE', ( #5035 ), #7800, .F. ) ;
#6768 = PLANE ( 'NONE',  #293 ) ;
#6769 = PRESENTATION_STYLE_ASSIGNMENT (( #9458 ) ) ;
#6770 =( NAMED_UNIT ( * ) PLANE_ANGLE_UNIT ( ) SI_UNIT ( $, .RADIAN. ) );
#6771 = CARTESIAN_POINT ( 'NONE',  ( -0.1096997404403955850, 0.9800000000000004263, 0.2476173354953388750 ) ) ;
#6772 =( LENGTH_UNIT ( ) NAMED_UNIT ( * ) SI_UNIT ( .MILLI., .METRE. ) );
#6773 = CARTESIAN_POINT ( 'NONE',  ( -0.07856088943584205175, 0.9800000000000004263, 0.3066379723109163291 ) ) ;
#6774 = DIRECTION ( 'NONE',  ( -0.9999748501857348426, 0.0000000000000000000, -0.007092178509964229029 ) ) ;
#6775 = CARTESIAN_POINT ( 'NONE',  ( 0.04484162001813838533, 0.9810000000000003162, 0.2944125876853339041 ) ) ;
#6776 = VECTOR ( 'NONE', #9649, 1000.000000000000000 ) ;
#6777 = COLOUR_RGB ( '',0.2235294117647058654, 0.2235294117647058654, 0.2235294117647058654 ) ;
#6778 = PRESENTATION_STYLE_ASSIGNMENT (( #6878 ) ) ;
#6779 = EDGE_CURVE ( 'NONE', #2244, #617, #5137, .T. ) ;
#6780 = CARTESIAN_POINT ( 'NONE',  ( -0.1361282798110324543, 0.9800000000000004263, 0.2208374173563976139 ) ) ;
#6781 = SURFACE_STYLE_USAGE ( .BOTH. , #6716 ) ;
#6782 = PRESENTATION_STYLE_ASSIGNMENT (( #3081 ) ) ;
#6783 = SURFACE_STYLE_FILL_AREA ( #3018 ) ;
#6784 = SURFACE_SIDE_STYLE ('',( #8635 ) ) ;
#6785 = VERTEX_POINT ( 'NONE', #1397 ) ;
#6786 = ADVANCED_FACE ( 'NONE', ( #8818 ), #9460, .T. ) ;
#6787 =( NAMED_UNIT ( * ) SI_UNIT ( $, .STERADIAN. ) SOLID_ANGLE_UNIT ( ) );
#6788 = PRESENTATION_STYLE_ASSIGNMENT (( #4781 ) ) ;
#6789 = CARTESIAN_POINT ( 'NONE',  ( -0.2391694832240683077, 0.9810000000000003162, 0.2591245094712030239 ) ) ;
#6790 = ORIENTED_EDGE ( 'NONE', *, *, #5194, .F. ) ;
#6791 = PLANE ( 'NONE',  #4449 ) ;
#6792 = PRESENTATION_LAYER_ASSIGNMENT (  '', '', ( #10620 ) ) ;
#6793 = FILL_AREA_STYLE_COLOUR ( '', #3776 ) ;
#6794 = ORIENTED_EDGE ( 'NONE', *, *, #5836, .F. ) ;
#6795 = ORIENTED_EDGE ( 'NONE', *, *, #1951, .T. ) ;
#6796 = CARTESIAN_POINT ( 'NONE',  ( -0.2499999999999994171, 0.9999999999999995559, -0.02000000000000000389 ) ) ;
#6797 =( GEOMETRIC_REPRESENTATION_CONTEXT ( 3 ) GLOBAL_UNCERTAINTY_ASSIGNED_CONTEXT ( ( #5398 ) ) GLOBAL_UNIT_ASSIGNED_CONTEXT ( ( #1232, #3933, #8658 ) ) REPRESENTATION_CONTEXT ( 'NONE', 'WORKASPACE' ) );
#6798 = MECHANICAL_DESIGN_GEOMETRIC_PRESENTATION_REPRESENTATION (  '', ( #2714 ), #10252 ) ;
#6799 = CARTESIAN_POINT ( 'NONE',  ( 0.2197914174653515518, 0.9800000000000004263, 0.2461270851575140806 ) ) ;
#6800 = CARTESIAN_POINT ( 'NONE',  ( -0.1345384498917537586, 0.9800000000000004263, 0.2275812948293549076 ) ) ;
#6801 = EDGE_CURVE ( 'NONE', #3871, #9017, #4532, .T. ) ;
#6802 = VERTEX_POINT ( 'NONE', #32 ) ;
#6803 = SURFACE_SIDE_STYLE ('',( #9612 ) ) ;
#6804 = DIRECTION ( 'NONE',  ( -0.0000000000000000000, -1.000000000000000000, -0.0000000000000000000 ) ) ;
#6805 = ORIENTED_EDGE ( 'NONE', *, *, #6151, .F. ) ;
#6806 = FILL_AREA_STYLE_COLOUR ( '', #4179 ) ;
#6807 = CARTESIAN_POINT ( 'NONE',  ( -0.1944235917151589388, 0.9800000000000004263, 0.2431692426588429878 ) ) ;
#6808 = DIRECTION ( 'NONE',  ( -1.000000000000000000, 0.0000000000000000000, 0.0000000000000000000 ) ) ;
#6809 = FILL_AREA_STYLE ('',( #391 ) ) ;
#6810 = CARTESIAN_POINT ( 'NONE',  ( -0.005569245625948512218, 0.9810000000000003162, 0.2662191137651554462 ) ) ;
#6811 = EDGE_CURVE ( 'NONE', #8907, #10760, #10112, .T. ) ;
#6812 = VERTEX_POINT ( 'NONE', #6576 ) ;
#6813 = EDGE_LOOP ( 'NONE', ( #1605, #4679, #1306, #4084 ) ) ;
#6814 = SURFACE_SIDE_STYLE ('',( #5721 ) ) ;
#6815 = FILL_AREA_STYLE_COLOUR ( '', #2107 ) ;
#6816 = VERTEX_POINT ( 'NONE', #1827 ) ;
#6817 = CARTESIAN_POINT ( 'NONE',  ( -0.09174251952033846136, 0.9800000000000004263, 0.2318359982940586816 ) ) ;
#6818 = EDGE_LOOP ( 'NONE', ( #10283, #7541, #5355, #4114 ) ) ;
#6819 = PRESENTATION_STYLE_ASSIGNMENT (( #2875 ) ) ;
#6820 =( LENGTH_UNIT ( ) NAMED_UNIT ( * ) SI_UNIT ( .MILLI., .METRE. ) );
#6821 = CARTESIAN_POINT ( 'NONE',  ( -0.2909312565452122357, 0.9810000000000003162, 0.2545462710318336930 ) ) ;
#6822 = FILL_AREA_STYLE_COLOUR ( '', #11706 ) ;
#6823 = LINE ( 'NONE', #8693, #8501 ) ;
#6824 = ORIENTED_EDGE ( 'NONE', *, *, #4401, .F. ) ;
#6825 = CARTESIAN_POINT ( 'NONE',  ( 0.1813122104065303664, 0.9800000000000004263, 0.2176567344499826251 ) ) ;
#6826 = EDGE_CURVE ( 'NONE', #8127, #4918, #10247, .T. ) ;
#6827 = B_SPLINE_CURVE_WITH_KNOTS ( 'NONE', 3,
 ( #623, #7208, #678, #4310 ),
 .UNSPECIFIED., .F., .F.,
 ( 4, 4 ),
 ( 3.000000000000000000, 4.000000000000000000 ),
 .UNSPECIFIED. ) ;
#6828 = LINE ( 'NONE', #11615, #6739 ) ;
#6829 = DIRECTION ( 'NONE',  ( -0.0000000000000000000, -1.000000000000000000, -0.0000000000000000000 ) ) ;
#6830 = CARTESIAN_POINT ( 'NONE',  ( -0.2586451891742486686, 0.9800000000000004263, 0.2581025643573647277 ) ) ;
#6831 = DIRECTION ( 'NONE',  ( -0.9999748501857348426, 0.0000000000000000000, -0.007092178509965070370 ) ) ;
#6832 = CARTESIAN_POINT ( 'NONE',  ( -0.1494660812824138152, 0.9810000000000003162, 0.3183265555675406366 ) ) ;
#6833 = ORIENTED_EDGE ( 'NONE', *, *, #8296, .T. ) ;
#6834 = LINE ( 'NONE', #4902, #10508 ) ;
#6835 = B_SPLINE_CURVE_WITH_KNOTS ( 'NONE', 3,
 ( #5654, #10052, #5466, #2793 ),
 .UNSPECIFIED., .F., .F.,
 ( 4, 4 ),
 ( 4.000000000000000000, 5.000000000000000000 ),
 .UNSPECIFIED. ) ;
#6836 = DIRECTION ( 'NONE',  ( -0.9999748501857348426, -0.0000000000000000000, -0.007092178509965753851 ) ) ;
#6837 = CARTESIAN_POINT ( 'NONE',  ( -0.1004322965474254703, 0.9810000000000003162, 0.2164115577089509856 ) ) ;
#6838 = EDGE_CURVE ( 'NONE', #8442, #5965, #6406, .T. ) ;
#6839 = DIRECTION ( 'NONE',  ( -0.007092178510045413220, 0.0000000000000000000, 0.9999748501857342875 ) ) ;
#6840 = ORIENTED_EDGE ( 'NONE', *, *, #2782, .F. ) ;
#6841 = EDGE_LOOP ( 'NONE', ( #11297, #3841, #7430, #11708 ) ) ;
#6842 = CARTESIAN_POINT ( 'NONE',  ( 0.1107246808787639702, 0.9800000000000004263, 0.2308933233502464266 ) ) ;
#6843 = CARTESIAN_POINT ( 'NONE',  ( -0.3145688328394649069, 0.9810000000000003162, 0.2135930948889443459 ) ) ;
#6844 = EDGE_CURVE ( 'NONE', #3687, #10363, #9125, .T. ) ;
#6845 = ORIENTED_EDGE ( 'NONE', *, *, #5680, .T. ) ;
#6846 = CARTESIAN_POINT ( 'NONE',  ( 0.04919997201009356641, 0.9800000000000004263, 0.3425237802703828272 ) ) ;
#6847 = CARTESIAN_POINT ( 'NONE',  ( -0.1318807768746755316, 0.9810000000000003162, 0.2468621438305867999 ) ) ;
#6848 = EDGE_LOOP ( 'NONE', ( #7795, #10765, #2552, #6424 ) ) ;
#6849 = B_SPLINE_CURVE_WITH_KNOTS ( 'NONE', 3,
 ( #2647, #2703, #3673, #3547 ),
 .UNSPECIFIED., .F., .F.,
 ( 4, 4 ),
 ( 11.00000000000000000, 12.00000000000000000 ),
 .UNSPECIFIED. ) ;
#6850 = LINE ( 'NONE', #438, #4393 ) ;
#6851 = UNCERTAINTY_MEASURE_WITH_UNIT (LENGTH_MEASURE( 1.000000000000000082E-05 ), #4098, 'distance_accuracy_value', 'NONE');
#6852 = ADVANCED_FACE ( 'NONE', ( #3769 ), #2435, .F. ) ;
#6853 = SURFACE_STYLE_FILL_AREA ( #10638 ) ;
#6854 = PLANE ( 'NONE',  #5908 ) ;
#6855 = STYLED_ITEM ( 'NONE', ( #2605 ), #213 ) ;
#6856 = PRESENTATION_STYLE_ASSIGNMENT (( #11307 ) ) ;
#6857 = FILL_AREA_STYLE ('',( #6916 ) ) ;
#6858 = B_SPLINE_CURVE_WITH_KNOTS ( 'NONE', 3,
 ( #6029, #1431, #2389, #6078 ),
 .UNSPECIFIED., .F., .F.,
 ( 4, 4 ),
 ( 3.000000000000000000, 4.000000000000000000 ),
 .UNSPECIFIED. ) ;
#6859 = PLANE ( 'NONE',  #9826 ) ;
#6860 = VERTEX_POINT ( 'NONE', #6223 ) ;
#6861 = ORIENTED_EDGE ( 'NONE', *, *, #7802, .T. ) ;
#6862 = CARTESIAN_POINT ( 'NONE',  ( -0.2006224538167004912, 0.9800000000000004263, 0.3346782651888739468 ) ) ;
#6863 = ORIENTED_EDGE ( 'NONE', *, *, #7987, .F. ) ;
#6864 =( GEOMETRIC_REPRESENTATION_CONTEXT ( 3 ) GLOBAL_UNCERTAINTY_ASSIGNED_CONTEXT ( ( #6609 ) ) GLOBAL_UNIT_ASSIGNED_CONTEXT ( ( #6820, #5070, #2029 ) ) REPRESENTATION_CONTEXT ( 'NONE', 'WORKASPACE' ) );
#6865 = ORIENTED_EDGE ( 'NONE', *, *, #6687, .F. ) ;
#6866 = VERTEX_POINT ( 'NONE', #9892 ) ;
#6867 = EDGE_CURVE ( 'NONE', #3351, #5062, #5315, .T. ) ;
#6868 = CARTESIAN_POINT ( 'NONE',  ( -0.1626110226560525951, 0.9810000000000003162, 0.2236909606880192469 ) ) ;
#6869 = PRESENTATION_STYLE_ASSIGNMENT (( #11261 ) ) ;
#6870 = PRESENTATION_STYLE_ASSIGNMENT (( #11384 ) ) ;
#6871 = STYLED_ITEM ( 'NONE', ( #10709 ), #3308 ) ;
#6872 = PLANE ( 'NONE',  #876 ) ;
#6873 = B_SPLINE_SURFACE_WITH_KNOTS ( 'NONE', 3, 1, ( 
 ( #7448, #2857 ),
 ( #3528, #4632 ),
 ( #7219, #2627 ),
 ( #3579, #11890 ) ),
 .UNSPECIFIED., .F., .F., .F.,
 ( 4, 4 ),
 ( 2, 2 ),
 ( 11.00000000000000000, 12.00000000000000000 ),
 ( 0.0000000000000000000, 1.000000000000000000 ),
 .UNSPECIFIED. ) ;
#6874 = COLOUR_RGB ( '',0.2235294117647058654, 0.2235294117647058654, 0.2235294117647058654 ) ;
#6875 = SURFACE_SIDE_STYLE ('',( #8919 ) ) ;
#6876 = CARTESIAN_POINT ( 'NONE',  ( -0.1760709587560318201, 0.9800000000000004263, 0.3402332756990598117 ) ) ;
#6877 = ORIENTED_EDGE ( 'NONE', *, *, #5882, .T. ) ;
#6878 = SURFACE_STYLE_USAGE ( .BOTH. , #10440 ) ;
#6879 = CARTESIAN_POINT ( 'NONE',  ( 0.03378161602439329336, 0.9800000000000004263, 0.3247006391044053308 ) ) ;
#6880 = COLOUR_RGB ( '',0.2235294117647058654, 0.2235294117647058654, 0.2235294117647058654 ) ;
#6881 = AXIS2_PLACEMENT_3D ( 'NONE', #11831, #71, #5417 ) ;
#6882 = CARTESIAN_POINT ( 'NONE',  ( -0.1533170416905898781, 0.9810000000000003162, 0.2510512086686566557 ) ) ;
#6883 = CARTESIAN_POINT ( 'NONE',  ( -0.3145688328394649069, 0.9810000000000003162, 0.2135930948889443459 ) ) ;
#6884 = CARTESIAN_POINT ( 'NONE',  ( -0.1312385001222027836, 0.9810000000000003162, 0.2296062835793409307 ) ) ;
#6885 = ORIENTED_EDGE ( 'NONE', *, *, #11703, .T. ) ;
#6886 = PLANE ( 'NONE',  #9937 ) ;
#6887 =( GEOMETRIC_REPRESENTATION_CONTEXT ( 3 ) GLOBAL_UNCERTAINTY_ASSIGNED_CONTEXT ( ( #1297 ) ) GLOBAL_UNIT_ASSIGNED_CONTEXT ( ( #11800, #10966, #11073 ) ) REPRESENTATION_CONTEXT ( 'NONE', 'WORKASPACE' ) );
#6888 = CARTESIAN_POINT ( 'NONE',  ( -0.2912490753945281008, 0.9800000000000004263, 0.2553758442002304618 ) ) ;
#6889 = ADVANCED_FACE ( 'NONE', ( #11901 ), #1179, .F. ) ;
#6890 = LINE ( 'NONE', #233, #931 ) ;
#6891 = STYLED_ITEM ( 'NONE', ( #4201 ), #6987 ) ;
#6892 = CARTESIAN_POINT ( 'NONE',  ( -0.1944046177862706892, 0.9810000000000003162, 0.3321229041344889166 ) ) ;
#6893 = DIRECTION ( 'NONE',  ( 0.9999748501857348426, -0.0000000000000000000, 0.007092178509961435257 ) ) ;
#6894 = DIRECTION ( 'NONE',  ( -0.0000000000000000000, -1.000000000000000000, -0.0000000000000000000 ) ) ;
#6895 = CARTESIAN_POINT ( 'NONE',  ( -0.1325413023246454214, 0.9810000000000003162, 0.2520303848801613289 ) ) ;
#6896 = ORIENTED_EDGE ( 'NONE', *, *, #9686, .F. ) ;
#6897 = ORIENTED_EDGE ( 'NONE', *, *, #3879, .F. ) ;
#6898 = CARTESIAN_POINT ( 'NONE',  ( -0.07175893125868469669, 0.9810000000000003162, 0.2382164334341081158 ) ) ;
#6899 = VECTOR ( 'NONE', #807, 1000.000000000000000 ) ;
#6900 = EDGE_CURVE ( 'NONE', #9688, #1550, #4140, .T. ) ;
#6901 = PRESENTATION_STYLE_ASSIGNMENT (( #8533 ) ) ;
#6902 = ORIENTED_EDGE ( 'NONE', *, *, #9764, .F. ) ;
#6903 = MECHANICAL_DESIGN_GEOMETRIC_PRESENTATION_REPRESENTATION (  '', ( #8264 ), #7871 ) ;
#6904 = CARTESIAN_POINT ( 'NONE',  ( -0.07180022649168252280, 0.9810000000000003162, 0.2440389313270088789 ) ) ;
#6905 = VERTEX_POINT ( 'NONE', #9391 ) ;
#6906 = FILL_AREA_STYLE_COLOUR ( '', #8253 ) ;
#6907 = DIRECTION ( 'NONE',  ( 0.0000000000000000000, -1.000000000000000000, 0.0000000000000000000 ) ) ;
#6908 = EDGE_CURVE ( 'NONE', #1485, #1220, #8740, .T. ) ;
#6909 = ORIENTED_EDGE ( 'NONE', *, *, #1225, .T. ) ;
#6910 = CARTESIAN_POINT ( 'NONE',  ( -0.1907102522281630685, 0.9810000000000003162, 0.3353464418983808093 ) ) ;
#6911 = CARTESIAN_POINT ( 'NONE',  ( -0.1312837720141229736, 0.9810000000000003162, 0.3184555109937997064 ) ) ;
#6912 = COLOUR_RGB ( '',0.2235294117647058654, 0.2235294117647058654, 0.2235294117647058654 ) ;
#6913 = VECTOR ( 'NONE', #4664, 1000.000000000000114 ) ;
#6914 = EDGE_CURVE ( 'NONE', #11171, #5524, #11574, .T. ) ;
#6915 = FILL_AREA_STYLE_COLOUR ( '', #111 ) ;
#6916 = FILL_AREA_STYLE_COLOUR ( '', #5579 ) ;
#6917 = CARTESIAN_POINT ( 'NONE',  ( -0.1003002224825731981, 0.9810000000000003162, 0.2949161914606361345 ) ) ;
#6918 = DIRECTION ( 'NONE',  ( 0.9999748501857351757, 0.0000000000000000000, 0.007092178509923869820 ) ) ;
#6919 = ORIENTED_EDGE ( 'NONE', *, *, #1196, .T. ) ;
#6920 = ORIENTED_EDGE ( 'NONE', *, *, #1533, .F. ) ;
#6921 =( LENGTH_UNIT ( ) NAMED_UNIT ( * ) SI_UNIT ( .MILLI., .METRE. ) );
#6922 = ORIENTED_EDGE ( 'NONE', *, *, #10276, .F. ) ;
#6923 = VECTOR ( 'NONE', #7909, 1000.000000000000000 ) ;
#6924 = SURFACE_SIDE_STYLE ('',( #333 ) ) ;
#6925 = ORIENTED_EDGE ( 'NONE', *, *, #5859, .F. ) ;
#6926 = ORIENTED_EDGE ( 'NONE', *, *, #2193, .T. ) ;
#6927 = DIRECTION ( 'NONE',  ( 0.3625544874979447774, -0.0000000000000000000, -0.9319625762846395212 ) ) ;
#6928 = CARTESIAN_POINT ( 'NONE',  ( 0.01679171835792092615, 0.9800000000000004263, 0.2226354991997891719 ) ) ;
#6929 = STYLED_ITEM ( 'NONE', ( #3633 ), #6247 ) ;
#6930 =( GEOMETRIC_REPRESENTATION_CONTEXT ( 3 ) GLOBAL_UNCERTAINTY_ASSIGNED_CONTEXT ( ( #3689 ) ) GLOBAL_UNIT_ASSIGNED_CONTEXT ( ( #3119, #2378, #9562 ) ) REPRESENTATION_CONTEXT ( 'NONE', 'WORKASPACE' ) );
#6931 = LINE ( 'NONE', #458, #3973 ) ;
#6932 =( LENGTH_UNIT ( ) NAMED_UNIT ( * ) SI_UNIT ( .MILLI., .METRE. ) );
#6933 = CARTESIAN_POINT ( 'NONE',  ( 0.0000000000000000000, 0.9800000000000004263, 0.0000000000000000000 ) ) ;
#6934 = VECTOR ( 'NONE', #11084, 1000.000000000000000 ) ;
#6935 = ADVANCED_FACE ( 'NONE', ( #2209 ), #11317, .F. ) ;
#6936 = VECTOR ( 'NONE', #4175, 1000.000000000000114 ) ;
#6937 =( LENGTH_UNIT ( ) NAMED_UNIT ( * ) SI_UNIT ( .MILLI., .METRE. ) );
#6938 = ORIENTED_EDGE ( 'NONE', *, *, #10081, .F. ) ;
#6939 = COLOUR_RGB ( '',0.2235294117647058654, 0.2235294117647058654, 0.2235294117647058654 ) ;
#6940 = LINE ( 'NONE', #9588, #2657 ) ;
#6941 = CARTESIAN_POINT ( 'NONE',  ( -0.1944235917151589110, 0.9810000000000003162, 0.2431692426588430156 ) ) ;
#6942 = CARTESIAN_POINT ( 'NONE',  ( -0.08033717660658878934, 0.9800000000000004263, 0.2217270052029412519 ) ) ;
#6943 = VECTOR ( 'NONE', #9395, 1000.000000000000114 ) ;
#6944 = VECTOR ( 'NONE', #1478, 1000.000000000000114 ) ;
#6945 = DIRECTION ( 'NONE',  ( 0.9999748501857348426, 0.0000000000000000000, 0.007092178509964853529 ) ) ;
#6946 = DIRECTION ( 'NONE',  ( -0.9999748501857348426, -0.0000000000000000000, -0.007092178509963911574 ) ) ;
#6947 = AXIS2_PLACEMENT_3D ( 'NONE', #9281, #5557, #4589 ) ;
#6948 = DIRECTION ( 'NONE',  ( 0.9999748501857348426, -0.0000000000000000000, 0.007092178509962865536 ) ) ;
#6949 = FACE_OUTER_BOUND ( 'NONE', #9386, .T. ) ;
#6950 = MECHANICAL_DESIGN_GEOMETRIC_PRESENTATION_REPRESENTATION (  '', ( #7919 ), #1725 ) ;
#6951 = ORIENTED_EDGE ( 'NONE', *, *, #1216, .T. ) ;
#6952 = EDGE_CURVE ( 'NONE', #3214, #9198, #10846, .T. ) ;
#6953 = PRESENTATION_STYLE_ASSIGNMENT (( #7744 ) ) ;
#6954 = CARTESIAN_POINT ( 'NONE',  ( -0.1754940304656119054, 0.9810000000000003162, 0.3010375081660242591 ) ) ;
#6955 = CARTESIAN_POINT ( 'NONE',  ( -0.1962292172351242647, 0.9800000000000004263, 0.3273269567171492311 ) ) ;
#6956 = DIRECTION ( 'NONE',  ( -0.9999748501857340655, 0.0000000000000000000, -0.007092178510054865728 ) ) ;
#6957 = ORIENTED_EDGE ( 'NONE', *, *, #4399, .T. ) ;
#6958 = ORIENTED_EDGE ( 'NONE', *, *, #9063, .T. ) ;
#6959 = UNCERTAINTY_MEASURE_WITH_UNIT (LENGTH_MEASURE( 1.000000000000000082E-05 ), #11106, 'distance_accuracy_value', 'NONE');
#6960 = SURFACE_STYLE_FILL_AREA ( #7075 ) ;
#6961 = VECTOR ( 'NONE', #6209, 1000.000000000000000 ) ;
#6962 = LINE ( 'NONE', #7148, #6198 ) ;
#6963 =( NAMED_UNIT ( * ) SI_UNIT ( $, .STERADIAN. ) SOLID_ANGLE_UNIT ( ) );
#6964 =( GEOMETRIC_REPRESENTATION_CONTEXT ( 3 ) GLOBAL_UNCERTAINTY_ASSIGNED_CONTEXT ( ( #1797 ) ) GLOBAL_UNIT_ASSIGNED_CONTEXT ( ( #1698, #981, #5454 ) ) REPRESENTATION_CONTEXT ( 'NONE', 'WORKASPACE' ) );
#6965 = ORIENTED_EDGE ( 'NONE', *, *, #2531, .F. ) ;
#6966 = ORIENTED_EDGE ( 'NONE', *, *, #11036, .F. ) ;
#6967 = PLANE ( 'NONE',  #11320 ) ;
#6968 =( LENGTH_UNIT ( ) NAMED_UNIT ( * ) SI_UNIT ( .MILLI., .METRE. ) );
#6969 = ADVANCED_FACE ( 'NONE', ( #1367 ), #5855, .T. ) ;
#6970 = VERTEX_POINT ( 'NONE', #10648 ) ;
#6971 = UNCERTAINTY_MEASURE_WITH_UNIT (LENGTH_MEASURE( 1.000000000000000082E-05 ), #8394, 'distance_accuracy_value', 'NONE');
#6972 = STYLED_ITEM ( 'NONE', ( #10772 ), #4744 ) ;
#6973 = PLANE ( 'NONE',  #8279 ) ;
#6974 = B_SPLINE_CURVE_WITH_KNOTS ( 'NONE', 3,
 ( #275, #1138, #7532, #1252 ),
 .UNSPECIFIED., .F., .F.,
 ( 4, 4 ),
 ( 4.000000000000000000, 5.000000000000000000 ),
 .UNSPECIFIED. ) ;
#6975 = CARTESIAN_POINT ( 'NONE',  ( -0.1212757873553534926, 0.9800000000000004263, 0.2341480141806742687 ) ) ;
#6976 = CARTESIAN_POINT ( 'NONE',  ( -0.1032049167189015987, 0.9800000000000004263, 0.2298311023591409763 ) ) ;
#6977 = CARTESIAN_POINT ( 'NONE',  ( -0.1426932463513330973, 0.9810000000000003162, 0.2246900465209392683 ) ) ;
#6978 = LINE ( 'NONE', #3403, #3501 ) ;
#6979 = ORIENTED_EDGE ( 'NONE', *, *, #2833, .F. ) ;
#6980 = VERTEX_POINT ( 'NONE', #6257 ) ;
#6981 =( NAMED_UNIT ( * ) PLANE_ANGLE_UNIT ( ) SI_UNIT ( $, .RADIAN. ) );
#6982 = VECTOR ( 'NONE', #9337, 1000.000000000000000 ) ;
#6983 = PRESENTATION_STYLE_ASSIGNMENT (( #11484 ) ) ;
#6984 = ORIENTED_EDGE ( 'NONE', *, *, #7196, .F. ) ;
#6985 = CARTESIAN_POINT ( 'NONE',  ( -0.08342466306684383215, 0.9810000000000003162, 0.2172340361602148329 ) ) ;
#6986 = EDGE_CURVE ( 'NONE', #3414, #1049, #4377, .T. ) ;
#6987 = ADVANCED_FACE ( 'NONE', ( #4319 ), #600, .F. ) ;
#6988 = VERTEX_POINT ( 'NONE', #5174 ) ;
#6989 = EDGE_LOOP ( 'NONE', ( #3160, #3272, #5152, #1635 ) ) ;
#6990 = CARTESIAN_POINT ( 'NONE',  ( -0.2637209782843918382, 0.9800000000000004263, 0.2535694989610192684 ) ) ;
#6991 =( NAMED_UNIT ( * ) PLANE_ANGLE_UNIT ( ) SI_UNIT ( $, .RADIAN. ) );
#6992 =( LENGTH_UNIT ( ) NAMED_UNIT ( * ) SI_UNIT ( .MILLI., .METRE. ) );
#6993 = CARTESIAN_POINT ( 'NONE',  ( -0.07856088943584205175, 0.9810000000000003162, 0.3066379723109163291 ) ) ;
#6994 = CARTESIAN_POINT ( 'NONE',  ( -0.1004230800217317393, 0.9800000000000004263, 0.2224423706627196295 ) ) ;
#6995 = CARTESIAN_POINT ( 'NONE',  ( -0.5999999999999994227, -1.000000000000000444, 0.5500000000000000444 ) ) ;
#6996 = LINE ( 'NONE', #701, #6961 ) ;
#6997 = VERTEX_POINT ( 'NONE', #8851 ) ;
#6998 = EDGE_CURVE ( 'NONE', #3213, #1402, #11547, .T. ) ;
#6999 = DIRECTION ( 'NONE',  ( -0.9999748501857348426, 0.0000000000000000000, -0.007092178509964144895 ) ) ;
#7000 = CARTESIAN_POINT ( 'NONE',  ( -0.2471779074722782188, 0.9810000000000003162, 0.2649164962434449322 ) ) ;
#7001 = CARTESIAN_POINT ( 'NONE',  ( 0.09822897624322909915, 0.9800000000000004263, 0.3616698184917169212 ) ) ;
#7002 = EDGE_CURVE ( 'NONE', #328, #1876, #8139, .T. ) ;
#7003 = CARTESIAN_POINT ( 'NONE',  ( -0.1760709587560318201, 0.9810000000000003162, 0.3402332756990598117 ) ) ;
#7004 = CARTESIAN_POINT ( 'NONE',  ( -0.07643395685073957335, 0.9800000000000004263, 0.3127877832693019555 ) ) ;
#7005 = CARTESIAN_POINT ( 'NONE',  ( -0.09161716421311497105, 0.9810000000000003162, 0.2471477077409179324 ) ) ;
#7006 = CARTESIAN_POINT ( 'NONE',  ( -0.1952843293647865686, 0.9800000000000004263, 0.3022228729883505438 ) ) ;
#7007 = CARTESIAN_POINT ( 'NONE',  ( -0.1147336061947704378, 0.9810000000000003162, 0.3452953411902958680 ) ) ;
#7008 = ORIENTED_EDGE ( 'NONE', *, *, #700, .F. ) ;
#7009 = CARTESIAN_POINT ( 'NONE',  ( 0.1621738583449651716, 0.9800000000000004263, 0.2656012851959037024 ) ) ;
#7010 = FACE_OUTER_BOUND ( 'NONE', #4105, .T. ) ;
#7011 = LINE ( 'NONE', #5998, #10559 ) ;
#7012 = FACE_OUTER_BOUND ( 'NONE', #4269, .T. ) ;
#7013 = ORIENTED_EDGE ( 'NONE', *, *, #4436, .T. ) ;
#7014 = VERTEX_POINT ( 'NONE', #2329 ) ;
#7015 = CARTESIAN_POINT ( 'NONE',  ( -0.2583828538324782764, 0.9800000000000004263, 0.2211141067604965316 ) ) ;
#7016 = PRESENTATION_STYLE_ASSIGNMENT (( #5052 ) ) ;
#7017 = EDGE_CURVE ( 'NONE', #9390, #3980, #3950, .T. ) ;
#7018 = FACE_OUTER_BOUND ( 'NONE', #6848, .T. ) ;
#7019 =( NAMED_UNIT ( * ) SI_UNIT ( $, .STERADIAN. ) SOLID_ANGLE_UNIT ( ) );
#7020 = ORIENTED_EDGE ( 'NONE', *, *, #11045, .T. ) ;
#7021 = SURFACE_SIDE_STYLE ('',( #1750 ) ) ;
#7022 = UNCERTAINTY_MEASURE_WITH_UNIT (LENGTH_MEASURE( 1.000000000000000082E-05 ), #9652, 'distance_accuracy_value', 'NONE');
#7023 = PRESENTATION_STYLE_ASSIGNMENT (( #2484 ) ) ;
#7024 = ORIENTED_EDGE ( 'NONE', *, *, #3095, .T. ) ;
#7025 = DIRECTION ( 'NONE',  ( -0.0000000000000000000, -1.000000000000000000, -0.0000000000000000000 ) ) ;
#7026 = DIRECTION ( 'NONE',  ( -0.2455530343989368036, 0.0000000000000000000, -0.9693831581461864744 ) ) ;
#7027 = CYLINDRICAL_SURFACE ( 'NONE', #9737, 0.02000000000000005246 ) ;
#7028 = PRESENTATION_STYLE_ASSIGNMENT (( #740 ) ) ;
#7029 =( NAMED_UNIT ( * ) PLANE_ANGLE_UNIT ( ) SI_UNIT ( $, .RADIAN. ) );
#7030 = ADVANCED_FACE ( 'NONE', ( #8789 ), #3413, .T. ) ;
#7031 = CARTESIAN_POINT ( 'NONE',  ( -0.2919442581832068506, 0.9810000000000003162, 0.2581003468908734111 ) ) ;
#7032 = EDGE_LOOP ( 'NONE', ( #2655, #8135, #179, #9450 ) ) ;
#7033 = ORIENTED_EDGE ( 'NONE', *, *, #1788, .T. ) ;
#7034 = LINE ( 'NONE', #1426, #9230 ) ;
#7035 = ORIENTED_EDGE ( 'NONE', *, *, #1005, .F. ) ;
#7036 = CARTESIAN_POINT ( 'NONE',  ( -0.1147336061947704378, 0.9810000000000003162, 0.3452953411902958680 ) ) ;
#7037 = PRESENTATION_LAYER_ASSIGNMENT (  '', '', ( #8396 ) ) ;
#7038 = EDGE_LOOP ( 'NONE', ( #1035, #9314, #11602, #7652 ) ) ;
#7039 = VERTEX_POINT ( 'NONE', #5461 ) ;
#7040 = VECTOR ( 'NONE', #1370, 1000.000000000000227 ) ;
#7041 = CARTESIAN_POINT ( 'NONE',  ( -0.2661852694723765844, 0.9800000000000004263, 0.2400088338596155779 ) ) ;
#7042 = DIRECTION ( 'NONE',  ( -0.007092178509963212481, 0.0000000000000000000, 0.9999748501857348426 ) ) ;
#7043 = LINE ( 'NONE', #4144, #9346 ) ;
#7044 = PRESENTATION_STYLE_ASSIGNMENT (( #1603 ) ) ;
#7045 = EDGE_CURVE ( 'NONE', #4142, #6177, #6492, .T. ) ;
#7046 = CARTESIAN_POINT ( 'NONE',  ( -0.1070772900068362871, 0.9810000000000003162, 0.3415024414702119704 ) ) ;
#7047 =( LENGTH_UNIT ( ) NAMED_UNIT ( * ) SI_UNIT ( .MILLI., .METRE. ) );
#7048 = COLOUR_RGB ( '',0.2235294117647058654, 0.2235294117647058654, 0.2235294117647058654 ) ;
#7049 = CARTESIAN_POINT ( 'NONE',  ( -0.08337896074994888274, 0.9800000000000004263, 0.3207448641368762510 ) ) ;
#7050 = PRESENTATION_LAYER_ASSIGNMENT (  '', '', ( #7832 ) ) ;
#7051 = DIRECTION ( 'NONE',  ( 0.9999748501857348426, -0.0000000000000000000, 0.007092178509962634818 ) ) ;
#7052 = PRESENTATION_LAYER_ASSIGNMENT (  '', '', ( #3202 ) ) ;
#7053 = ORIENTED_EDGE ( 'NONE', *, *, #2294, .T. ) ;
#7054 = EDGE_CURVE ( 'NONE', #4315, #11606, #2852, .T. ) ;
#7055 = CARTESIAN_POINT ( 'NONE',  ( 0.2186505424965838329, 0.9800000000000004263, 0.3050444569674231055 ) ) ;
#7056 = CARTESIAN_POINT ( 'NONE',  ( -0.07903605505406992304, 0.9800000000000004263, 0.3351506802959132725 ) ) ;
#7057 = CARTESIAN_POINT ( 'NONE',  ( -0.07654604391173461253, 0.9800000000000004263, 0.3285917061216096502 ) ) ;
#7058 = VECTOR ( 'NONE', #11018, 1000.000000000000000 ) ;
#7059 =( NAMED_UNIT ( * ) PLANE_ANGLE_UNIT ( ) SI_UNIT ( $, .RADIAN. ) );
#7060 = STYLED_ITEM ( 'NONE', ( #9208 ), #9354 ) ;
#7061 = CARTESIAN_POINT ( 'NONE',  ( -0.07643395685073957335, 0.9810000000000003162, 0.3127877832693019555 ) ) ;
#7062 = FACE_OUTER_BOUND ( 'NONE', #5506, .T. ) ;
#7063 = PRESENTATION_STYLE_ASSIGNMENT (( #6158 ) ) ;
#7064 = CARTESIAN_POINT ( 'NONE',  ( -0.1004230800217317393, 0.9800000000000004263, 0.2224423706627196295 ) ) ;
#7065 = CARTESIAN_POINT ( 'NONE',  ( -0.08683725237851296075, 0.9810000000000003162, 0.2274257113143270670 ) ) ;
#7066 = AXIS2_PLACEMENT_3D ( 'NONE', #4034, #10376, #4097 ) ;
#7067 = PRESENTATION_LAYER_ASSIGNMENT (  '', '', ( #8978 ) ) ;
#7068 = EDGE_CURVE ( 'NONE', #2901, #9747, #11002, .T. ) ;
#7069 = FILL_AREA_STYLE ('',( #3374 ) ) ;
#7070 = VECTOR ( 'NONE', #5340, 1000.000000000000000 ) ;
#7071 = B_SPLINE_SURFACE_WITH_KNOTS ( 'NONE', 3, 1, ( 
 ( #2042, #4834 ),
 ( #3076, #6780 ),
 ( #3909, #1261 ),
 ( #2174, #11076 ) ),
 .UNSPECIFIED., .F., .F., .F.,
 ( 4, 4 ),
 ( 2, 2 ),
 ( 1.000000000000000000, 2.000000000000000000 ),
 ( 0.0000000000000000000, 1.000000000000000000 ),
 .UNSPECIFIED. ) ;
#7072 = ORIENTED_EDGE ( 'NONE', *, *, #4500, .F. ) ;
#7073 = VERTEX_POINT ( 'NONE', #919 ) ;
#7074 = UNCERTAINTY_MEASURE_WITH_UNIT (LENGTH_MEASURE( 1.000000000000000082E-05 ), #6438, 'distance_accuracy_value', 'NONE');
#7075 = FILL_AREA_STYLE ('',( #1455 ) ) ;
#7076 = FILL_AREA_STYLE_COLOUR ( '', #5204 ) ;
#7077 = VECTOR ( 'NONE', #4676, 1000.000000000000114 ) ;
#7078 = MECHANICAL_DESIGN_GEOMETRIC_PRESENTATION_REPRESENTATION (  '', ( #3988 ), #889 ) ;
#7079 = CARTESIAN_POINT ( 'NONE',  ( 0.0000000000000000000, 0.9800000000000004263, 0.0000000000000000000 ) ) ;
#7080 = VECTOR ( 'NONE', #491, 1000.000000000000000 ) ;
#7081 = FILL_AREA_STYLE ('',( #8054 ) ) ;
#7082 = EDGE_LOOP ( 'NONE', ( #8470, #3054, #3412, #2635 ) ) ;
#7083 = CARTESIAN_POINT ( 'NONE',  ( 0.008049363051064835003, 0.9810000000000003162, 0.2319726427754881526 ) ) ;
#7084 = EDGE_CURVE ( 'NONE', #10114, #1221, #639, .T. ) ;
#7085 = DIRECTION ( 'NONE',  ( -0.0000000000000000000, -1.000000000000000000, -0.0000000000000000000 ) ) ;
#7086 = MECHANICAL_DESIGN_GEOMETRIC_PRESENTATION_REPRESENTATION (  '', ( #322 ), #8058 ) ;
#7087 = CARTESIAN_POINT ( 'NONE',  ( 0.3817097946182765877, 1.000000000000000444, 0.5300000000000001377 ) ) ;
#7088 = DIRECTION ( 'NONE',  ( -0.9999748501857348426, 0.0000000000000000000, -0.007092178509963093652 ) ) ;
#7089 = EDGE_LOOP ( 'NONE', ( #8741, #4522, #11869, #10001, #10169, #1172, #6254, #2546, #261, #3100, #4860, #5930, #11456, #3880 ) ) ;
#7090 = CARTESIAN_POINT ( 'NONE',  ( -0.1345384498917537586, 0.9810000000000003162, 0.2275812948293549076 ) ) ;
#7091 = FACE_OUTER_BOUND ( 'NONE', #816, .T. ) ;
#7092 = CARTESIAN_POINT ( 'NONE',  ( -0.1147336061947704239, 0.9800000000000004263, 0.3452953411902958680 ) ) ;
#7093 = SURFACE_STYLE_FILL_AREA ( #1537 ) ;
#7094 = CARTESIAN_POINT ( 'NONE',  ( -0.2575031422539598713, 0.9800000000000004263, 0.2510141379062890699 ) ) ;
#7095 = SHAPE_DEFINITION_REPRESENTATION ( #1377, #4313 ) ;
#7096 = VECTOR ( 'NONE', #11871, 1000.000000000000000 ) ;
#7097 = CARTESIAN_POINT ( 'NONE',  ( -0.1032049167189015987, 0.9810000000000003162, 0.2298311023591409763 ) ) ;
#7098 = CARTESIAN_POINT ( 'NONE',  ( 0.2101081641215258311, 0.9800000000000004263, 0.2352132453259013212 ) ) ;
#7099 = ORIENTED_EDGE ( 'NONE', *, *, #10940, .T. ) ;
#7100 = VERTEX_POINT ( 'NONE', #6433 ) ;
#7101 = EDGE_CURVE ( 'NONE', #1959, #5440, #5546, .T. ) ;
#7102 = LINE ( 'NONE', #9866, #4040 ) ;
#7103 = ORIENTED_EDGE ( 'NONE', *, *, #11677, .F. ) ;
#7104 = SURFACE_STYLE_USAGE ( .BOTH. , #1547 ) ;
#7105 = B_SPLINE_CURVE_WITH_KNOTS ( 'NONE', 3,
 ( #11443, #4220, #4334, #10660 ),
 .UNSPECIFIED., .F., .F.,
 ( 4, 4 ),
 ( 5.000000000000000000, 6.000000000000000000 ),
 .UNSPECIFIED. ) ;
#7106 = VERTEX_POINT ( 'NONE', #4737 ) ;
#7107 = VECTOR ( 'NONE', #10848, 1000.000000000000000 ) ;
#7108 = ORIENTED_EDGE ( 'NONE', *, *, #5142, .T. ) ;
#7109 = CARTESIAN_POINT ( 'NONE',  ( -0.1961392526203776521, 0.9810000000000003162, 0.3146422291645478708 ) ) ;
#7110 = LINE ( 'NONE', #4208, #8991 ) ;
#7111 = SURFACE_STYLE_USAGE ( .BOTH. , #3421 ) ;
#7112 =( NAMED_UNIT ( * ) SI_UNIT ( $, .STERADIAN. ) SOLID_ANGLE_UNIT ( ) );
#7113 = CARTESIAN_POINT ( 'NONE',  ( -0.2057221106415925982, 0.9810000000000003162, 0.2950263236617829965 ) ) ;
#7114 = SURFACE_STYLE_USAGE ( .BOTH. , #3423 ) ;
#7115 = VECTOR ( 'NONE', #9094, 1000.000000000000114 ) ;
#7116 = CARTESIAN_POINT ( 'NONE',  ( 0.1577257532260294970, 0.9800000000000004263, 0.3320868017686833262 ) ) ;
#7117 = ORIENTED_EDGE ( 'NONE', *, *, #3152, .T. ) ;
#7118 =( NAMED_UNIT ( * ) SI_UNIT ( $, .STERADIAN. ) SOLID_ANGLE_UNIT ( ) );
#7119 = EDGE_CURVE ( 'NONE', #10416, #10551, #2788, .T. ) ;
#7120 = AXIS2_PLACEMENT_3D ( 'NONE', #5704, #3044, #4863 ) ;
#7121 = B_SPLINE_CURVE_WITH_KNOTS ( 'NONE', 3,
 ( #4110, #1215, #4842, #6789 ),
 .UNSPECIFIED., .F., .F.,
 ( 4, 4 ),
 ( 5.000000000000000000, 6.000000000000000000 ),
 .UNSPECIFIED. ) ;
#7122 = VECTOR ( 'NONE', #8904, 1000.000000000000000 ) ;
#7123 = CARTESIAN_POINT ( 'NONE',  ( -0.07648797249033079115, 0.9800000000000004263, 0.3204038184596204597 ) ) ;
#7124 = PRESENTATION_LAYER_ASSIGNMENT (  '', '', ( #3449 ) ) ;
#7125 = CARTESIAN_POINT ( 'NONE',  ( -0.1107081413576303519, 0.9800000000000004263, 0.3018349226340950597 ) ) ;
#7126 = FILL_AREA_STYLE ('',( #2404 ) ) ;
#7127 = PRESENTATION_LAYER_ASSIGNMENT (  '', '', ( #366 ) ) ;
#7128 = CARTESIAN_POINT ( 'NONE',  ( -0.1494660812824138429, 0.9800000000000004263, 0.3183265555675406366 ) ) ;
#7129 = CARTESIAN_POINT ( 'NONE',  ( -0.2442181792996963863, 0.9810000000000003162, 0.2947532958043280193 ) ) ;
#7130 = B_SPLINE_CURVE_WITH_KNOTS ( 'NONE', 3,
 ( #517, #4330, #1379, #7116 ),
 .UNSPECIFIED., .F., .F.,
 ( 4, 4 ),
 ( 3.000000000000000000, 4.000000000000000000 ),
 .UNSPECIFIED. ) ;
#7131 = ADVANCED_FACE ( 'NONE', ( #4627 ), #858, .F. ) ;
#7132 = STYLED_ITEM ( 'NONE', ( #11884 ), #5734 ) ;
#7133 = MECHANICAL_DESIGN_GEOMETRIC_PRESENTATION_REPRESENTATION (  '', ( #5588 ), #3845 ) ;
#7134 = B_SPLINE_CURVE_WITH_KNOTS ( 'NONE', 3,
 ( #6474, #4481, #10150, #3684 ),
 .UNSPECIFIED., .F., .F.,
 ( 4, 4 ),
 ( 12.00000000000000000, 13.00000000000000000 ),
 .UNSPECIFIED. ) ;
#7135 = CARTESIAN_POINT ( 'NONE',  ( -0.2699999999999994071, 1.000000000000000444, 0.5300000000000001377 ) ) ;
#7136 = CARTESIAN_POINT ( 'NONE',  ( -0.2927117971955626730, 0.9800000000000004263, 0.2545336428020995578 ) ) ;
#7137 = SURFACE_STYLE_FILL_AREA ( #659 ) ;
#7138 = MECHANICAL_DESIGN_GEOMETRIC_PRESENTATION_REPRESENTATION (  '', ( #10017 ), #1719 ) ;
#7139 =( NAMED_UNIT ( * ) SI_UNIT ( $, .STERADIAN. ) SOLID_ANGLE_UNIT ( ) );
#7140 = EDGE_CURVE ( 'NONE', #8933, #8610, #11824, .T. ) ;
#7141 = VECTOR ( 'NONE', #5626, 1000.000000000000000 ) ;
#7142 = ORIENTED_EDGE ( 'NONE', *, *, #2186, .F. ) ;
#7143 = CARTESIAN_POINT ( 'NONE',  ( 0.06238787541147082505, 0.9800000000000004263, 0.2160902660971580347 ) ) ;
#7144 = CARTESIAN_POINT ( 'NONE',  ( -0.1181541937166796508, 0.9810000000000003162, 0.2228365073095896209 ) ) ;
#7145 = AXIS2_PLACEMENT_3D ( 'NONE', #6343, #10791, #7762 ) ;
#7146 = AXIS2_PLACEMENT_3D ( 'NONE', #53, #2900, #1029 ) ;
#7147 = CARTESIAN_POINT ( 'NONE',  ( -0.1212757873553534926, 0.9800000000000004263, 0.2341480141806742687 ) ) ;
#7148 = CARTESIAN_POINT ( 'NONE',  ( 0.2499999999999994171, -1.000000000000000444, -0.02000000000000000389 ) ) ;
#7149 = PLANE ( 'NONE',  #3275 ) ;
#7150 = ORIENTED_EDGE ( 'NONE', *, *, #2348, .F. ) ;
#7151 =( LENGTH_UNIT ( ) NAMED_UNIT ( * ) SI_UNIT ( .MILLI., .METRE. ) );
#7152 = B_SPLINE_SURFACE_WITH_KNOTS ( 'NONE', 3, 1, ( 
 ( #7185, #4403 ),
 ( #8927, #10725 ),
 ( #1506, #3318 ),
 ( #4342, #6098 ) ),
 .UNSPECIFIED., .F., .F., .F.,
 ( 4, 4 ),
 ( 2, 2 ),
 ( 2.000000000000000000, 3.000000000000000000 ),
 ( 0.0000000000000000000, 1.000000000000000000 ),
 .UNSPECIFIED. ) ;
#7153 = CARTESIAN_POINT ( 'NONE',  ( -0.1003002224825731981, 0.9800000000000004263, 0.2949161914606361345 ) ) ;
#7154 = SURFACE_STYLE_FILL_AREA ( #670 ) ;
#7155 = ORIENTED_EDGE ( 'NONE', *, *, #6031, .T. ) ;
#7156 = COLOUR_RGB ( '',0.2235294117647058654, 0.2235294117647058654, 0.2235294117647058654 ) ;
#7157 = DIRECTION ( 'NONE',  ( 0.0000000000000000000, 0.0000000000000000000, 1.000000000000000000 ) ) ;
#7158 = ADVANCED_FACE ( 'NONE', ( #2675 ), #6379, .T. ) ;
#7159 = PRESENTATION_STYLE_ASSIGNMENT (( #4260 ) ) ;
#7160 = CARTESIAN_POINT ( 'NONE',  ( -0.08826680385442121912, 0.9810000000000003162, 0.3062052100787246989 ) ) ;
#7161 = CARTESIAN_POINT ( 'NONE',  ( 0.1141344337110899720, 0.9810000000000003162, 0.3617826256724412382 ) ) ;
#7162 = VERTEX_POINT ( 'NONE', #4866 ) ;
#7163 = ORIENTED_EDGE ( 'NONE', *, *, #3139, .T. ) ;
#7164 = VERTEX_POINT ( 'NONE', #9616 ) ;
#7165 = AXIS2_PLACEMENT_3D ( 'NONE', #11584, #10569, #6233 ) ;
#7166 = ORIENTED_EDGE ( 'NONE', *, *, #11464, .F. ) ;
#7167 = ORIENTED_EDGE ( 'NONE', *, *, #10428, .T. ) ;
#7168 =( LENGTH_UNIT ( ) NAMED_UNIT ( * ) SI_UNIT ( .MILLI., .METRE. ) );
#7169 = FACE_OUTER_BOUND ( 'NONE', #11843, .T. ) ;
#7170 = EDGE_CURVE ( 'NONE', #138, #8959, #8598, .T. ) ;
#7171 = DIRECTION ( 'NONE',  ( 0.9999748501857348426, -0.0000000000000000000, 0.007092178509963093652 ) ) ;
#7172 = DIRECTION ( 'NONE',  ( 0.007092178509961008515, 0.0000000000000000000, -0.9999748501857348426 ) ) ;
#7173 = VECTOR ( 'NONE', #8545, 1000.000000000000000 ) ;
#7174 = VERTEX_POINT ( 'NONE', #5051 ) ;
#7175 = DIRECTION ( 'NONE',  ( 0.9999748501857348426, 0.0000000000000000000, 0.007092178509963972290 ) ) ;
#7176 = SURFACE_STYLE_FILL_AREA ( #3482 ) ;
#7177 = FACE_OUTER_BOUND ( 'NONE', #8644, .T. ) ;
#7178 = EDGE_LOOP ( 'NONE', ( #3245, #34, #3675, #7982 ) ) ;
#7179 = CARTESIAN_POINT ( 'NONE',  ( 0.1357852520302346155, 0.9800000000000004263, 0.2654141277823162670 ) ) ;
#7180 = COLOUR_RGB ( '',0.2235294117647058654, 0.2235294117647058654, 0.2235294117647058654 ) ;
#7181 = DIRECTION ( 'NONE',  ( -0.007092178509962320833, -0.0000000000000000000, 0.9999748501857348426 ) ) ;
#7182 = CARTESIAN_POINT ( 'NONE',  ( 0.5800000000000001821, 1.000000000000000444, 0.5300000000000001377 ) ) ;
#7183 = LINE ( 'NONE', #7971, #4738 ) ;
#7184 = CARTESIAN_POINT ( 'NONE',  ( -0.1253425404631771933, 0.9810000000000003162, 0.2394480646579064953 ) ) ;
#7185 = CARTESIAN_POINT ( 'NONE',  ( -0.1955466647065569052, 0.9810000000000003162, 0.3392113305852193506 ) ) ;
#7186 = CARTESIAN_POINT ( 'NONE',  ( -0.2661852694723765844, 0.9810000000000003162, 0.2400088338596155779 ) ) ;
#7187 = MECHANICAL_DESIGN_GEOMETRIC_PRESENTATION_REPRESENTATION (  '', ( #8530 ), #3509 ) ;
#7188 = EDGE_CURVE ( 'NONE', #5727, #4091, #10518, .T. ) ;
#7189 = LINE ( 'NONE', #5374, #2447 ) ;
#7190 = CARTESIAN_POINT ( 'NONE',  ( -0.08826680385442121912, 0.9810000000000003162, 0.3062052100787246989 ) ) ;
#7191 = PRESENTATION_STYLE_ASSIGNMENT (( #3495 ) ) ;
#7192 = ORIENTED_EDGE ( 'NONE', *, *, #10830, .F. ) ;
#7193 = CARTESIAN_POINT ( 'NONE',  ( -0.1944235917151589110, 0.9810000000000003162, 0.2431692426588430156 ) ) ;
#7194 = CARTESIAN_POINT ( 'NONE',  ( -0.1238896801354045646, 0.9810000000000003162, 0.2325178102166123029 ) ) ;
#7195 = PLANE ( 'NONE',  #8675 ) ;
#7196 = EDGE_CURVE ( 'NONE', #5824, #7314, #3114, .T. ) ;
#7197 = EDGE_LOOP ( 'NONE', ( #11040, #11417, #3229, #9915 ) ) ;
#7198 =( NAMED_UNIT ( * ) PLANE_ANGLE_UNIT ( ) SI_UNIT ( $, .RADIAN. ) );
#7199 = VECTOR ( 'NONE', #2394, 1000.000000000000114 ) ;
#7200 = DIRECTION ( 'NONE',  ( 1.000000000000000000, 0.0000000000000000000, 0.0000000000000000000 ) ) ;
#7201 = ORIENTED_EDGE ( 'NONE', *, *, #11522, .F. ) ;
#7202 = UNCERTAINTY_MEASURE_WITH_UNIT (LENGTH_MEASURE( 1.000000000000000082E-05 ), #4861, 'distance_accuracy_value', 'NONE');
#7203 = CARTESIAN_POINT ( 'NONE',  ( 0.2250111927590992544, 0.9810000000000003162, 0.2747230760545777972 ) ) ;
#7204 = EDGE_CURVE ( 'NONE', #667, #7560, #6850, .T. ) ;
#7205 = LINE ( 'NONE', #10091, #6274 ) ;
#7206 = CARTESIAN_POINT ( 'NONE',  ( -0.09597104098580989950, 0.9800000000000004263, 0.2471168284930282122 ) ) ;
#7207 = FACE_OUTER_BOUND ( 'NONE', #10529, .T. ) ;
#7208 = CARTESIAN_POINT ( 'NONE',  ( -0.1312385001222027836, 0.9800000000000004263, 0.2296062835793409307 ) ) ;
#7209 = CARTESIAN_POINT ( 'NONE',  ( 0.02988217082207585834, 0.9810000000000003162, 0.3138278063142558860 ) ) ;
#7210 = FILL_AREA_STYLE_COLOUR ( '', #9054 ) ;
#7211 = VERTEX_POINT ( 'NONE', #3046 ) ;
#7212 = CARTESIAN_POINT ( 'NONE',  ( -0.1426932463513330973, 0.9800000000000004263, 0.2246900465209392683 ) ) ;
#7213 = ORIENTED_EDGE ( 'NONE', *, *, #6747, .T. ) ;
#7214 = EDGE_CURVE ( 'NONE', #2244, #3032, #10287, .T. ) ;
#7215 = ORIENTED_EDGE ( 'NONE', *, *, #4436, .F. ) ;
#7216 = ORIENTED_EDGE ( 'NONE', *, *, #5397, .F. ) ;
#7217 = FACE_OUTER_BOUND ( 'NONE', #10935, .T. ) ;
#7218 = B_SPLINE_CURVE_WITH_KNOTS ( 'NONE', 3,
 ( #3225, #657, #5261, #1351 ),
 .UNSPECIFIED., .F., .F.,
 ( 4, 4 ),
 ( 3.000000000000000000, 4.000000000000000000 ),
 .UNSPECIFIED. ) ;
#7219 = CARTESIAN_POINT ( 'NONE',  ( -0.1298273066357303607, 0.9810000000000003162, 0.2468767077743667659 ) ) ;
#7220 = CARTESIAN_POINT ( 'NONE',  ( -0.5799999999999994049, -0.9800000000000004263, 0.5300000000000001377 ) ) ;
#7221 = VERTEX_POINT ( 'NONE', #1293 ) ;
#7222 = FACE_BOUND ( 'NONE', #10277, .T. ) ;
#7223 = FILL_AREA_STYLE ('',( #9998 ) ) ;
#7224 = CARTESIAN_POINT ( 'NONE',  ( -0.2286897739503590821, 0.9810000000000003162, 0.3392102192413882777 ) ) ;
#7225 = ORIENTED_EDGE ( 'NONE', *, *, #8444, .T. ) ;
#7226 = ADVANCED_FACE ( 'NONE', ( #9497 ), #3883, .F. ) ;
#7227 = COLOUR_RGB ( '',0.2235294117647058654, 0.2235294117647058654, 0.2235294117647058654 ) ;
#7228 = LINE ( 'NONE', #6330, #7115 ) ;
#7229 = FACE_OUTER_BOUND ( 'NONE', #6057, .T. ) ;
#7230 = CARTESIAN_POINT ( 'NONE',  ( 0.04919997201009356641, 0.9810000000000003162, 0.3425237802703828272 ) ) ;
#7231 = CARTESIAN_POINT ( 'NONE',  ( -0.1248825883781272406, 0.9800000000000004263, 0.2405690946740485503 ) ) ;
#7232 = B_SPLINE_SURFACE_WITH_KNOTS ( 'NONE', 3, 1, ( 
 ( #7648, #9451 ),
 ( #5789, #9265 ),
 ( #1189, #4751 ),
 ( #8494, #330 ) ),
 .UNSPECIFIED., .F., .F., .F.,
 ( 4, 4 ),
 ( 2, 2 ),
 ( 8.000000000000000000, 9.000000000000000000 ),
 ( 0.0000000000000000000, 1.000000000000000000 ),
 .UNSPECIFIED. ) ;
#7233 = PRESENTATION_STYLE_ASSIGNMENT (( #7465 ) ) ;
#7234 = SURFACE_STYLE_FILL_AREA ( #5553 ) ;
#7235 = LINE ( 'NONE', #6279, #8430 ) ;
#7236 = LINE ( 'NONE', #7812, #9445 ) ;
#7237 = VECTOR ( 'NONE', #3066, 1000.000000000000000 ) ;
#7238 = SURFACE_SIDE_STYLE ('',( #5377 ) ) ;
#7239 = CARTESIAN_POINT ( 'NONE',  ( -0.2537452636489530011, 0.9810000000000003162, 0.2251241722602221051 ) ) ;
#7240 = ORIENTED_EDGE ( 'NONE', *, *, #5943, .F. ) ;
#7241 = VECTOR ( 'NONE', #9149, 1000.000000000000114 ) ;
#7242 = CARTESIAN_POINT ( 'NONE',  ( -0.1511068893563066173, 0.9800000000000004263, 0.3462591151635236453 ) ) ;
#7243 = EDGE_CURVE ( 'NONE', #3608, #1243, #5772, .T. ) ;
#7244 = CARTESIAN_POINT ( 'NONE',  ( 0.1658271787583907586, 0.9810000000000003162, 0.3111769386675978244 ) ) ;
#7245 = B_SPLINE_CURVE_WITH_KNOTS ( 'NONE', 3,
 ( #5079, #5984, #9589, #11442 ),
 .UNSPECIFIED., .F., .F.,
 ( 4, 4 ),
 ( 18.00000000000000000, 19.00000000000000000 ),
 .UNSPECIFIED. ) ;
#7246 = CARTESIAN_POINT ( 'NONE',  ( -0.08854543622480952336, 0.9810000000000003162, 0.2300390510330524718 ) ) ;
#7247 = VECTOR ( 'NONE', #5298, 1000.000000000000000 ) ;
#7248 = VECTOR ( 'NONE', #8825, 1000.000000000000000 ) ;
#7249 = VECTOR ( 'NONE', #4096, 1000.000000000000114 ) ;
#7250 = ORIENTED_EDGE ( 'NONE', *, *, #629, .F. ) ;
#7251 = CARTESIAN_POINT ( 'NONE',  ( -0.1754919095275360719, 0.9810000000000003162, 0.2952407270366810832 ) ) ;
#7252 = VECTOR ( 'NONE', #3427, 1000.000000000000114 ) ;
#7253 = PRESENTATION_STYLE_ASSIGNMENT (( #2601 ) ) ;
#7254 = CARTESIAN_POINT ( 'NONE',  ( -0.1147336061947704378, 0.9800000000000004263, 0.3452953411902958680 ) ) ;
#7255 =( NAMED_UNIT ( * ) SI_UNIT ( $, .STERADIAN. ) SOLID_ANGLE_UNIT ( ) );
#7256 = ORIENTED_EDGE ( 'NONE', *, *, #4189, .T. ) ;
#7257 = ORIENTED_EDGE ( 'NONE', *, *, #5293, .T. ) ;
#7258 = CARTESIAN_POINT ( 'NONE',  ( -0.1361515083795944714, 0.9810000000000003162, 0.2241125724212622294 ) ) ;
#7259 = EDGE_CURVE ( 'NONE', #2160, #3525, #490, .T. ) ;
#7260 = VECTOR ( 'NONE', #11476, 1000.000000000000000 ) ;
#7261 = STYLED_ITEM ( 'NONE', ( #10576 ), #718 ) ;
#7262 = DIRECTION ( 'NONE',  ( 0.0000000000000000000, -0.0000000000000000000, -1.000000000000000000 ) ) ;
#7263 = ORIENTED_EDGE ( 'NONE', *, *, #5356, .T. ) ;
#7264 = PRESENTATION_LAYER_ASSIGNMENT (  '', '', ( #1104 ) ) ;
#7265 = EDGE_CURVE ( 'NONE', #5440, #2901, #2135, .T. ) ;
#7266 = CARTESIAN_POINT ( 'NONE',  ( 0.6000000000000003109, 0.9999999999999995559, 0.02000000000000005246 ) ) ;
#7267 = ORIENTED_EDGE ( 'NONE', *, *, #8625, .F. ) ;
#7268 =( NAMED_UNIT ( * ) SI_UNIT ( $, .STERADIAN. ) SOLID_ANGLE_UNIT ( ) );
#7269 = ORIENTED_EDGE ( 'NONE', *, *, #2458, .F. ) ;
#7270 = EDGE_CURVE ( 'NONE', #3414, #8079, #4593, .T. ) ;
#7271 = CARTESIAN_POINT ( 'NONE',  ( -0.1536917246690985839, 0.9800000000000004263, 0.2030885112069311660 ) ) ;
#7272 = FILL_AREA_STYLE_COLOUR ( '', #4733 ) ;
#7273 = VECTOR ( 'NONE', #6, 1000.000000000000000 ) ;
#7274 = B_SPLINE_CURVE_WITH_KNOTS ( 'NONE', 3,
 ( #7674, #9472, #10613, #1148 ),
 .UNSPECIFIED., .F., .F.,
 ( 4, 4 ),
 ( 34.00000000000000000, 35.00000000000000000 ),
 .UNSPECIFIED. ) ;
#7275 = CARTESIAN_POINT ( 'NONE',  ( -0.2385925549333033358, 0.9810000000000003162, 0.2199287419381709685 ) ) ;
#7276 = DIRECTION ( 'NONE',  ( 1.000000000000000000, -0.0000000000000000000, 0.0000000000000000000 ) ) ;
#7277 = CARTESIAN_POINT ( 'NONE',  ( 0.02840034840538904759, 0.9810000000000003162, 0.2169337293214947116 ) ) ;
#7278 = ORIENTED_EDGE ( 'NONE', *, *, #5886, .T. ) ;
#7279 = CARTESIAN_POINT ( 'NONE',  ( -0.1406043819388396454, 0.9800000000000004263, 0.2307096144780721170 ) ) ;
#7280 = DIRECTION ( 'NONE',  ( -0.007092178509968394100, -0.0000000000000000000, 0.9999748501857348426 ) ) ;
#7281 = ORIENTED_EDGE ( 'NONE', *, *, #8165, .F. ) ;
#7282 = VECTOR ( 'NONE', #2659, 1000.000000000000114 ) ;
#7283 = CARTESIAN_POINT ( 'NONE',  ( 0.1471528985507288279, 0.9810000000000003162, 0.2427198625404619614 ) ) ;
#7284 = ORIENTED_EDGE ( 'NONE', *, *, #11521, .F. ) ;
#7285 = PLANE ( 'NONE',  #3761 ) ;
#7286 = FILL_AREA_STYLE ('',( #10896 ) ) ;
#7287 = CARTESIAN_POINT ( 'NONE',  ( -0.05402736683254578953, 0.9810000000000003162, 0.3018989930937056032 ) ) ;
#7288 = FILL_AREA_STYLE ('',( #39 ) ) ;
#7289 = CARTESIAN_POINT ( 'NONE',  ( -0.2592377770877224430, 0.9800000000000004263, 0.2335334629366963288 ) ) ;
#7290 = COLOUR_RGB ( '',0.2235294117647058654, 0.2235294117647058654, 0.2235294117647058654 ) ;
#7291 = AXIS2_PLACEMENT_3D ( 'NONE', #4057, #2964, #2300 ) ;
#7292 = PRESENTATION_STYLE_ASSIGNMENT (( #3599 ) ) ;
#7293 = ADVANCED_FACE ( 'NONE', ( #1412 ), #10523, .F. ) ;
#7294 = CARTESIAN_POINT ( 'NONE',  ( 0.07098665811640676726, 0.9800000000000004263, 0.2779687662479400356 ) ) ;
#7295 = DIRECTION ( 'NONE',  ( 1.000000000000000000, 0.0000000000000000000, 0.0000000000000000000 ) ) ;
#7296 = CARTESIAN_POINT ( 'NONE',  ( -0.2537452636489530011, 0.9800000000000004263, 0.2251241722602221051 ) ) ;
#7297 = DIRECTION ( 'NONE',  ( 0.3349296977015623900, 0.0000000000000000000, 0.9422431202176750897 ) ) ;
#7298 = B_SPLINE_CURVE_WITH_KNOTS ( 'NONE', 3,
 ( #7090, #8945, #1937, #7258 ),
 .UNSPECIFIED., .F., .F.,
 ( 4, 4 ),
 ( 2.000000000000000000, 3.000000000000000000 ),
 .UNSPECIFIED. ) ;
#7299 = LINE ( 'NONE', #7407, #9399 ) ;
#7300 = COLOUR_RGB ( '',0.2235294117647058654, 0.2235294117647058654, 0.2235294117647058654 ) ;
#7301 = CARTESIAN_POINT ( 'NONE',  ( -0.1471323806271166434, 0.9800000000000004263, 0.1981960580990772547 ) ) ;
#7302 = ORIENTED_EDGE ( 'NONE', *, *, #1052, .T. ) ;
#7303 = CARTESIAN_POINT ( 'NONE',  ( -0.08445232285586108667, 0.9800000000000004263, 0.2356829148141501851 ) ) ;
#7304 = CARTESIAN_POINT ( 'NONE',  ( -0.1870158866697106403, 0.9800000000000004263, 0.3385699796626217561 ) ) ;
#7305 = ADVANCED_FACE ( 'NONE', ( #3283 ), #6967, .F. ) ;
#7306 = CARTESIAN_POINT ( 'NONE',  ( -0.05434685182712482854, 0.9800000000000004263, 0.3469453718815403986 ) ) ;
#7307 =( GEOMETRIC_REPRESENTATION_CONTEXT ( 3 ) GLOBAL_UNCERTAINTY_ASSIGNED_CONTEXT ( ( #11465 ) ) GLOBAL_UNIT_ASSIGNED_CONTEXT ( ( #11457, #10735, #541 ) ) REPRESENTATION_CONTEXT ( 'NONE', 'WORKASPACE' ) );
#7308 = ORIENTED_EDGE ( 'NONE', *, *, #10215, .T. ) ;
#7309 = AXIS2_PLACEMENT_3D ( 'NONE', #6843, #4913, #10457 ) ;
#7310 = CARTESIAN_POINT ( 'NONE',  ( -0.09249217796259767699, 0.9800000000000004263, 0.2367436611642648736 ) ) ;
#7311 = VECTOR ( 'NONE', #1264, 1000.000000000000000 ) ;
#7312 = DIRECTION ( 'NONE',  ( 0.007092178509963170847, -0.0000000000000000000, -0.9999748501857348426 ) ) ;
#7313 = EDGE_LOOP ( 'NONE', ( #10636, #2257, #5351, #2591 ) ) ;
#7314 = VERTEX_POINT ( 'NONE', #2369 ) ;
#7315 = UNCERTAINTY_MEASURE_WITH_UNIT (LENGTH_MEASURE( 1.000000000000000082E-05 ), #10233, 'distance_accuracy_value', 'NONE');
#7316 = COLOUR_RGB ( '',0.2235294117647058654, 0.2235294117647058654, 0.2235294117647058654 ) ;
#7317 =( NAMED_UNIT ( * ) SI_UNIT ( $, .STERADIAN. ) SOLID_ANGLE_UNIT ( ) );
#7318 = VECTOR ( 'NONE', #4917, 1000.000000000000000 ) ;
#7319 = B_SPLINE_CURVE_WITH_KNOTS ( 'NONE', 3,
 ( #6605, #177, #5688, #9351 ),
 .UNSPECIFIED., .F., .F.,
 ( 4, 4 ),
 ( 10.00000000000000000, 11.00000000000000000 ),
 .UNSPECIFIED. ) ;
#7320 = VECTOR ( 'NONE', #6236, 1000.000000000000114 ) ;
#7321 = SURFACE_STYLE_FILL_AREA ( #3566 ) ;
#7322 =( NAMED_UNIT ( * ) SI_UNIT ( $, .STERADIAN. ) SOLID_ANGLE_UNIT ( ) );
#7323 = CARTESIAN_POINT ( 'NONE',  ( -0.1033061269104909724, 0.9810000000000003162, 0.2441014208557291121 ) ) ;
#7324 = VERTEX_POINT ( 'NONE', #6061 ) ;
#7325 = COLOUR_RGB ( '',0.2235294117647058654, 0.2235294117647058654, 0.2235294117647058654 ) ;
#7326 = MECHANICAL_DESIGN_GEOMETRIC_PRESENTATION_REPRESENTATION (  '', ( #11371 ), #6580 ) ;
#7327 = EDGE_CURVE ( 'NONE', #5905, #1702, #10809, .T. ) ;
#7328 = FILL_AREA_STYLE_COLOUR ( '', #930 ) ;
#7329 = VERTEX_POINT ( 'NONE', #8893 ) ;
#7330 = CARTESIAN_POINT ( 'NONE',  ( -0.1427102068934577028, 0.9810000000000003162, 0.2270814295841633301 ) ) ;
#7331 =( GEOMETRIC_REPRESENTATION_CONTEXT ( 3 ) GLOBAL_UNCERTAINTY_ASSIGNED_CONTEXT ( ( #4173 ) ) GLOBAL_UNIT_ASSIGNED_CONTEXT ( ( #2885, #8389, #10259 ) ) REPRESENTATION_CONTEXT ( 'NONE', 'WORKASPACE' ) );
#7332 = ORIENTED_EDGE ( 'NONE', *, *, #6118, .F. ) ;
#7333 = DIRECTION ( 'NONE',  ( -0.007092178509962492571, 0.0000000000000000000, 0.9999748501857348426 ) ) ;
#7334 = B_SPLINE_SURFACE_WITH_KNOTS ( 'NONE', 3, 1, ( 
 ( #7714, #10644 ),
 ( #6135, #9801 ),
 ( #1544, #6862 ),
 ( #4198, #4316 ) ),
 .UNSPECIFIED., .F., .F., .F.,
 ( 4, 4 ),
 ( 2, 2 ),
 ( 3.000000000000000000, 4.000000000000000000 ),
 ( 0.0000000000000000000, 1.000000000000000000 ),
 .UNSPECIFIED. ) ;
#7335 = LINE ( 'NONE', #10356, #2218 ) ;
#7336 = FILL_AREA_STYLE_COLOUR ( '', #1091 ) ;
#7337 = FILL_AREA_STYLE ('',( #7450 ) ) ;
#7338 = CARTESIAN_POINT ( 'NONE',  ( -0.3817097946182765877, -0.9800000000000004263, 0.5300000000000001377 ) ) ;
#7339 = ORIENTED_EDGE ( 'NONE', *, *, #4925, .F. ) ;
#7340 = ORIENTED_EDGE ( 'NONE', *, *, #5753, .T. ) ;
#7341 = MECHANICAL_DESIGN_GEOMETRIC_PRESENTATION_REPRESENTATION (  '', ( #10620 ), #6196 ) ;
#7342 = SURFACE_STYLE_USAGE ( .BOTH. , #8090 ) ;
#7343 = EDGE_CURVE ( 'NONE', #8092, #743, #1465, .T. ) ;
#7344 = ADVANCED_FACE ( 'NONE', ( #6239 ), #9003, .F. ) ;
#7345 = CARTESIAN_POINT ( 'NONE',  ( 0.02840034840538904759, 0.9800000000000004263, 0.2169337293214947116 ) ) ;
#7346 = UNCERTAINTY_MEASURE_WITH_UNIT (LENGTH_MEASURE( 1.000000000000000082E-05 ), #3356, 'distance_accuracy_value', 'NONE');
#7347 = ORIENTED_EDGE ( 'NONE', *, *, #1011, .F. ) ;
#7348 = CARTESIAN_POINT ( 'NONE',  ( 0.1357852520302346155, 0.9800000000000004263, 0.2654141277823162670 ) ) ;
#7349 = CARTESIAN_POINT ( 'NONE',  ( -0.3002429360482282150, 0.9810000000000003162, 0.2333466181219198132 ) ) ;
#7350 = VERTEX_POINT ( 'NONE', #7087 ) ;
#7351 = CARTESIAN_POINT ( 'NONE',  ( 0.1815788118333163392, 0.9810000000000003162, 0.3329789872522592731 ) ) ;
#7352 = LINE ( 'NONE', #1969, #2595 ) ;
#7353 = VECTOR ( 'NONE', #9476, 1000.000000000000000 ) ;
#7354 = EDGE_CURVE ( 'NONE', #9747, #9585, #1583, .T. ) ;
#7355 = LINE ( 'NONE', #945, #10701 ) ;
#7356 = FILL_AREA_STYLE_COLOUR ( '', #9264 ) ;
#7357 = DIRECTION ( 'NONE',  ( -0.0000000000000000000, -1.000000000000000000, -0.0000000000000000000 ) ) ;
#7358 = DIRECTION ( 'NONE',  ( -0.9912876782291657474, 0.0000000000000000000, 0.1317146119116249237 ) ) ;
#7359 = CARTESIAN_POINT ( 'NONE',  ( -0.08882898268744554571, 0.9810000000000003162, 0.3359910364165828445 ) ) ;
#7360 = CARTESIAN_POINT ( 'NONE',  ( -0.2442181792996963863, 0.9810000000000003162, 0.2947532958043280193 ) ) ;
#7361 = CARTESIAN_POINT ( 'NONE',  ( 0.04484162001813838533, 0.9800000000000004263, 0.2944125876853339041 ) ) ;
#7362 = EDGE_CURVE ( 'NONE', #4388, #5851, #7609, .T. ) ;
#7363 = ORIENTED_EDGE ( 'NONE', *, *, #4321, .T. ) ;
#7364 = CARTESIAN_POINT ( 'NONE',  ( 0.1964433901000034455, 0.9800000000000004263, 0.3269388128004312999 ) ) ;
#7365 = DIRECTION ( 'NONE',  ( -0.0000000000000000000, -1.000000000000000000, -0.0000000000000000000 ) ) ;
#7366 = FILL_AREA_STYLE_COLOUR ( '', #8293 ) ;
#7367 = DIRECTION ( 'NONE',  ( 0.0000000000000000000, 1.000000000000000000, 0.0000000000000000000 ) ) ;
#7368 = SURFACE_STYLE_FILL_AREA ( #9229 ) ;
#7369 = LINE ( 'NONE', #10920, #3468 ) ;
#7370 = EDGE_LOOP ( 'NONE', ( #5532, #857, #2715, #2358 ) ) ;
#7371 = CARTESIAN_POINT ( 'NONE',  ( -0.5799999999999994049, -0.9800000000000004263, 0.5300000000000001377 ) ) ;
#7372 = CARTESIAN_POINT ( 'NONE',  ( -0.1411336527627564397, 0.9800000000000004263, 0.2503577795607858647 ) ) ;
#7373 = LINE ( 'NONE', #7254, #9971 ) ;
#7374 = ORIENTED_EDGE ( 'NONE', *, *, #6700, .T. ) ;
#7375 = EDGE_CURVE ( 'NONE', #835, #905, #1633, .T. ) ;
#7376 = ORIENTED_EDGE ( 'NONE', *, *, #4386, .F. ) ;
#7377 = FILL_AREA_STYLE_COLOUR ( '', #3375 ) ;
#7378 = CARTESIAN_POINT ( 'NONE',  ( 0.2499999999999994171, -1.000000000000000444, 0.01999999999999999695 ) ) ;
#7379 = FACE_OUTER_BOUND ( 'NONE', #4473, .T. ) ;
#7380 = VERTEX_POINT ( 'NONE', #10987 ) ;
#7381 = CARTESIAN_POINT ( 'NONE',  ( -0.1096344792239592053, 0.9800000000000004263, 0.2384157093606849298 ) ) ;
#7382 = ORIENTED_EDGE ( 'NONE', *, *, #4206, .F. ) ;
#7383 = CARTESIAN_POINT ( 'NONE',  ( -0.1961842349277509723, 0.9810000000000003162, 0.3209845929408485232 ) ) ;
#7384 = ORIENTED_EDGE ( 'NONE', *, *, #6266, .F. ) ;
#7385 = EDGE_CURVE ( 'NONE', #10303, #5727, #5394, .T. ) ;
#7386 = FILL_AREA_STYLE ('',( #925 ) ) ;
#7387 = B_SPLINE_CURVE_WITH_KNOTS ( 'NONE', 3,
 ( #2346, #10548, #5818, #416 ),
 .UNSPECIFIED., .F., .F.,
 ( 4, 4 ),
 ( 5.000000000000000000, 6.000000000000000000 ),
 .UNSPECIFIED. ) ;
#7388 = FACE_OUTER_BOUND ( 'NONE', #10990, .T. ) ;
#7389 = ORIENTED_EDGE ( 'NONE', *, *, #7415, .F. ) ;
#7390 = VERTEX_POINT ( 'NONE', #5634 ) ;
#7391 = FILL_AREA_STYLE_COLOUR ( '', #4227 ) ;
#7392 = EDGE_LOOP ( 'NONE', ( #9869, #10835, #4612, #5575, #1348, #2143 ) ) ;
#7393 = SURFACE_STYLE_USAGE ( .BOTH. , #4644 ) ;
#7394 = FILL_AREA_STYLE_COLOUR ( '', #7300 ) ;
#7395 = ORIENTED_EDGE ( 'NONE', *, *, #11912, .T. ) ;
#7396 = DIRECTION ( 'NONE',  ( 0.0000000000000000000, 0.0000000000000000000, 1.000000000000000000 ) ) ;
#7397 = CARTESIAN_POINT ( 'NONE',  ( -0.1298273066357303607, 0.9800000000000004263, 0.2468767077743667659 ) ) ;
#7398 = EDGE_CURVE ( 'NONE', #7162, #4388, #9970, .T. ) ;
#7399 = DIRECTION ( 'NONE',  ( -0.0000000000000000000, -1.000000000000000000, -0.0000000000000000000 ) ) ;
#7400 = CARTESIAN_POINT ( 'NONE',  ( -0.2200798139609348725, 0.9810000000000003162, 0.3145764125664764488 ) ) ;
#7401 = SURFACE_STYLE_USAGE ( .BOTH. , #948 ) ;
#7402 = DIRECTION ( 'NONE',  ( 0.0000000000000000000, 0.0000000000000000000, -1.000000000000000000 ) ) ;
#7403 = LINE ( 'NONE', #1736, #5811 ) ;
#7404 = CARTESIAN_POINT ( 'NONE',  ( -0.08337896074994888274, 0.9800000000000004263, 0.3207448641368762510 ) ) ;
#7405 = FACE_OUTER_BOUND ( 'NONE', #5910, .T. ) ;
#7406 = EDGE_CURVE ( 'NONE', #205, #770, #2604, .T. ) ;
#7407 = CARTESIAN_POINT ( 'NONE',  ( -0.1512356340308023683, 0.9810000000000003162, 0.1976470643281151851 ) ) ;
#7408 = CARTESIAN_POINT ( 'NONE',  ( -0.1618681131406391194, 0.9810000000000003162, 0.3461827927239643499 ) ) ;
#7409 = ORIENTED_EDGE ( 'NONE', *, *, #11825, .F. ) ;
#7410 = SURFACE_STYLE_FILL_AREA ( #962 ) ;
#7411 = SURFACE_SIDE_STYLE ('',( #5676 ) ) ;
#7412 = CARTESIAN_POINT ( 'NONE',  ( -0.3002429360482282150, 0.9810000000000003162, 0.2333466181219198132 ) ) ;
#7413 = DIRECTION ( 'NONE',  ( 0.007092178509965357466, 0.0000000000000000000, -0.9999748501857348426 ) ) ;
#7414 = STYLED_ITEM ( 'NONE', ( #1912 ), #155 ) ;
#7415 = EDGE_CURVE ( 'NONE', #10551, #9863, #7373, .T. ) ;
#7416 = CARTESIAN_POINT ( 'NONE',  ( -0.1033061269104909724, 0.9800000000000004263, 0.2441014208557291121 ) ) ;
#7417 = PLANE ( 'NONE',  #2116 ) ;
#7418 = LINE ( 'NONE', #7306, #4460 ) ;
#7419 = DIRECTION ( 'NONE',  ( -0.0000000000000000000, -1.000000000000000000, -0.0000000000000000000 ) ) ;
#7420 = EDGE_CURVE ( 'NONE', #1801, #9416, #9237, .T. ) ;
#7421 = ORIENTED_EDGE ( 'NONE', *, *, #357, .F. ) ;
#7422 = FILL_AREA_STYLE_COLOUR ( '', #7726 ) ;
#7423 = PRESENTATION_LAYER_ASSIGNMENT (  '', '', ( #3962 ) ) ;
#7424 = DIRECTION ( 'NONE',  ( -0.007092178509954029722, 0.0000000000000000000, 0.9999748501857349536 ) ) ;
#7425 = MECHANICAL_DESIGN_GEOMETRIC_PRESENTATION_REPRESENTATION (  '', ( #10122 ), #2229 ) ;
#7426 = B_SPLINE_SURFACE_WITH_KNOTS ( 'NONE', 3, 1, ( 
 ( #2152, #7882 ),
 ( #11541, #4312 ),
 ( #10641, #8950 ),
 ( #11652, #5230 ) ),
 .UNSPECIFIED., .F., .F., .F.,
 ( 4, 4 ),
 ( 2, 2 ),
 ( 6.000000000000000000, 7.000000000000000000 ),
 ( 0.0000000000000000000, 1.000000000000000000 ),
 .UNSPECIFIED. ) ;
#7427 = MECHANICAL_DESIGN_GEOMETRIC_PRESENTATION_REPRESENTATION (  '', ( #10124 ), #4743 ) ;
#7428 = CARTESIAN_POINT ( 'NONE',  ( -0.04742294917664123532, 0.9800000000000004263, 0.2961490378089223219 ) ) ;
#7429 = DIRECTION ( 'NONE',  ( -0.0000000000000000000, -1.000000000000000000, -0.0000000000000000000 ) ) ;
#7430 = ORIENTED_EDGE ( 'NONE', *, *, #5992, .F. ) ;
#7431 = ORIENTED_EDGE ( 'NONE', *, *, #2411, .F. ) ;
#7432 = UNCERTAINTY_MEASURE_WITH_UNIT (LENGTH_MEASURE( 1.000000000000000082E-05 ), #4583, 'distance_accuracy_value', 'NONE');
#7433 = CARTESIAN_POINT ( 'NONE',  ( -0.1200913414005839730, 0.9810000000000003162, 0.2357420853957250817 ) ) ;
#7434 =( GEOMETRIC_REPRESENTATION_CONTEXT ( 3 ) GLOBAL_UNCERTAINTY_ASSIGNED_CONTEXT ( ( #11704 ) ) GLOBAL_UNIT_ASSIGNED_CONTEXT ( ( #2749, #7462, #4761 ) ) REPRESENTATION_CONTEXT ( 'NONE', 'WORKASPACE' ) );
#7435 =( NAMED_UNIT ( * ) SI_UNIT ( $, .STERADIAN. ) SOLID_ANGLE_UNIT ( ) );
#7436 = PRESENTATION_LAYER_ASSIGNMENT (  '', '', ( #4949 ) ) ;
#7437 = LINE ( 'NONE', #10093, #2501 ) ;
#7438 = SURFACE_STYLE_FILL_AREA ( #6553 ) ;
#7439 = EDGE_CURVE ( 'NONE', #3955, #7329, #9120, .T. ) ;
#7440 = EDGE_LOOP ( 'NONE', ( #3884, #5743, #867, #11316, #67, #395, #5396 ) ) ;
#7441 = DIRECTION ( 'NONE',  ( 0.0000000000000000000, -0.0000000000000000000, 1.000000000000000000 ) ) ;
#7442 = FILL_AREA_STYLE_COLOUR ( '', #1164 ) ;
#7443 = ORIENTED_EDGE ( 'NONE', *, *, #1775, .F. ) ;
#7444 = VECTOR ( 'NONE', #1178, 1000.000000000000000 ) ;
#7445 = CARTESIAN_POINT ( 'NONE',  ( -0.1070772900068362871, 0.9800000000000004263, 0.3415024414702119704 ) ) ;
#7446 = COLOUR_RGB ( '',0.2235294117647058654, 0.2235294117647058654, 0.2235294117647058654 ) ;
#7447 = ORIENTED_EDGE ( 'NONE', *, *, #11335, .F. ) ;
#7448 = CARTESIAN_POINT ( 'NONE',  ( -0.1268544847074608295, 0.9810000000000003162, 0.2455460728015328442 ) ) ;
#7449 = FILL_AREA_STYLE ('',( #7336 ) ) ;
#7450 = FILL_AREA_STYLE_COLOUR ( '', #10198 ) ;
#7451 = DIRECTION ( 'NONE',  ( -0.3733863129577216222, -0.0000000000000000000, 0.9276759462742572016 ) ) ;
#7452 = CARTESIAN_POINT ( 'NONE',  ( 0.04106010932227360799, 0.9810000000000003162, 0.2159390019685702433 ) ) ;
#7453 = EDGE_CURVE ( 'NONE', #6816, #2284, #4423, .T. ) ;
#7454 = ORIENTED_EDGE ( 'NONE', *, *, #6546, .T. ) ;
#7455 = VERTEX_POINT ( 'NONE', #11092 ) ;
#7456 = CARTESIAN_POINT ( 'NONE',  ( -0.1325413023246454214, 0.9810000000000003162, 0.2520303848801613289 ) ) ;
#7457 = ORIENTED_EDGE ( 'NONE', *, *, #6185, .T. ) ;
#7458 = EDGE_LOOP ( 'NONE', ( #5571, #11636, #10949, #2127 ) ) ;
#7459 =( GEOMETRIC_REPRESENTATION_CONTEXT ( 3 ) GLOBAL_UNCERTAINTY_ASSIGNED_CONTEXT ( ( #11176 ) ) GLOBAL_UNIT_ASSIGNED_CONTEXT ( ( #3180, #2997, #10533 ) ) REPRESENTATION_CONTEXT ( 'NONE', 'WORKASPACE' ) );
#7460 = CARTESIAN_POINT ( 'NONE',  ( 0.1107246808787639702, 0.9810000000000003162, 0.2308933233502464266 ) ) ;
#7461 = CARTESIAN_POINT ( 'NONE',  ( -0.04742294917664123532, 0.9800000000000004263, 0.2961490378089222664 ) ) ;
#7462 =( NAMED_UNIT ( * ) PLANE_ANGLE_UNIT ( ) SI_UNIT ( $, .RADIAN. ) );
#7463 = SURFACE_STYLE_USAGE ( .BOTH. , #148 ) ;
#7464 = DIRECTION ( 'NONE',  ( 1.000000000000000000, 0.0000000000000000000, 0.0000000000000000000 ) ) ;
#7465 = SURFACE_STYLE_USAGE ( .BOTH. , #4707 ) ;
#7466 = SURFACE_STYLE_FILL_AREA ( #8563 ) ;
#7467 = DIRECTION ( 'NONE',  ( -0.007092178509964229029, 0.0000000000000000000, 0.9999748501857348426 ) ) ;
#7468 = SURFACE_STYLE_USAGE ( .BOTH. , #4289 ) ;
#7469 = EDGE_CURVE ( 'NONE', #2091, #3716, #255, .T. ) ;
#7470 = CARTESIAN_POINT ( 'NONE',  ( 0.2022323288433300892, 0.9800000000000004263, 0.2752845485394986857 ) ) ;
#7471 = EDGE_LOOP ( 'NONE', ( #808, #8003, #969, #1647 ) ) ;
#7472 = LINE ( 'NONE', #895, #10761 ) ;
#7473 = CARTESIAN_POINT ( 'NONE',  ( -0.2917882984180479311, 0.9800000000000004263, 0.2581014530131870988 ) ) ;
#7474 = DIRECTION ( 'NONE',  ( 0.0000000000000000000, -0.0000000000000000000, 1.000000000000000000 ) ) ;
#7475 = COLOUR_RGB ( '',0.2235294117647058654, 0.2235294117647058654, 0.2235294117647058654 ) ;
#7476 = VECTOR ( 'NONE', #2758, 1000.000000000000000 ) ;
#7477 = CARTESIAN_POINT ( 'NONE',  ( -0.2284319607863218027, 0.9800000000000004263, 0.3376783662459988955 ) ) ;
#7478 = DIRECTION ( 'NONE',  ( -0.007092178509963869074, 0.0000000000000000000, 0.9999748501857348426 ) ) ;
#7479 = PRESENTATION_STYLE_ASSIGNMENT (( #5444 ) ) ;
#7480 = ORIENTED_EDGE ( 'NONE', *, *, #10095, .F. ) ;
#7481 = CARTESIAN_POINT ( 'NONE',  ( -0.1143966075969112678, 0.9810000000000003162, 0.2977795994568313565 ) ) ;
#7482 =( GEOMETRIC_REPRESENTATION_CONTEXT ( 3 ) GLOBAL_UNCERTAINTY_ASSIGNED_CONTEXT ( ( #1350 ) ) GLOBAL_UNIT_ASSIGNED_CONTEXT ( ( #1076, #2950, #4042 ) ) REPRESENTATION_CONTEXT ( 'NONE', 'WORKASPACE' ) );
#7483 = EDGE_CURVE ( 'NONE', #3548, #205, #11813, .T. ) ;
#7484 = EDGE_CURVE ( 'NONE', #1829, #9441, #6476, .T. ) ;
#7485 = CARTESIAN_POINT ( 'NONE',  ( -0.07339973933240424853, 0.9810000000000003162, 0.2661489930300927065 ) ) ;
#7486 = FACE_OUTER_BOUND ( 'NONE', #3504, .T. ) ;
#7487 = EDGE_LOOP ( 'NONE', ( #5706, #8586, #1090, #9355, #846, #4936, #9344, #2720, #7616, #6258 ) ) ;
#7488 = VERTEX_POINT ( 'NONE', #1692 ) ;
#7489 = FACE_OUTER_BOUND ( 'NONE', #2270, .T. ) ;
#7490 = B_SPLINE_CURVE_WITH_KNOTS ( 'NONE', 3,
 ( #1991, #360, #4050, #1927 ),
 .UNSPECIFIED., .F., .F.,
 ( 4, 4 ),
 ( 23.00000000000000000, 24.00000000000000000 ),
 .UNSPECIFIED. ) ;
#7491 = MECHANICAL_DESIGN_GEOMETRIC_PRESENTATION_REPRESENTATION (  '', ( #5775 ), #10579 ) ;
#7492 = STYLED_ITEM ( 'NONE', ( #6462 ), #3956 ) ;
#7493 = MECHANICAL_DESIGN_GEOMETRIC_PRESENTATION_REPRESENTATION (  '', ( #5975 ), #7889 ) ;
#7494 =( NAMED_UNIT ( * ) PLANE_ANGLE_UNIT ( ) SI_UNIT ( $, .RADIAN. ) );
#7495 = VECTOR ( 'NONE', #10505, 1000.000000000000227 ) ;
#7496 = DIRECTION ( 'NONE',  ( -0.0000000000000000000, -1.000000000000000000, -0.0000000000000000000 ) ) ;
#7497 = ORIENTED_EDGE ( 'NONE', *, *, #9076, .T. ) ;
#7498 = LINE ( 'NONE', #6674, #10044 ) ;
#7499 = DIRECTION ( 'NONE',  ( 0.0000000000000000000, 0.0000000000000000000, -1.000000000000000000 ) ) ;
#7500 =( NAMED_UNIT ( * ) SI_UNIT ( $, .STERADIAN. ) SOLID_ANGLE_UNIT ( ) );
#7501 =( GEOMETRIC_REPRESENTATION_CONTEXT ( 3 ) GLOBAL_UNCERTAINTY_ASSIGNED_CONTEXT ( ( #428 ) ) GLOBAL_UNIT_ASSIGNED_CONTEXT ( ( #4753, #5853, #5790 ) ) REPRESENTATION_CONTEXT ( 'NONE', 'WORKASPACE' ) );
#7502 = ORIENTED_EDGE ( 'NONE', *, *, #3742, .F. ) ;
#7503 = PRESENTATION_LAYER_ASSIGNMENT (  '', '', ( #761 ) ) ;
#7504 = PRESENTATION_STYLE_ASSIGNMENT (( #2258 ) ) ;
#7505 = AXIS2_PLACEMENT_3D ( 'NONE', #10005, #11128, #3899 ) ;
#7506 = ORIENTED_EDGE ( 'NONE', *, *, #4383, .F. ) ;
#7507 = EDGE_CURVE ( 'NONE', #2020, #8520, #10749, .T. ) ;
#7508 =( NAMED_UNIT ( * ) SI_UNIT ( $, .STERADIAN. ) SOLID_ANGLE_UNIT ( ) );
#7509 = CARTESIAN_POINT ( 'NONE',  ( -0.1241748660555041239, 0.9800000000000004263, 0.2140856149943612119 ) ) ;
#7510 = SURFACE_STYLE_USAGE ( .BOTH. , #812 ) ;
#7511 =( NAMED_UNIT ( * ) PLANE_ANGLE_UNIT ( ) SI_UNIT ( $, .RADIAN. ) );
#7512 = VECTOR ( 'NONE', #11021, 1000.000000000000000 ) ;
#7513 = LINE ( 'NONE', #4693, #6015 ) ;
#7514 = CARTESIAN_POINT ( 'NONE',  ( 0.1471528985507288279, 0.9800000000000004263, 0.2427198625404619614 ) ) ;
#7515 = ORIENTED_EDGE ( 'NONE', *, *, #7507, .T. ) ;
#7516 = ORIENTED_EDGE ( 'NONE', *, *, #1068, .F. ) ;
#7517 =( NAMED_UNIT ( * ) PLANE_ANGLE_UNIT ( ) SI_UNIT ( $, .RADIAN. ) );
#7518 = MECHANICAL_DESIGN_GEOMETRIC_PRESENTATION_REPRESENTATION (  '', ( #8303 ), #4825 ) ;
#7519 = CARTESIAN_POINT ( 'NONE',  ( -0.2281505509264918907, 0.9800000000000004263, 0.3364846104284340833 ) ) ;
#7520 = EDGE_LOOP ( 'NONE', ( #9122, #1992, #7924, #3994 ) ) ;
#7521 = CARTESIAN_POINT ( 'NONE',  ( -0.1754940304656119054, 0.9800000000000004263, 0.3010375081660242591 ) ) ;
#7522 = DIRECTION ( 'NONE',  ( -0.8873869422626031733, 0.0000000000000000000, 0.4610253948556710113 ) ) ;
#7523 = ORIENTED_EDGE ( 'NONE', *, *, #5664, .T. ) ;
#7524 = EDGE_CURVE ( 'NONE', #7577, #68, #4010, .T. ) ;
#7525 = SURFACE_SIDE_STYLE ('',( #9394 ) ) ;
#7526 = SURFACE_STYLE_USAGE ( .BOTH. , #4028 ) ;
#7527 = PLANE ( 'NONE',  #10339 ) ;
#7528 = CARTESIAN_POINT ( 'NONE',  ( -0.5799999999999994049, 0.9800000000000004263, 0.5300000000000001377 ) ) ;
#7529 = CARTESIAN_POINT ( 'NONE',  ( 0.05991642631702527588, 0.9810000000000003162, 0.2587304362004613778 ) ) ;
#7530 = LINE ( 'NONE', #1015, #11492 ) ;
#7531 = B_SPLINE_SURFACE_WITH_KNOTS ( 'NONE', 3, 1, ( 
 ( #10007, #1732 ),
 ( #1778, #11065 ),
 ( #5479, #5435 ),
 ( #9101, #10119 ) ),
 .UNSPECIFIED., .F., .F., .F.,
 ( 4, 4 ),
 ( 2, 2 ),
 ( 18.00000000000000000, 19.00000000000000000 ),
 ( 0.0000000000000000000, 1.000000000000000000 ),
 .UNSPECIFIED. ) ;
#7532 = CARTESIAN_POINT ( 'NONE',  ( -0.09860253519461897875, 0.9810000000000003162, 0.2204796928894592334 ) ) ;
#7533 = CARTESIAN_POINT ( 'NONE',  ( -0.2699999999999994071, 0.9799999999999995381, 0.01999999999999999695 ) ) ;
#7534 = CARTESIAN_POINT ( 'NONE',  ( -0.005479512633501676215, 0.9810000000000003162, 0.2535670442278914472 ) ) ;
#7535 = DIRECTION ( 'NONE',  ( 0.9999748501857348426, 0.0000000000000000000, 0.007092178509961338112 ) ) ;
#7536 = LINE ( 'NONE', #4662, #3281 ) ;
#7537 = MECHANICAL_DESIGN_GEOMETRIC_PRESENTATION_REPRESENTATION (  '', ( #793 ), #11 ) ;
#7538 = SURFACE_STYLE_FILL_AREA ( #158 ) ;
#7539 = CARTESIAN_POINT ( 'NONE',  ( -0.1420095865402139501, 0.9800000000000004263, 0.2290879829622765040 ) ) ;
#7540 = AXIS2_PLACEMENT_3D ( 'NONE', #762, #9815, #2629 ) ;
#7541 = ORIENTED_EDGE ( 'NONE', *, *, #2965, .F. ) ;
#7542 = CARTESIAN_POINT ( 'NONE',  ( 0.2077289880150376966, 0.9810000000000003162, 0.3158121704912326133 ) ) ;
#7543 = DIRECTION ( 'NONE',  ( 0.9999748501857348426, 0.0000000000000000000, 0.007092178509962896761 ) ) ;
#7544 =( NAMED_UNIT ( * ) SI_UNIT ( $, .STERADIAN. ) SOLID_ANGLE_UNIT ( ) );
#7545 = DIRECTION ( 'NONE',  ( -0.0000000000000000000, -1.000000000000000000, -0.0000000000000000000 ) ) ;
#7546 = VERTEX_POINT ( 'NONE', #903 ) ;
#7547 = CARTESIAN_POINT ( 'NONE',  ( -0.09660557314164537612, 0.9800000000000004263, 0.2522852538963212821 ) ) ;
#7548 = CARTESIAN_POINT ( 'NONE',  ( -0.1249186454851472783, 0.9810000000000003162, 0.3464448515351556401 ) ) ;
#7549 = EDGE_CURVE ( 'NONE', #5947, #11379, #4678, .T. ) ;
#7550 = CARTESIAN_POINT ( 'NONE',  ( 0.1394001497256229516, 0.9800000000000004263, 0.2144674072597157755 ) ) ;
#7551 = CARTESIAN_POINT ( 'NONE',  ( -0.1754919095275360719, 0.9800000000000004263, 0.2952407270366810832 ) ) ;
#7552 = B_SPLINE_CURVE_WITH_KNOTS ( 'NONE', 3,
 ( #6617, #11295, #1170, #8595 ),
 .UNSPECIFIED., .F., .F.,
 ( 4, 4 ),
 ( 11.00000000000000000, 12.00000000000000000 ),
 .UNSPECIFIED. ) ;
#7553 = VECTOR ( 'NONE', #5283, 1000.000000000000227 ) ;
#7554 = ORIENTED_EDGE ( 'NONE', *, *, #2027, .F. ) ;
#7555 = LINE ( 'NONE', #8291, #5603 ) ;
#7556 =( NAMED_UNIT ( * ) PLANE_ANGLE_UNIT ( ) SI_UNIT ( $, .RADIAN. ) );
#7557 = CARTESIAN_POINT ( 'NONE',  ( 0.1417074885652207239, 0.9800000000000004263, 0.3478794537793541419 ) ) ;
#7558 = B_SPLINE_CURVE_WITH_KNOTS ( 'NONE', 3,
 ( #10206, #1988, #8130, #2827 ),
 .UNSPECIFIED., .F., .F.,
 ( 4, 4 ),
 ( 0.0000000000000000000, 1.000000000000000000 ),
 .UNSPECIFIED. ) ;
#7559 = ORIENTED_EDGE ( 'NONE', *, *, #10854, .F. ) ;
#7560 = VERTEX_POINT ( 'NONE', #731 ) ;
#7561 = UNCERTAINTY_MEASURE_WITH_UNIT (LENGTH_MEASURE( 1.000000000000000082E-05 ), #8174, 'distance_accuracy_value', 'NONE');
#7562 = SURFACE_SIDE_STYLE ('',( #9485 ) ) ;
#7563 = LINE ( 'NONE', #11354, #10205 ) ;
#7564 =( GEOMETRIC_REPRESENTATION_CONTEXT ( 3 ) GLOBAL_UNCERTAINTY_ASSIGNED_CONTEXT ( ( #5069 ) ) GLOBAL_UNIT_ASSIGNED_CONTEXT ( ( #2151, #10469, #8670 ) ) REPRESENTATION_CONTEXT ( 'NONE', 'WORKASPACE' ) );
#7565 = SURFACE_STYLE_USAGE ( .BOTH. , #3875 ) ;
#7566 = EDGE_CURVE ( 'NONE', #8079, #8679, #844, .T. ) ;
#7567 = CARTESIAN_POINT ( 'NONE',  ( -0.1635385772153754580, 0.9810000000000003162, 0.2206950029482555031 ) ) ;
#7568 = CARTESIAN_POINT ( 'NONE',  ( -0.08342466306684383215, 0.9810000000000003162, 0.2172340361602148329 ) ) ;
#7569 = ORIENTED_EDGE ( 'NONE', *, *, #9189, .T. ) ;
#7570 = SURFACE_SIDE_STYLE ('',( #2631 ) ) ;
#7571 =( NAMED_UNIT ( * ) SI_UNIT ( $, .STERADIAN. ) SOLID_ANGLE_UNIT ( ) );
#7572 = ORIENTED_EDGE ( 'NONE', *, *, #2564, .T. ) ;
#7573 = CARTESIAN_POINT ( 'NONE',  ( -0.1313250672471208136, 0.9810000000000003162, 0.3242780088867004973 ) ) ;
#7574 = SURFACE_STYLE_USAGE ( .BOTH. , #2316 ) ;
#7575 = EDGE_CURVE ( 'NONE', #3302, #10747, #4290, .T. ) ;
#7576 = UNCERTAINTY_MEASURE_WITH_UNIT (LENGTH_MEASURE( 1.000000000000000082E-05 ), #3197, 'distance_accuracy_value', 'NONE');
#7577 = VERTEX_POINT ( 'NONE', #10213 ) ;
#7578 = SURFACE_STYLE_FILL_AREA ( #256 ) ;
#7579 =( NAMED_UNIT ( * ) SI_UNIT ( $, .STERADIAN. ) SOLID_ANGLE_UNIT ( ) );
#7580 = CARTESIAN_POINT ( 'NONE',  ( -0.1181541937166796646, 0.9800000000000004263, 0.2228365073095896765 ) ) ;
#7581 = CARTESIAN_POINT ( 'NONE',  ( 0.04773351886878311745, 0.9800000000000004263, 0.2944330980640477158 ) ) ;
#7582 = PLANE ( 'NONE',  #6407 ) ;
#7583 = B_SPLINE_CURVE_WITH_KNOTS ( 'NONE', 3,
 ( #3898, #1967, #8555, #3773 ),
 .UNSPECIFIED., .F., .F.,
 ( 4, 4 ),
 ( 0.0000000000000000000, 1.000000000000000000 ),
 .UNSPECIFIED. ) ;
#7584 = CARTESIAN_POINT ( 'NONE',  ( -0.1835368340714350066, 0.9810000000000003162, 0.2951836695607316652 ) ) ;
#7585 = ORIENTED_EDGE ( 'NONE', *, *, #4697, .T. ) ;
#7586 = VERTEX_POINT ( 'NONE', #3508 ) ;
#7587 = LINE ( 'NONE', #207, #1777 ) ;
#7588 = EDGE_CURVE ( 'NONE', #1220, #6392, #3560, .T. ) ;
#7589 = CARTESIAN_POINT ( 'NONE',  ( 0.1196054746651321332, 0.9810000000000003162, 0.2530081763347153956 ) ) ;
#7590 = ORIENTED_EDGE ( 'NONE', *, *, #8769, .F. ) ;
#7591 = VECTOR ( 'NONE', #9388, 1000.000000000000000 ) ;
#7592 = DIRECTION ( 'NONE',  ( -0.007092178509970679598, -0.0000000000000000000, 0.9999748501857348426 ) ) ;
#7593 = CARTESIAN_POINT ( 'NONE',  ( -0.1361515083795944714, 0.9810000000000003162, 0.2241125724212622294 ) ) ;
#7594 = ORIENTED_EDGE ( 'NONE', *, *, #5237, .F. ) ;
#7595 = LINE ( 'NONE', #11127, #5691 ) ;
#7596 = LINE ( 'NONE', #2164, #3639 ) ;
#7597 = CARTESIAN_POINT ( 'NONE',  ( 0.1471452137234624813, 0.9810000000000003162, 0.1928320125314076650 ) ) ;
#7598 = SURFACE_STYLE_FILL_AREA ( #8560 ) ;
#7599 = FILL_AREA_STYLE ('',( #5861 ) ) ;
#7600 = CARTESIAN_POINT ( 'NONE',  ( -0.1361515083795944714, 0.9800000000000004263, 0.2241125724212622294 ) ) ;
#7601 = FACE_BOUND ( 'NONE', #9961, .T. ) ;
#7602 = LINE ( 'NONE', #4952, #9788 ) ;
#7603 = PLANE ( 'NONE',  #10373 ) ;
#7604 = ADVANCED_FACE ( 'NONE', ( #9536 ), #1277, .F. ) ;
#7605 = PLANE ( 'NONE',  #10037 ) ;
#7606 = DIRECTION ( 'NONE',  ( -0.0000000000000000000, -1.000000000000000000, -0.0000000000000000000 ) ) ;
#7607 = LINE ( 'NONE', #6527, #913 ) ;
#7608 = SURFACE_STYLE_USAGE ( .BOTH. , #11210 ) ;
#7609 = B_SPLINE_CURVE_WITH_KNOTS ( 'NONE', 3,
 ( #4125, #3227, #3622, #5573 ),
 .UNSPECIFIED., .F., .F.,
 ( 4, 4 ),
 ( 12.00000000000000000, 13.00000000000000000 ),
 .UNSPECIFIED. ) ;
#7610 = FILL_AREA_STYLE_COLOUR ( '', #3766 ) ;
#7611 = FACE_OUTER_BOUND ( 'NONE', #587, .T. ) ;
#7612 = VERTEX_POINT ( 'NONE', #9420 ) ;
#7613 = CARTESIAN_POINT ( 'NONE',  ( 0.01695067425750637624, 0.9810000000000003162, 0.2511955762737171360 ) ) ;
#7614 = CARTESIAN_POINT ( 'NONE',  ( 0.1473528750121374797, 0.9800000000000004263, 0.2145238108256276310 ) ) ;
#7615 = FILL_AREA_STYLE_COLOUR ( '', #9648 ) ;
#7616 = ORIENTED_EDGE ( 'NONE', *, *, #10320, .F. ) ;
#7617 = ADVANCED_FACE ( 'NONE', ( #7486 ), #4786, .F. ) ;
#7618 = CARTESIAN_POINT ( 'NONE',  ( -0.1642756972842778496, 0.9800000000000004263, 0.2091741664913350784 ) ) ;
#7619 =( GEOMETRIC_REPRESENTATION_CONTEXT ( 3 ) GLOBAL_UNCERTAINTY_ASSIGNED_CONTEXT ( ( #8665 ) ) GLOBAL_UNIT_ASSIGNED_CONTEXT ( ( #4540, #11094, #7255 ) ) REPRESENTATION_CONTEXT ( 'NONE', 'WORKASPACE' ) );
#7620 = EDGE_CURVE ( 'NONE', #2189, #7162, #5828, .T. ) ;
#7621 = ORIENTED_EDGE ( 'NONE', *, *, #4550, .F. ) ;
#7622 =( GEOMETRIC_REPRESENTATION_CONTEXT ( 3 ) GLOBAL_UNCERTAINTY_ASSIGNED_CONTEXT ( ( #6508 ) ) GLOBAL_UNIT_ASSIGNED_CONTEXT ( ( #1010, #8381, #3846 ) ) REPRESENTATION_CONTEXT ( 'NONE', 'WORKASPACE' ) );
#7623 = ORIENTED_EDGE ( 'NONE', *, *, #2493, .T. ) ;
#7624 = DIRECTION ( 'NONE',  ( -0.0000000000000000000, -1.000000000000000000, -0.0000000000000000000 ) ) ;
#7625 = FILL_AREA_STYLE_COLOUR ( '', #4665 ) ;
#7626 = COLOUR_RGB ( '',0.2235294117647058654, 0.2235294117647058654, 0.2235294117647058654 ) ;
#7627 = CARTESIAN_POINT ( 'NONE',  ( -0.1361614634804074742, 0.9810000000000003162, 0.2255162103063040047 ) ) ;
#7628 = PRESENTATION_LAYER_ASSIGNMENT (  '', '', ( #10122 ) ) ;
#7629 = ORIENTED_EDGE ( 'NONE', *, *, #9917, .F. ) ;
#7630 = CARTESIAN_POINT ( 'NONE',  ( -0.2126059009832764746, 0.9810000000000003162, 0.2430402872325851393 ) ) ;
#7631 = EDGE_LOOP ( 'NONE', ( #4702, #8028, #7376, #8906, #2862, #1666, #3804 ) ) ;
#7632 = PRESENTATION_STYLE_ASSIGNMENT (( #1235 ) ) ;
#7633 = FILL_AREA_STYLE ('',( #1174 ) ) ;
#7634 = EDGE_CURVE ( 'NONE', #3608, #6988, #10275, .T. ) ;
#7635 = PRESENTATION_LAYER_ASSIGNMENT (  '', '', ( #869 ) ) ;
#7636 = VERTEX_POINT ( 'NONE', #114 ) ;
#7637 = VECTOR ( 'NONE', #7399, 1000.000000000000000 ) ;
#7638 = B_SPLINE_SURFACE_WITH_KNOTS ( 'NONE', 3, 1, ( 
 ( #48, #3733 ),
 ( #1790, #7303 ),
 ( #10975, #6288 ),
 ( #10136, #4474 ) ),
 .UNSPECIFIED., .F., .F., .F.,
 ( 4, 4 ),
 ( 2, 2 ),
 ( 9.000000000000000000, 10.00000000000000000 ),
 ( 0.0000000000000000000, 1.000000000000000000 ),
 .UNSPECIFIED. ) ;
#7639 = CARTESIAN_POINT ( 'NONE',  ( -0.09597104098580989950, 0.9800000000000004263, 0.2471168284930282122 ) ) ;
#7640 = CARTESIAN_POINT ( 'NONE',  ( -0.1427102068934577028, 0.9800000000000004263, 0.2270814295841633301 ) ) ;
#7641 =( NAMED_UNIT ( * ) SI_UNIT ( $, .STERADIAN. ) SOLID_ANGLE_UNIT ( ) );
#7642 =( NAMED_UNIT ( * ) PLANE_ANGLE_UNIT ( ) SI_UNIT ( $, .RADIAN. ) );
#7643 = EDGE_CURVE ( 'NONE', #2831, #5222, #3701, .T. ) ;
#7644 = ORIENTED_EDGE ( 'NONE', *, *, #11087, .F. ) ;
#7645 = EDGE_LOOP ( 'NONE', ( #9611, #9437, #7431, #6323 ) ) ;
#7646 = VECTOR ( 'NONE', #9261, 1000.000000000000000 ) ;
#7647 = CIRCLE ( 'NONE', #1648, 0.02000000000000005246 ) ;
#7648 = CARTESIAN_POINT ( 'NONE',  ( -0.08036022082143226553, 0.9810000000000003162, 0.2249761669736695668 ) ) ;
#7649 = PRESENTATION_STYLE_ASSIGNMENT (( #2159 ) ) ;
#7650 = ORIENTED_EDGE ( 'NONE', *, *, #2898, .F. ) ;
#7651 = EDGE_CURVE ( 'NONE', #2837, #4021, #7319, .T. ) ;
#7652 = ORIENTED_EDGE ( 'NONE', *, *, #1230, .T. ) ;
#7653 = CARTESIAN_POINT ( 'NONE',  ( -0.2955644245606628973, 0.9800000000000004263, 0.2645733217960050676 ) ) ;
#7654 = VECTOR ( 'NONE', #6894, 1000.000000000000000 ) ;
#7655 = AXIS2_PLACEMENT_3D ( 'NONE', #11100, #9300, #11880 ) ;
#7656 = B_SPLINE_CURVE_WITH_KNOTS ( 'NONE', 3,
 ( #7614, #7550, #6659, #168, #8400, #5629, #11217 ),
 .UNSPECIFIED., .F., .F.,
 ( 4, 3, 4 ),
 ( 0.0000000000000000000, 1.000000000000000000, 2.000000000000000000 ),
 .UNSPECIFIED. ) ;
#7657 = CARTESIAN_POINT ( 'NONE',  ( -0.1495073765154116274, 0.9810000000000003162, 0.3241490534604413720 ) ) ;
#7658 =( GEOMETRIC_REPRESENTATION_CONTEXT ( 3 ) GLOBAL_UNCERTAINTY_ASSIGNED_CONTEXT ( ( #10812 ) ) GLOBAL_UNIT_ASSIGNED_CONTEXT ( ( #4959, #2224, #11440 ) ) REPRESENTATION_CONTEXT ( 'NONE', 'WORKASPACE' ) );
#7659 = FILL_AREA_STYLE_COLOUR ( '', #1458 ) ;
#7660 = FILL_AREA_STYLE_COLOUR ( '', #4553 ) ;
#7661 = STYLED_ITEM ( 'NONE', ( #6101 ), #59 ) ;
#7662 = FILL_AREA_STYLE ('',( #2944 ) ) ;
#7663 = CARTESIAN_POINT ( 'NONE',  ( -0.1385436276972784042, 0.9800000000000004263, 0.2168691073937580316 ) ) ;
#7664 = FACE_OUTER_BOUND ( 'NONE', #5607, .T. ) ;
#7665 = CARTESIAN_POINT ( 'NONE',  ( -0.2314884647984113697, 0.9800000000000004263, 0.2591789859950905939 ) ) ;
#7666 = MECHANICAL_DESIGN_GEOMETRIC_PRESENTATION_REPRESENTATION (  '', ( #4975 ), #7855 ) ;
#7667 = VECTOR ( 'NONE', #5111, 1000.000000000000000 ) ;
#7668 = CARTESIAN_POINT ( 'NONE',  ( 0.05933959860277124299, 0.9810000000000003162, 0.2381205000656923809 ) ) ;
#7669 = SURFACE_STYLE_FILL_AREA ( #350 ) ;
#7670 = PRESENTATION_STYLE_ASSIGNMENT (( #3975 ) ) ;
#7671 = DIRECTION ( 'NONE',  ( 0.9999748501857348426, -0.0000000000000000000, 0.007092178509964889091 ) ) ;
#7672 = SURFACE_SIDE_STYLE ('',( #1211 ) ) ;
#7673 = DIRECTION ( 'NONE',  ( 0.9999748501857348426, -0.0000000000000000000, 0.007092178509964698271 ) ) ;
#7674 = CARTESIAN_POINT ( 'NONE',  ( 0.008049363051064835003, 0.9800000000000004263, 0.2319726427754881526 ) ) ;
#7675 = ORIENTED_EDGE ( 'NONE', *, *, #5590, .T. ) ;
#7676 = EDGE_CURVE ( 'NONE', #10096, #348, #3799, .T. ) ;
#7677 = SURFACE_SIDE_STYLE ('',( #4108 ) ) ;
#7678 = CARTESIAN_POINT ( 'NONE',  ( -0.1356345043302168152, 0.9800000000000004263, 0.2520084467876314571 ) ) ;
#7679 = DIRECTION ( 'NONE',  ( -0.9999748501857348426, 0.0000000000000000000, -0.007092178509963869074 ) ) ;
#7680 =( NAMED_UNIT ( * ) SI_UNIT ( $, .STERADIAN. ) SOLID_ANGLE_UNIT ( ) );
#7681 = ORIENTED_EDGE ( 'NONE', *, *, #4703, .F. ) ;
#7682 = SURFACE_SIDE_STYLE ('',( #10391 ) ) ;
#7683 = LINE ( 'NONE', #2125, #5729 ) ;
#7684 = MECHANICAL_DESIGN_GEOMETRIC_PRESENTATION_REPRESENTATION (  '', ( #11328 ), #9024 ) ;
#7685 = FILL_AREA_STYLE_COLOUR ( '', #10943 ) ;
#7686 = AXIS2_PLACEMENT_3D ( 'NONE', #3498, #9717, #6956 ) ;
#7687 = EDGE_LOOP ( 'NONE', ( #2630, #2473, #6168, #10570 ) ) ;
#7688 = VERTEX_POINT ( 'NONE', #11576 ) ;
#7689 = UNCERTAINTY_MEASURE_WITH_UNIT (LENGTH_MEASURE( 1.000000000000000082E-05 ), #150, 'distance_accuracy_value', 'NONE');
#7690 =( NAMED_UNIT ( * ) PLANE_ANGLE_UNIT ( ) SI_UNIT ( $, .RADIAN. ) );
#7691 = PRESENTATION_LAYER_ASSIGNMENT (  '', '', ( #4993 ) ) ;
#7692 = ADVANCED_FACE ( 'NONE', ( #601 ), #4077, .F. ) ;
#7693 =( NAMED_UNIT ( * ) PLANE_ANGLE_UNIT ( ) SI_UNIT ( $, .RADIAN. ) );
#7694 = CARTESIAN_POINT ( 'NONE',  ( 0.2251137447504691913, 0.9800000000000004263, 0.2602635680116929251 ) ) ;
#7695 = STYLED_ITEM ( 'NONE', ( #1979 ), #7955 ) ;
#7696 = ORIENTED_EDGE ( 'NONE', *, *, #5846, .T. ) ;
#7697 = CARTESIAN_POINT ( 'NONE',  ( 0.1473528750121374797, 0.9810000000000003162, 0.2145238108256276310 ) ) ;
#7698 = PLANE ( 'NONE',  #7120 ) ;
#7699 = CARTESIAN_POINT ( 'NONE',  ( -0.2030867450043408462, 0.9810000000000003162, 0.3211176000878182557 ) ) ;
#7700 = ORIENTED_EDGE ( 'NONE', *, *, #4556, .T. ) ;
#7701 = DIRECTION ( 'NONE',  ( -0.0000000000000000000, -1.000000000000000000, -0.0000000000000000000 ) ) ;
#7702 = CARTESIAN_POINT ( 'NONE',  ( 0.5800000000000001821, 0.9999999999999995559, 0.5500000000000000444 ) ) ;
#7703 = UNCERTAINTY_MEASURE_WITH_UNIT (LENGTH_MEASURE( 1.000000000000000082E-05 ), #9315, 'distance_accuracy_value', 'NONE');
#7704 = B_SPLINE_CURVE_WITH_KNOTS ( 'NONE', 3,
 ( #8968, #1493, #7965, #516 ),
 .UNSPECIFIED., .F., .F.,
 ( 4, 4 ),
 ( 7.000000000000000000, 8.000000000000000000 ),
 .UNSPECIFIED. ) ;
#7705 = VECTOR ( 'NONE', #4658, 1000.000000000000000 ) ;
#7706 = FILL_AREA_STYLE_COLOUR ( '', #6077 ) ;
#7707 = CARTESIAN_POINT ( 'NONE',  ( -0.1635385772153754580, 0.9810000000000003162, 0.2206950029482555031 ) ) ;
#7708 = SURFACE_STYLE_FILL_AREA ( #6857 ) ;
#7709 = LINE ( 'NONE', #11247, #2534 ) ;
#7710 = EDGE_CURVE ( 'NONE', #7100, #11792, #11514, .T. ) ;
#7711 = ORIENTED_EDGE ( 'NONE', *, *, #86, .T. ) ;
#7712 = EDGE_LOOP ( 'NONE', ( #6909, #3745, #9574, #9184 ) ) ;
#7713 = PRESENTATION_LAYER_ASSIGNMENT (  '', '', ( #7492 ) ) ;
#7714 = CARTESIAN_POINT ( 'NONE',  ( -0.2030867450043408462, 0.9810000000000003162, 0.3211176000878182557 ) ) ;
#7715 = CARTESIAN_POINT ( 'NONE',  ( 0.06150595553267604321, 0.9810000000000003162, 0.2384973650103970610 ) ) ;
#7716 = ORIENTED_EDGE ( 'NONE', *, *, #7549, .T. ) ;
#7717 = STYLED_ITEM ( 'NONE', ( #4961 ), #2398 ) ;
#7718 = ORIENTED_EDGE ( 'NONE', *, *, #291, .F. ) ;
#7719 = PRESENTATION_LAYER_ASSIGNMENT (  '', '', ( #2122 ) ) ;
#7720 = CARTESIAN_POINT ( 'NONE',  ( -0.08863871572542110500, 0.9810000000000003162, 0.2212002248946726146 ) ) ;
#7721 =( GEOMETRIC_REPRESENTATION_CONTEXT ( 3 ) GLOBAL_UNCERTAINTY_ASSIGNED_CONTEXT ( ( #4543 ) ) GLOBAL_UNIT_ASSIGNED_CONTEXT ( ( #10933, #3877, #7322 ) ) REPRESENTATION_CONTEXT ( 'NONE', 'WORKASPACE' ) );
#7722 = SURFACE_SIDE_STYLE ('',( #6698 ) ) ;
#7723 = EDGE_CURVE ( 'NONE', #5516, #6133, #2299, .T. ) ;
#7724 = FILL_AREA_STYLE ('',( #7660 ) ) ;
#7725 = EDGE_CURVE ( 'NONE', #10860, #8233, #5752, .T. ) ;
#7726 = COLOUR_RGB ( '',0.2235294117647058654, 0.2235294117647058654, 0.2235294117647058654 ) ;
#7727 = PRESENTATION_LAYER_ASSIGNMENT (  '', '', ( #8304 ) ) ;
#7728 = DIRECTION ( 'NONE',  ( 0.0000000000000000000, 0.0000000000000000000, 1.000000000000000000 ) ) ;
#7729 = LINE ( 'NONE', #6646, #5178 ) ;
#7730 = ORIENTED_EDGE ( 'NONE', *, *, #4177, .T. ) ;
#7731 = CARTESIAN_POINT ( 'NONE',  ( -0.5799999999999994049, -1.000000000000000444, 0.02000000000000005246 ) ) ;
#7732 = CARTESIAN_POINT ( 'NONE',  ( -0.1494660812824138152, 0.9810000000000003162, 0.3183265555675406366 ) ) ;
#7733 =( NAMED_UNIT ( * ) PLANE_ANGLE_UNIT ( ) SI_UNIT ( $, .RADIAN. ) );
#7734 = EDGE_CURVE ( 'NONE', #2562, #7612, #7011, .T. ) ;
#7735 = DIRECTION ( 'NONE',  ( 0.9999748501857348426, -0.0000000000000000000, 0.007092178509964963684 ) ) ;
#7736 = PLANE ( 'NONE',  #3460 ) ;
#7737 = CARTESIAN_POINT ( 'NONE',  ( -0.1642756972842778218, 0.9800000000000004263, 0.2091741664913349952 ) ) ;
#7738 = ORIENTED_EDGE ( 'NONE', *, *, #8456, .F. ) ;
#7739 =( LENGTH_UNIT ( ) NAMED_UNIT ( * ) SI_UNIT ( .MILLI., .METRE. ) );
#7740 = CARTESIAN_POINT ( 'NONE',  ( 0.01695067425750637624, 0.9800000000000004263, 0.2511955762737171360 ) ) ;
#7741 = SURFACE_STYLE_FILL_AREA ( #5993 ) ;
#7742 = B_SPLINE_CURVE_WITH_KNOTS ( 'NONE', 3,
 ( #7943, #3287, #3511, #1246 ),
 .UNSPECIFIED., .F., .F.,
 ( 4, 4 ),
 ( 16.00000000000000000, 17.00000000000000000 ),
 .UNSPECIFIED. ) ;
#7743 = DIRECTION ( 'NONE',  ( 0.9999748501857348426, 0.0000000000000000000, 0.007092178509964768528 ) ) ;
#7744 = SURFACE_STYLE_USAGE ( .BOTH. , #3922 ) ;
#7745 =( GEOMETRIC_REPRESENTATION_CONTEXT ( 3 ) GLOBAL_UNCERTAINTY_ASSIGNED_CONTEXT ( ( #5038 ) ) GLOBAL_UNIT_ASSIGNED_CONTEXT ( ( #7047, #8021, #6146 ) ) REPRESENTATION_CONTEXT ( 'NONE', 'WORKASPACE' ) );
#7746 = VECTOR ( 'NONE', #6537, 1000.000000000000000 ) ;
#7747 = EDGE_CURVE ( 'NONE', #8233, #10797, #9316, .T. ) ;
#7748 = B_SPLINE_SURFACE_WITH_KNOTS ( 'NONE', 3, 1, ( 
 ( #8903, #2495 ),
 ( #9910, #3291 ),
 ( #6188, #9011 ),
 ( #2377, #5226 ) ),
 .UNSPECIFIED., .F., .F., .F.,
 ( 4, 4 ),
 ( 2, 2 ),
 ( 11.00000000000000000, 12.00000000000000000 ),
 ( 0.0000000000000000000, 1.000000000000000000 ),
 .UNSPECIFIED. ) ;
#7749 = CARTESIAN_POINT ( 'NONE',  ( -0.1345384498917537586, 0.9800000000000004263, 0.2275812948293549076 ) ) ;
#7750 = ORIENTED_EDGE ( 'NONE', *, *, #815, .T. ) ;
#7751 = ORIENTED_EDGE ( 'NONE', *, *, #6914, .T. ) ;
#7752 =( NAMED_UNIT ( * ) PLANE_ANGLE_UNIT ( ) SI_UNIT ( $, .RADIAN. ) );
#7753 =( GEOMETRIC_REPRESENTATION_CONTEXT ( 3 ) GLOBAL_UNCERTAINTY_ASSIGNED_CONTEXT ( ( #9840 ) ) GLOBAL_UNIT_ASSIGNED_CONTEXT ( ( #5934, #8085, #4273 ) ) REPRESENTATION_CONTEXT ( 'NONE', 'WORKASPACE' ) );
#7754 = CARTESIAN_POINT ( 'NONE',  ( -0.1033061269104909724, 0.9800000000000004263, 0.2441014208557291121 ) ) ;
#7755 = SURFACE_STYLE_USAGE ( .BOTH. , #11459 ) ;
#7756 = PRESENTATION_STYLE_ASSIGNMENT (( #5838 ) ) ;
#7757 = ORIENTED_EDGE ( 'NONE', *, *, #3879, .T. ) ;
#7758 = SURFACE_STYLE_FILL_AREA ( #9492 ) ;
#7759 = EDGE_CURVE ( 'NONE', #6241, #3548, #5937, .T. ) ;
#7760 = UNCERTAINTY_MEASURE_WITH_UNIT (LENGTH_MEASURE( 1.000000000000000082E-05 ), #2225, 'distance_accuracy_value', 'NONE');
#7761 = DIRECTION ( 'NONE',  ( 0.9999748501857340655, 0.0000000000000000000, 0.007092178510054864861 ) ) ;
#7762 = DIRECTION ( 'NONE',  ( 1.000000000000000000, 0.0000000000000000000, 0.0000000000000000000 ) ) ;
#7763 = ORIENTED_EDGE ( 'NONE', *, *, #3941, .F. ) ;
#7764 = CARTESIAN_POINT ( 'NONE',  ( 0.1577257532260294970, 0.9810000000000003162, 0.3320868017686833262 ) ) ;
#7765 = CARTESIAN_POINT ( 'NONE',  ( -0.1870158866697106403, 0.9810000000000003162, 0.3385699796626217561 ) ) ;
#7766 = CARTESIAN_POINT ( 'NONE',  ( -0.1209048728947629270, 0.9810000000000003162, 0.2148366557994072223 ) ) ;
#7767 = CARTESIAN_POINT ( 'NONE',  ( -0.2312104593905486283, 0.9800000000000004263, 0.2199810983942929177 ) ) ;
#7768 = DIRECTION ( 'NONE',  ( 0.0000000000000000000, 0.0000000000000000000, 1.000000000000000000 ) ) ;
#7769 = AXIS2_PLACEMENT_3D ( 'NONE', #3344, #10692, #8068 ) ;
#7770 = PRESENTATION_STYLE_ASSIGNMENT (( #5061 ) ) ;
#7771 = VERTEX_POINT ( 'NONE', #6107 ) ;
#7772 = ORIENTED_EDGE ( 'NONE', *, *, #1840, .T. ) ;
#7773 = SURFACE_STYLE_USAGE ( .BOTH. , #4086 ) ;
#7774 = DIRECTION ( 'NONE',  ( 0.9999748501857348426, 0.0000000000000000000, 0.007092178509963311360 ) ) ;
#7775 = ORIENTED_EDGE ( 'NONE', *, *, #10222, .T. ) ;
#7776 = DIRECTION ( 'NONE',  ( -0.007092178509963209011, 0.0000000000000000000, 0.9999748501857348426 ) ) ;
#7777 = ORIENTED_EDGE ( 'NONE', *, *, #10443, .F. ) ;
#7778 = ORIENTED_EDGE ( 'NONE', *, *, #1203, .T. ) ;
#7779 = ADVANCED_FACE ( 'NONE', ( #9777 ), #1510, .F. ) ;
#7780 = CARTESIAN_POINT ( 'NONE',  ( -0.1681119349228590021, 0.9810000000000003162, 0.3010898646221462083 ) ) ;
#7781 =( NAMED_UNIT ( * ) PLANE_ANGLE_UNIT ( ) SI_UNIT ( $, .RADIAN. ) );
#7782 = CARTESIAN_POINT ( 'NONE',  ( -0.2919442581832067951, 0.9810000000000003162, 0.2581003468908734111 ) ) ;
#7783 = FACE_OUTER_BOUND ( 'NONE', #7858, .T. ) ;
#7784 = PRESENTATION_LAYER_ASSIGNMENT (  '', '', ( #6434 ) ) ;
#7785 = PRESENTATION_STYLE_ASSIGNMENT (( #10540 ) ) ;
#7786 = CARTESIAN_POINT ( 'NONE',  ( -0.1318807768746755316, 0.9800000000000004263, 0.2468621438305867999 ) ) ;
#7787 = ORIENTED_EDGE ( 'NONE', *, *, #9121, .T. ) ;
#7788 = CARTESIAN_POINT ( 'NONE',  ( -0.09348784744999619201, 0.9810000000000003162, 0.2195281732170089595 ) ) ;
#7789 = CARTESIAN_POINT ( 'NONE',  ( -0.2371444115801924490, 0.9800000000000004263, 0.3144553843501228241 ) ) ;
#7790 = EDGE_CURVE ( 'NONE', #1487, #11561, #3730, .T. ) ;
#7791 = CARTESIAN_POINT ( 'NONE',  ( 0.2077289880150376966, 0.9800000000000004263, 0.3158121704912326133 ) ) ;
#7792 = SURFACE_SIDE_STYLE ('',( #5868 ) ) ;
#7793 = CARTESIAN_POINT ( 'NONE',  ( -0.08036022082143226553, 0.9810000000000003162, 0.2249761669736695668 ) ) ;
#7794 = DIRECTION ( 'NONE',  ( -0.0000000000000000000, 0.0000000000000000000, -1.000000000000000000 ) ) ;
#7795 = ORIENTED_EDGE ( 'NONE', *, *, #2833, .T. ) ;
#7796 = CARTESIAN_POINT ( 'NONE',  ( 0.02824395665767102243, 0.9810000000000003162, 0.2389844735709412971 ) ) ;
#7797 = DIRECTION ( 'NONE',  ( -0.0000000000000000000, -0.0000000000000000000, -1.000000000000000000 ) ) ;
#7798 = EDGE_CURVE ( 'NONE', #10041, #4450, #4591, .T. ) ;
#7799 = PLANE ( 'NONE',  #10231 ) ;
#7800 = PLANE ( 'NONE',  #9586 ) ;
#7801 = FACE_OUTER_BOUND ( 'NONE', #6575, .T. ) ;
#7802 = EDGE_CURVE ( 'NONE', #1496, #7014, #8278, .T. ) ;
#7803 = ORIENTED_EDGE ( 'NONE', *, *, #372, .F. ) ;
#7804 = ORIENTED_EDGE ( 'NONE', *, *, #9277, .T. ) ;
#7805 = UNCERTAINTY_MEASURE_WITH_UNIT (LENGTH_MEASURE( 1.000000000000000082E-05 ), #10166, 'distance_accuracy_value', 'NONE');
#7806 =( NAMED_UNIT ( * ) SI_UNIT ( $, .STERADIAN. ) SOLID_ANGLE_UNIT ( ) );
#7807 = FILL_AREA_STYLE_COLOUR ( '', #11730 ) ;
#7808 = EDGE_LOOP ( 'NONE', ( #9187, #6686, #10974, #11733 ) ) ;
#7809 = SURFACE_STYLE_FILL_AREA ( #4121 ) ;
#7810 = CARTESIAN_POINT ( 'NONE',  ( 0.1813122104065303664, 0.9810000000000003162, 0.2176567344499826251 ) ) ;
#7811 =( GEOMETRIC_REPRESENTATION_CONTEXT ( 3 ) GLOBAL_UNCERTAINTY_ASSIGNED_CONTEXT ( ( #6059 ) ) GLOBAL_UNIT_ASSIGNED_CONTEXT ( ( #2876, #2638, #3720 ) ) REPRESENTATION_CONTEXT ( 'NONE', 'WORKASPACE' ) );
#7812 = CARTESIAN_POINT ( 'NONE',  ( -0.1601822152078898887, 0.9800000000000004263, 0.2147660436838172704 ) ) ;
#7813 = VERTEX_POINT ( 'NONE', #10910 ) ;
#7814 = CARTESIAN_POINT ( 'NONE',  ( 0.2077289880150376966, 0.9810000000000003162, 0.3158121704912326133 ) ) ;
#7815 = CARTESIAN_POINT ( 'NONE',  ( 0.1606150882671101288, 0.9810000000000003162, 0.3324688012273488980 ) ) ;
#7816 = EDGE_LOOP ( 'NONE', ( #9496, #9025, #6193, #2930, #11467, #10216, #4245, #1213 ) ) ;
#7817 = UNCERTAINTY_MEASURE_WITH_UNIT (LENGTH_MEASURE( 1.000000000000000082E-05 ), #6921, 'distance_accuracy_value', 'NONE');
#7818 = CARTESIAN_POINT ( 'NONE',  ( -0.1075612086555313152, 0.9800000000000004263, 0.3474257785267819698 ) ) ;
#7819 =( GEOMETRIC_REPRESENTATION_CONTEXT ( 3 ) GLOBAL_UNCERTAINTY_ASSIGNED_CONTEXT ( ( #8411 ) ) GLOBAL_UNIT_ASSIGNED_CONTEXT ( ( #5338, #9009, #11773 ) ) REPRESENTATION_CONTEXT ( 'NONE', 'WORKASPACE' ) );
#7820 = EDGE_CURVE ( 'NONE', #1241, #1414, #3672, .T. ) ;
#7821 = STYLED_ITEM ( 'NONE', ( #1953 ), #9656 ) ;
#7822 = CARTESIAN_POINT ( 'NONE',  ( -0.2249666376086776054, 0.9800000000000004263, 0.2650740264961070625 ) ) ;
#7823 = CARTESIAN_POINT ( 'NONE',  ( -0.1286046035131483412, 0.9810000000000003162, 0.2192531180488545839 ) ) ;
#7824 = CARTESIAN_POINT ( 'NONE',  ( -0.07339973933240424853, 0.9810000000000003162, 0.2661489930300927065 ) ) ;
#7825 = CARTESIAN_POINT ( 'NONE',  ( -0.1961392526203776521, 0.9810000000000003162, 0.3146422291645478708 ) ) ;
#7826 = ORIENTED_EDGE ( 'NONE', *, *, #7747, .F. ) ;
#7827 = ORIENTED_EDGE ( 'NONE', *, *, #532, .F. ) ;
#7828 = CARTESIAN_POINT ( 'NONE',  ( -0.08683725237851296075, 0.9800000000000004263, 0.2274257113143270670 ) ) ;
#7829 = LINE ( 'NONE', #506, #11151 ) ;
#7830 = EDGE_LOOP ( 'NONE', ( #10850, #9239, #6046, #75 ) ) ;
#7831 = DIRECTION ( 'NONE',  ( 1.000000000000000000, 0.0000000000000000000, 0.0000000000000000000 ) ) ;
#7832 = STYLED_ITEM ( 'NONE', ( #9340 ), #9924 ) ;
#7833 = AXIS2_PLACEMENT_3D ( 'NONE', #10547, #10780, #5023 ) ;
#7834 = ORIENTED_EDGE ( 'NONE', *, *, #9726, .T. ) ;
#7835 = VERTEX_POINT ( 'NONE', #3497 ) ;
#7836 = LINE ( 'NONE', #2511, #1257 ) ;
#7837 = EDGE_CURVE ( 'NONE', #3213, #10303, #8213, .T. ) ;
#7838 = LINE ( 'NONE', #11495, #3208 ) ;
#7839 = COLOUR_RGB ( '',0.2235294117647058654, 0.2235294117647058654, 0.2235294117647058654 ) ;
#7840 = CARTESIAN_POINT ( 'NONE',  ( -0.1681119349228590021, 0.9810000000000003162, 0.3010898646221462083 ) ) ;
#7841 = B_SPLINE_SURFACE_WITH_KNOTS ( 'NONE', 3, 1, ( 
 ( #3917, #7206 ),
 ( #10141, #2765 ),
 ( #52, #7416 ),
 ( #6465, #5628 ) ),
 .UNSPECIFIED., .F., .F., .F.,
 ( 4, 4 ),
 ( 2, 2 ),
 ( 11.00000000000000000, 12.00000000000000000 ),
 ( 0.0000000000000000000, 1.000000000000000000 ),
 .UNSPECIFIED. ) ;
#7842 = CARTESIAN_POINT ( 'NONE',  ( -0.2030867450043408462, 0.9810000000000003162, 0.3211176000878182557 ) ) ;
#7843 = CARTESIAN_POINT ( 'NONE',  ( -0.2249666376086776054, 0.9800000000000004263, 0.2650740264961071180 ) ) ;
#7844 = EDGE_LOOP ( 'NONE', ( #6744, #4843, #4332, #3025 ) ) ;
#7845 = LINE ( 'NONE', #412, #4606 ) ;
#7846 = STYLED_ITEM ( 'NONE', ( #8254 ), #10595 ) ;
#7847 = AXIS2_PLACEMENT_3D ( 'NONE', #4405, #10617, #11510 ) ;
#7848 = SURFACE_SIDE_STYLE ('',( #4217 ) ) ;
#7849 = FILL_AREA_STYLE ('',( #8571 ) ) ;
#7850 = SURFACE_STYLE_USAGE ( .BOTH. , #9654 ) ;
#7851 = CARTESIAN_POINT ( 'NONE',  ( 0.5800000000000001821, 0.9800000000000004263, 0.5300000000000001377 ) ) ;
#7852 = CARTESIAN_POINT ( 'NONE',  ( -0.2141639342374535293, 0.9810000000000003162, 0.2593018577486319587 ) ) ;
#7853 = VECTOR ( 'NONE', #8209, 1000.000000000000000 ) ;
#7854 = CARTESIAN_POINT ( 'NONE',  ( -0.1642756972842778773, 0.9810000000000003162, 0.2091741664913350507 ) ) ;
#7855 =( GEOMETRIC_REPRESENTATION_CONTEXT ( 3 ) GLOBAL_UNCERTAINTY_ASSIGNED_CONTEXT ( ( #442 ) ) GLOBAL_UNIT_ASSIGNED_CONTEXT ( ( #9568, #6981, #3407 ) ) REPRESENTATION_CONTEXT ( 'NONE', 'WORKASPACE' ) );
#7856 = DIRECTION ( 'NONE',  ( 0.9999748501857348426, -0.0000000000000000000, 0.007092178509964998379 ) ) ;
#7857 = EDGE_CURVE ( 'NONE', #9017, #3214, #7299, .T. ) ;
#7858 = EDGE_LOOP ( 'NONE', ( #11175, #5143, #8344, #8648 ) ) ;
#7859 = FILL_AREA_STYLE ('',( #2184 ) ) ;
#7860 = CARTESIAN_POINT ( 'NONE',  ( -0.1410897765776967239, 0.9810000000000003162, 0.2441713755496451588 ) ) ;
#7861 = SURFACE_STYLE_USAGE ( .BOTH. , #11626 ) ;
#7862 = VERTEX_POINT ( 'NONE', #6283 ) ;
#7863 = ORIENTED_EDGE ( 'NONE', *, *, #8046, .T. ) ;
#7864 = CARTESIAN_POINT ( 'NONE',  ( 0.07098665811640676726, 0.9810000000000003162, 0.2779687662479400911 ) ) ;
#7865 = CARTESIAN_POINT ( 'NONE',  ( -0.2955644245606628973, 0.9810000000000003162, 0.2645733217960050676 ) ) ;
#7866 = VECTOR ( 'NONE', #1114, 999.9999999999998863 ) ;
#7867 = EDGE_CURVE ( 'NONE', #503, #8933, #11026, .T. ) ;
#7868 = DIRECTION ( 'NONE',  ( -0.9394297562992270922, 0.0000000000000000000, 0.3427414958530333733 ) ) ;
#7869 = EDGE_CURVE ( 'NONE', #3932, #6608, #1688, .T. ) ;
#7870 = ORIENTED_EDGE ( 'NONE', *, *, #9898, .T. ) ;
#7871 =( GEOMETRIC_REPRESENTATION_CONTEXT ( 3 ) GLOBAL_UNCERTAINTY_ASSIGNED_CONTEXT ( ( #1772 ) ) GLOBAL_UNIT_ASSIGNED_CONTEXT ( ( #8522, #3155, #10501 ) ) REPRESENTATION_CONTEXT ( 'NONE', 'WORKASPACE' ) );
#7872 = UNCERTAINTY_MEASURE_WITH_UNIT (LENGTH_MEASURE( 1.000000000000000082E-05 ), #3183, 'distance_accuracy_value', 'NONE');
#7873 = FILL_AREA_STYLE_COLOUR ( '', #4968 ) ;
#7874 = ORIENTED_EDGE ( 'NONE', *, *, #2186, .T. ) ;
#7875 = FILL_AREA_STYLE_COLOUR ( '', #6273 ) ;
#7876 = ORIENTED_EDGE ( 'NONE', *, *, #4556, .F. ) ;
#7877 =( NAMED_UNIT ( * ) SI_UNIT ( $, .STERADIAN. ) SOLID_ANGLE_UNIT ( ) );
#7878 = DIRECTION ( 'NONE',  ( -0.0000000000000000000, -1.000000000000000000, -0.0000000000000000000 ) ) ;
#7879 = COLOUR_RGB ( '',0.2235294117647058654, 0.2235294117647058654, 0.2235294117647058654 ) ;
#7880 = SURFACE_SIDE_STYLE ('',( #7093 ) ) ;
#7881 = CARTESIAN_POINT ( 'NONE',  ( 0.09822897624322909915, 0.9810000000000003162, 0.3616698184917169212 ) ) ;
#7882 = CARTESIAN_POINT ( 'NONE',  ( -0.09180021817302808085, 0.9800000000000004263, 0.2143152275510540883 ) ) ;
#7883 = ORIENTED_EDGE ( 'NONE', *, *, #2960, .F. ) ;
#7884 = ORIENTED_EDGE ( 'NONE', *, *, #8769, .T. ) ;
#7885 = B_SPLINE_CURVE_WITH_KNOTS ( 'NONE', 3,
 ( #7433, #6365, #1038, #6426 ),
 .UNSPECIFIED., .F., .F.,
 ( 4, 4 ),
 ( 4.000000000000000000, 5.000000000000000000 ),
 .UNSPECIFIED. ) ;
#7886 = FILL_AREA_STYLE_COLOUR ( '', #10400 ) ;
#7887 = PRESENTATION_LAYER_ASSIGNMENT (  '', '', ( #4218 ) ) ;
#7888 = EDGE_LOOP ( 'NONE', ( #3586, #483, #8435, #11814 ) ) ;
#7889 =( GEOMETRIC_REPRESENTATION_CONTEXT ( 3 ) GLOBAL_UNCERTAINTY_ASSIGNED_CONTEXT ( ( #10632 ) ) GLOBAL_UNIT_ASSIGNED_CONTEXT ( ( #6733, #4912, #10456 ) ) REPRESENTATION_CONTEXT ( 'NONE', 'WORKASPACE' ) );
#7890 = CARTESIAN_POINT ( 'NONE',  ( -0.1027004626466781617, 0.9810000000000003162, 0.3474602526721866647 ) ) ;
#7891 = EDGE_CURVE ( 'NONE', #6226, #8683, #44, .T. ) ;
#7892 = ORIENTED_EDGE ( 'NONE', *, *, #7327, .F. ) ;
#7893 = EDGE_LOOP ( 'NONE', ( #8715, #6833, #2440, #1920, #2289, #10822 ) ) ;
#7894 =( NAMED_UNIT ( * ) PLANE_ANGLE_UNIT ( ) SI_UNIT ( $, .RADIAN. ) );
#7895 = FILL_AREA_STYLE ('',( #8915 ) ) ;
#7896 = PRESENTATION_LAYER_ASSIGNMENT (  '', '', ( #373 ) ) ;
#7897 = COLOUR_RGB ( '',0.2235294117647058654, 0.2235294117647058654, 0.2235294117647058654 ) ;
#7898 = CARTESIAN_POINT ( 'NONE',  ( 0.09802132204498795187, 0.9810000000000003162, 0.3399779926670717933 ) ) ;
#7899 =( GEOMETRIC_REPRESENTATION_CONTEXT ( 3 ) GLOBAL_UNCERTAINTY_ASSIGNED_CONTEXT ( ( #5424 ) ) GLOBAL_UNIT_ASSIGNED_CONTEXT ( ( #1625, #9838, #11519 ) ) REPRESENTATION_CONTEXT ( 'NONE', 'WORKASPACE' ) );
#7900 = CARTESIAN_POINT ( 'NONE',  ( 0.6000000000000003109, 0.9999999999999995559, 0.5300000000000000266 ) ) ;
#7901 = LINE ( 'NONE', #4389, #9661 ) ;
#7902 = STYLED_ITEM ( 'NONE', ( #6819 ), #2705 ) ;
#7903 =( GEOMETRIC_REPRESENTATION_CONTEXT ( 3 ) GLOBAL_UNCERTAINTY_ASSIGNED_CONTEXT ( ( #4926 ) ) GLOBAL_UNIT_ASSIGNED_CONTEXT ( ( #7928, #9722, #6055 ) ) REPRESENTATION_CONTEXT ( 'NONE', 'WORKASPACE' ) );
#7904 = DIRECTION ( 'NONE',  ( -0.007092178509967560565, -0.0000000000000000000, 0.9999748501857348426 ) ) ;
#7905 = ORIENTED_EDGE ( 'NONE', *, *, #5976, .T. ) ;
#7906 = EDGE_CURVE ( 'NONE', #5965, #2417, #10071, .T. ) ;
#7907 = MECHANICAL_DESIGN_GEOMETRIC_PRESENTATION_REPRESENTATION (  '', ( #1712 ), #10593 ) ;
#7908 = PRESENTATION_LAYER_ASSIGNMENT (  '', '', ( #1344 ) ) ;
#7909 = DIRECTION ( 'NONE',  ( 0.3349296976928460290, 0.0000000000000000000, 0.9422431202207733891 ) ) ;
#7910 = CARTESIAN_POINT ( 'NONE',  ( -0.2535694000644493906, 0.9800000000000004263, 0.2626356297533611883 ) ) ;
#7911 = CARTESIAN_POINT ( 'NONE',  ( -0.1558741477235450201, 0.9810000000000003162, 0.2047626817922929832 ) ) ;
#7912 = SURFACE_STYLE_FILL_AREA ( #6090 ) ;
#7913 = DIRECTION ( 'NONE',  ( -1.000000000000000000, 0.0000000000000000000, 0.0000000000000000000 ) ) ;
#7914 =( GEOMETRIC_REPRESENTATION_CONTEXT ( 3 ) GLOBAL_UNCERTAINTY_ASSIGNED_CONTEXT ( ( #9720 ) ) GLOBAL_UNIT_ASSIGNED_CONTEXT ( ( #2311, #4068, #10407 ) ) REPRESENTATION_CONTEXT ( 'NONE', 'WORKASPACE' ) );
#7915 =( NAMED_UNIT ( * ) SI_UNIT ( $, .STERADIAN. ) SOLID_ANGLE_UNIT ( ) );
#7916 =( NAMED_UNIT ( * ) SI_UNIT ( $, .STERADIAN. ) SOLID_ANGLE_UNIT ( ) );
#7917 =( GEOMETRIC_REPRESENTATION_CONTEXT ( 3 ) GLOBAL_UNCERTAINTY_ASSIGNED_CONTEXT ( ( #6959 ) ) GLOBAL_UNIT_ASSIGNED_CONTEXT ( ( #11106, #250, #7500 ) ) REPRESENTATION_CONTEXT ( 'NONE', 'WORKASPACE' ) );
#7918 =( NAMED_UNIT ( * ) SI_UNIT ( $, .STERADIAN. ) SOLID_ANGLE_UNIT ( ) );
#7919 = STYLED_ITEM ( 'NONE', ( #9829 ), #4471 ) ;
#7920 = CARTESIAN_POINT ( 'NONE',  ( -0.2538087766958543878, 0.9810000000000003162, 0.2542376756705261309 ) ) ;
#7921 = FILL_AREA_STYLE ('',( #6047 ) ) ;
#7922 =( GEOMETRIC_REPRESENTATION_CONTEXT ( 3 ) GLOBAL_UNCERTAINTY_ASSIGNED_CONTEXT ( ( #6110 ) ) GLOBAL_UNIT_ASSIGNED_CONTEXT ( ( #11512, #11402, #236 ) ) REPRESENTATION_CONTEXT ( 'NONE', 'WORKASPACE' ) );
#7923 = CARTESIAN_POINT ( 'NONE',  ( 0.07279154650397577642, 0.9800000000000004263, 0.2273707295474767243 ) ) ;
#7924 = ORIENTED_EDGE ( 'NONE', *, *, #4988, .F. ) ;
#7925 = VERTEX_POINT ( 'NONE', #1785 ) ;
#7926 = UNCERTAINTY_MEASURE_WITH_UNIT (LENGTH_MEASURE( 1.000000000000000082E-05 ), #7151, 'distance_accuracy_value', 'NONE');
#7927 = CARTESIAN_POINT ( 'NONE',  ( -0.08764267869100149377, 0.9800000000000004263, 0.2456942039155791124 ) ) ;
#7928 =( LENGTH_UNIT ( ) NAMED_UNIT ( * ) SI_UNIT ( .MILLI., .METRE. ) );
#7929 = ADVANCED_FACE ( 'NONE', ( #6224 ), #8166, .F. ) ;
#7930 = CARTESIAN_POINT ( 'NONE',  ( 0.07279154650397577642, 0.9810000000000003162, 0.2273707295474767243 ) ) ;
#7931 = VECTOR ( 'NONE', #8863, 1000.000000000000000 ) ;
#7932 = FACE_OUTER_BOUND ( 'NONE', #9879, .T. ) ;
#7933 = CARTESIAN_POINT ( 'NONE',  ( 0.1108810726264820301, 0.9800000000000004263, 0.2088425791007981480 ) ) ;
#7934 = STYLED_ITEM ( 'NONE', ( #1345 ), #10837 ) ;
#7935 = ORIENTED_EDGE ( 'NONE', *, *, #3362, .T. ) ;
#7936 = CARTESIAN_POINT ( 'NONE',  ( -0.1519029950726835665, 0.9810000000000003162, 0.2954080280364402289 ) ) ;
#7937 = CARTESIAN_POINT ( 'NONE',  ( -0.05357662199022229788, 0.9810000000000003162, 0.2383453888603684345 ) ) ;
#7938 = CARTESIAN_POINT ( 'NONE',  ( 0.06238787541147082505, 0.9810000000000003162, 0.2160902660971583122 ) ) ;
#7939 = SURFACE_STYLE_USAGE ( .BOTH. , #8835 ) ;
#7940 = EDGE_LOOP ( 'NONE', ( #11407, #10228, #9075, #239 ) ) ;
#7941 = UNCERTAINTY_MEASURE_WITH_UNIT (LENGTH_MEASURE( 1.000000000000000082E-05 ), #1857, 'distance_accuracy_value', 'NONE');
#7942 = COLOUR_RGB ( '',0.2235294117647058654, 0.2235294117647058654, 0.2235294117647058654 ) ;
#7943 = CARTESIAN_POINT ( 'NONE',  ( 0.1466298830622249916, 0.9800000000000004263, 0.2654910417758425401 ) ) ;
#7944 =( GEOMETRIC_REPRESENTATION_CONTEXT ( 3 ) GLOBAL_UNCERTAINTY_ASSIGNED_CONTEXT ( ( #10800 ) ) GLOBAL_UNIT_ASSIGNED_CONTEXT ( ( #11667, #4502, #11832 ) ) REPRESENTATION_CONTEXT ( 'NONE', 'WORKASPACE' ) );
#7945 = EDGE_CURVE ( 'NONE', #1461, #9660, #7607, .T. ) ;
#7946 = CARTESIAN_POINT ( 'NONE',  ( -0.1197313084508851294, 0.9800000000000004263, 0.2472862420182039278 ) ) ;
#7947 = B_SPLINE_SURFACE_WITH_KNOTS ( 'NONE', 3, 1, ( 
 ( #6624, #5895 ),
 ( #7766, #1180 ),
 ( #389, #7509 ),
 ( #9380, #3171 ) ),
 .UNSPECIFIED., .F., .F., .F.,
 ( 4, 4 ),
 ( 2, 2 ),
 ( 19.00000000000000000, 20.00000000000000000 ),
 ( 0.0000000000000000000, 1.000000000000000000 ),
 .UNSPECIFIED. ) ;
#7948 = CARTESIAN_POINT ( 'NONE',  ( -0.5999999999999994227, 0.9999999999999995559, 0.5300000000000000266 ) ) ;
#7949 = DIRECTION ( 'NONE',  ( -0.0000000000000000000, -1.000000000000000000, -0.0000000000000000000 ) ) ;
#7950 =( NAMED_UNIT ( * ) PLANE_ANGLE_UNIT ( ) SI_UNIT ( $, .RADIAN. ) );
#7951 = EDGE_LOOP ( 'NONE', ( #5777, #8739, #9068, #8551, #10422, #7804, #660 ) ) ;
#7952 = ORIENTED_EDGE ( 'NONE', *, *, #7362, .T. ) ;
#7953 =( NAMED_UNIT ( * ) SI_UNIT ( $, .STERADIAN. ) SOLID_ANGLE_UNIT ( ) );
#7954 = AXIS2_PLACEMENT_3D ( 'NONE', #10282, #4551, #7262 ) ;
#7955 = ADVANCED_FACE ( 'NONE', ( #8631 ), #4711, .F. ) ;
#7956 = ORIENTED_EDGE ( 'NONE', *, *, #8119, .F. ) ;
#7957 = CARTESIAN_POINT ( 'NONE',  ( -0.1115721950537148927, 0.9810000000000003162, 0.3466954769348883358 ) ) ;
#7958 = ORIENTED_EDGE ( 'NONE', *, *, #3437, .T. ) ;
#7959 = EDGE_LOOP ( 'NONE', ( #3193, #10111, #6331, #3768 ) ) ;
#7960 = CARTESIAN_POINT ( 'NONE',  ( 0.1395616554493350203, 0.9810000000000003162, 0.2426660227352132326 ) ) ;
#7961 = CARTESIAN_POINT ( 'NONE',  ( -0.1181075522258395460, 0.9810000000000003162, 0.2162602038860722276 ) ) ;
#7962 = FACE_OUTER_BOUND ( 'NONE', #5065, .T. ) ;
#7963 = SURFACE_STYLE_USAGE ( .BOTH. , #8917 ) ;
#7964 = ADVANCED_FACE ( 'NONE', ( #2889 ), #7071, .F. ) ;
#7965 = CARTESIAN_POINT ( 'NONE',  ( -0.1252043722825700867, 0.9800000000000004263, 0.2511206207447981842 ) ) ;
#7966 = CARTESIAN_POINT ( 'NONE',  ( 0.0000000000000000000, 0.9810000000000003162, 0.0000000000000000000 ) ) ;
#7967 = ORIENTED_EDGE ( 'NONE', *, *, #7375, .F. ) ;
#7968 = DIRECTION ( 'NONE',  ( 0.9999748501857348426, -0.0000000000000000000, 0.007092178509965330578 ) ) ;
#7969 = LINE ( 'NONE', #11618, #10341 ) ;
#7970 = CARTESIAN_POINT ( 'NONE',  ( -0.2281505509264918907, 0.9810000000000003162, 0.3364846104284340833 ) ) ;
#7971 = CARTESIAN_POINT ( 'NONE',  ( -0.08288195124660147073, 0.9810000000000003162, 0.3019802867017373771 ) ) ;
#7972 = SURFACE_SIDE_STYLE ('',( #10842 ) ) ;
#7973 = ADVANCED_FACE ( 'NONE', ( #6713 ), #2109, .T. ) ;
#7974 =( LENGTH_UNIT ( ) NAMED_UNIT ( * ) SI_UNIT ( .MILLI., .METRE. ) );
#7975 = SURFACE_STYLE_USAGE ( .BOTH. , #7682 ) ;
#7976 = B_SPLINE_CURVE_WITH_KNOTS ( 'NONE', 3,
 ( #1780, #6520, #9156, #829 ),
 .UNSPECIFIED., .F., .F.,
 ( 4, 4 ),
 ( 10.00000000000000000, 11.00000000000000000 ),
 .UNSPECIFIED. ) ;
#7977 = LINE ( 'NONE', #4112, #7654 ) ;
#7978 = VECTOR ( 'NONE', #9702, 1000.000000000000000 ) ;
#7979 = SURFACE_STYLE_USAGE ( .BOTH. , #1337 ) ;
#7980 = CARTESIAN_POINT ( 'NONE',  ( 0.02929765163022962984, 0.9800000000000004263, 0.2943023443141733475 ) ) ;
#7981 = ORIENTED_EDGE ( 'NONE', *, *, #4518, .F. ) ;
#7982 = ORIENTED_EDGE ( 'NONE', *, *, #6420, .T. ) ;
#7983 = LINE ( 'NONE', #7864, #2110 ) ;
#7984 = CARTESIAN_POINT ( 'NONE',  ( -0.1241748660555041239, 0.9800000000000004263, 0.2140856149943612119 ) ) ;
#7985 = CARTESIAN_POINT ( 'NONE',  ( -0.2442181792996963863, 0.9810000000000003162, 0.2947532958043280193 ) ) ;
#7986 = B_SPLINE_CURVE_WITH_KNOTS ( 'NONE', 3,
 ( #2909, #5833, #5696, #9359 ),
 .UNSPECIFIED., .F., .F.,
 ( 4, 4 ),
 ( 17.00000000000000000, 18.00000000000000000 ),
 .UNSPECIFIED. ) ;
#7987 = EDGE_CURVE ( 'NONE', #3897, #3481, #8743, .T. ) ;
#7988 = FACE_OUTER_BOUND ( 'NONE', #7893, .T. ) ;
#7989 = VERTEX_POINT ( 'NONE', #1561 ) ;
#7990 = CARTESIAN_POINT ( 'NONE',  ( -0.1197313084508851294, 0.9800000000000004263, 0.2472862420182039278 ) ) ;
#7991 = UNCERTAINTY_MEASURE_WITH_UNIT (LENGTH_MEASURE( 1.000000000000000082E-05 ), #8947, 'distance_accuracy_value', 'NONE');
#7992 = PLANE ( 'NONE',  #8050 ) ;
#7993 = SURFACE_STYLE_FILL_AREA ( #10682 ) ;
#7994 = DIRECTION ( 'NONE',  ( 0.007092178509963093652, 0.0000000000000000000, -0.9999748501857348426 ) ) ;
#7995 = VERTEX_POINT ( 'NONE', #6039 ) ;
#7996 =( NAMED_UNIT ( * ) PLANE_ANGLE_UNIT ( ) SI_UNIT ( $, .RADIAN. ) );
#7997 = CARTESIAN_POINT ( 'NONE',  ( 0.06150595553267604321, 0.9810000000000003162, 0.2384973650103970610 ) ) ;
#7998 = FACE_OUTER_BOUND ( 'NONE', #4798, .T. ) ;
#7999 = DIRECTION ( 'NONE',  ( -0.0000000000000000000, -1.000000000000000000, -0.0000000000000000000 ) ) ;
#8000 = CARTESIAN_POINT ( 'NONE',  ( -0.2885462351358029642, 0.9810000000000003162, 0.2646230973000676112 ) ) ;
#8001 = CARTESIAN_POINT ( 'NONE',  ( 0.1289913240301206465, 0.9810000000000003162, 0.3568269137446797301 ) ) ;
#8002 = FACE_OUTER_BOUND ( 'NONE', #3626, .T. ) ;
#8003 = ORIENTED_EDGE ( 'NONE', *, *, #8383, .F. ) ;
#8004 = ORIENTED_EDGE ( 'NONE', *, *, #2362, .T. ) ;
#8005 = CARTESIAN_POINT ( 'NONE',  ( -0.08854543622480952336, 0.9800000000000004263, 0.2300390510330524718 ) ) ;
#8006 = EDGE_CURVE ( 'NONE', #10041, #4455, #6828, .T. ) ;
#8007 = CARTESIAN_POINT ( 'NONE',  ( 0.2101081641215258311, 0.9810000000000003162, 0.2352132453259013212 ) ) ;
#8008 = ORIENTED_EDGE ( 'NONE', *, *, #7084, .T. ) ;
#8009 = SURFACE_STYLE_FILL_AREA ( #9807 ) ;
#8010 = MECHANICAL_DESIGN_GEOMETRIC_PRESENTATION_REPRESENTATION (  '', ( #2403 ), #2658 ) ;
#8011 = STYLED_ITEM ( 'NONE', ( #6623 ), #3660 ) ;
#8012 = ORIENTED_EDGE ( 'NONE', *, *, #4903, .F. ) ;
#8013 = ORIENTED_EDGE ( 'NONE', *, *, #4383, .T. ) ;
#8014 = B_SPLINE_SURFACE_WITH_KNOTS ( 'NONE', 3, 1, ( 
 ( #7224, #5904 ),
 ( #3891, #2019 ),
 ( #2934, #7519 ),
 ( #2994, #1056 ) ),
 .UNSPECIFIED., .F., .F., .F.,
 ( 4, 4 ),
 ( 2, 2 ),
 ( 3.000000000000000000, 4.000000000000000000 ),
 ( 0.0000000000000000000, 1.000000000000000000 ),
 .UNSPECIFIED. ) ;
#8015 = DIRECTION ( 'NONE',  ( -1.000000000000000000, 0.0000000000000000000, 0.0000000000000000000 ) ) ;
#8016 = EDGE_CURVE ( 'NONE', #11480, #7324, #7845, .T. ) ;
#8017 = DIRECTION ( 'NONE',  ( 0.9999748501857348426, 0.0000000000000000000, 0.007092178509961518523 ) ) ;
#8018 = CARTESIAN_POINT ( 'NONE',  ( 0.5800000000000001821, -1.000000000000000444, 0.5300000000000000266 ) ) ;
#8019 = PRESENTATION_STYLE_ASSIGNMENT (( #9873 ) ) ;
#8020 = FILL_AREA_STYLE_COLOUR ( '', #4165 ) ;
#8021 =( NAMED_UNIT ( * ) PLANE_ANGLE_UNIT ( ) SI_UNIT ( $, .RADIAN. ) );
#8022 = PRESENTATION_LAYER_ASSIGNMENT (  '', '', ( #8778 ) ) ;
#8023 = FACE_OUTER_BOUND ( 'NONE', #8483, .T. ) ;
#8024 = EDGE_CURVE ( 'NONE', #2056, #3940, #11752, .T. ) ;
#8025 = VECTOR ( 'NONE', #3262, 1000.000000000000114 ) ;
#8026 = FACE_OUTER_BOUND ( 'NONE', #10268, .T. ) ;
#8027 = PRESENTATION_LAYER_ASSIGNMENT (  '', '', ( #5513 ) ) ;
#8028 = ORIENTED_EDGE ( 'NONE', *, *, #10230, .F. ) ;
#8029 =( LENGTH_UNIT ( ) NAMED_UNIT ( * ) SI_UNIT ( .MILLI., .METRE. ) );
#8030 =( NAMED_UNIT ( * ) PLANE_ANGLE_UNIT ( ) SI_UNIT ( $, .RADIAN. ) );
#8031 = SURFACE_STYLE_USAGE ( .BOTH. , #3259 ) ;
#8032 = CARTESIAN_POINT ( 'NONE',  ( 0.2022323288433300892, 0.9810000000000003162, 0.2752845485394986857 ) ) ;
#8033 = MECHANICAL_DESIGN_GEOMETRIC_PRESENTATION_REPRESENTATION (  '', ( #6679 ), #6091 ) ;
#8034 = FILL_AREA_STYLE ('',( #8981 ) ) ;
#8035 = FILL_AREA_STYLE_COLOUR ( '', #3006 ) ;
#8036 = CARTESIAN_POINT ( 'NONE',  ( -0.09597104098580989950, 0.9800000000000004263, 0.2471168284930282122 ) ) ;
#8037 = LINE ( 'NONE', #9770, #3475 ) ;
#8038 = CARTESIAN_POINT ( 'NONE',  ( -0.07427614298719398267, 0.9800000000000004263, 0.3017553815468048684 ) ) ;
#8039 = CARTESIAN_POINT ( 'NONE',  ( -0.09472170136162932907, 0.9810000000000003162, 0.2322307825001209691 ) ) ;
#8040 = CARTESIAN_POINT ( 'NONE',  ( -0.1245580496112889679, 0.9810000000000003162, 0.2956019681485554385 ) ) ;
#8041 = CARTESIAN_POINT ( 'NONE',  ( 0.1260584107212490146, 0.9800000000000004263, 0.2606455678126648468 ) ) ;
#8042 = VECTOR ( 'NONE', #4446, 1000.000000000000000 ) ;
#8043 = B_SPLINE_SURFACE_WITH_KNOTS ( 'NONE', 3, 1, ( 
 ( #9444, #4928 ),
 ( #8605, #4012 ),
 ( #5165, #7818 ),
 ( #3341, #10750 ) ),
 .UNSPECIFIED., .F., .F., .F.,
 ( 4, 4 ),
 ( 2, 2 ),
 ( 5.000000000000000000, 6.000000000000000000 ),
 ( 0.0000000000000000000, 1.000000000000000000 ),
 .UNSPECIFIED. ) ;
#8044 = CARTESIAN_POINT ( 'NONE',  ( -0.1907102522281630685, 0.9800000000000004263, 0.3353464418983808093 ) ) ;
#8045 = LINE ( 'NONE', #5141, #9202 ) ;
#8046 = EDGE_CURVE ( 'NONE', #1461, #2051, #5186, .T. ) ;
#8047 = ORIENTED_EDGE ( 'NONE', *, *, #2670, .T. ) ;
#8048 = UNCERTAINTY_MEASURE_WITH_UNIT (LENGTH_MEASURE( 1.000000000000000082E-05 ), #3634, 'distance_accuracy_value', 'NONE');
#8049 = CARTESIAN_POINT ( 'NONE',  ( -0.09597104098580989950, 0.9810000000000003162, 0.2471168284930282122 ) ) ;
#8050 = AXIS2_PLACEMENT_3D ( 'NONE', #9002, #902, #971 ) ;
#8051 = PRESENTATION_LAYER_ASSIGNMENT (  '', '', ( #6503 ) ) ;
#8052 = CYLINDRICAL_SURFACE ( 'NONE', #7165, 0.02000000000000005246 ) ;
#8053 = VECTOR ( 'NONE', #1355, 1000.000000000000000 ) ;
#8054 = FILL_AREA_STYLE_COLOUR ( '', #10413 ) ;
#8055 = ORIENTED_EDGE ( 'NONE', *, *, #1282, .F. ) ;
#8056 = CARTESIAN_POINT ( 'NONE',  ( -0.07648797249033079115, 0.9810000000000003162, 0.3204038184596204597 ) ) ;
#8057 = LINE ( 'NONE', #10572, #10156 ) ;
#8058 =( GEOMETRIC_REPRESENTATION_CONTEXT ( 3 ) GLOBAL_UNCERTAINTY_ASSIGNED_CONTEXT ( ( #10578 ) ) GLOBAL_UNIT_ASSIGNED_CONTEXT ( ( #88, #4585, #9325 ) ) REPRESENTATION_CONTEXT ( 'NONE', 'WORKASPACE' ) );
#8059 = LINE ( 'NONE', #8126, #80 ) ;
#8060 = ORIENTED_EDGE ( 'NONE', *, *, #1282, .T. ) ;
#8061 = EDGE_CURVE ( 'NONE', #8310, #4789, #5021, .T. ) ;
#8062 = UNCERTAINTY_MEASURE_WITH_UNIT (LENGTH_MEASURE( 1.000000000000000082E-05 ), #536, 'distance_accuracy_value', 'NONE');
#8063 = DIRECTION ( 'NONE',  ( 0.4610253948556710113, -0.0000000000000000000, 0.8873869422626031733 ) ) ;
#8064 = SURFACE_SIDE_STYLE ('',( #9855 ) ) ;
#8065 = PRESENTATION_STYLE_ASSIGNMENT (( #4366 ) ) ;
#8066 = B_SPLINE_CURVE_WITH_KNOTS ( 'NONE', 3,
 ( #9609, #6668, #7754, #2194 ),
 .UNSPECIFIED., .F., .F.,
 ( 4, 4 ),
 ( 11.00000000000000000, 12.00000000000000000 ),
 .UNSPECIFIED. ) ;
#8067 = CARTESIAN_POINT ( 'NONE',  ( 0.1614073093588321850, 0.9800000000000004263, 0.2207690926835037259 ) ) ;
#8068 = DIRECTION ( 'NONE',  ( 1.000000000000000000, 0.0000000000000000000, 0.0000000000000000000 ) ) ;
#8069 = PRESENTATION_LAYER_ASSIGNMENT (  '', '', ( #4005 ) ) ;
#8070 = CARTESIAN_POINT ( 'NONE',  ( -0.08720301305736080644, 0.9800000000000004263, 0.2973226010925588136 ) ) ;
#8071 = EDGE_LOOP ( 'NONE', ( #7952, #7559, #3181, #8890 ) ) ;
#8072 = EDGE_LOOP ( 'NONE', ( #8672, #1272, #9252, #6919 ) ) ;
#8073 = CARTESIAN_POINT ( 'NONE',  ( -0.3022296708210212568, 0.9800000000000004263, 0.2275877205213638343 ) ) ;
#8074 = ORIENTED_EDGE ( 'NONE', *, *, #3244, .T. ) ;
#8075 = DIRECTION ( 'NONE',  ( -0.0000000000000000000, 0.0000000000000000000, 1.000000000000000000 ) ) ;
#8076 = UNCERTAINTY_MEASURE_WITH_UNIT (LENGTH_MEASURE( 1.000000000000000082E-05 ), #10763, 'distance_accuracy_value', 'NONE');
#8077 = EDGE_LOOP ( 'NONE', ( #11486, #2796, #11343, #987 ) ) ;
#8078 = COLOUR_RGB ( '',0.2235294117647058654, 0.2235294117647058654, 0.2235294117647058654 ) ;
#8079 = VERTEX_POINT ( 'NONE', #8697 ) ;
#8080 = VECTOR ( 'NONE', #10560, 1000.000000000000000 ) ;
#8081 = CARTESIAN_POINT ( 'NONE',  ( -0.1249186454851472783, 0.9810000000000003162, 0.3464448515351556401 ) ) ;
#8082 = STYLED_ITEM ( 'NONE', ( #7785 ), #1111 ) ;
#8083 = EDGE_CURVE ( 'NONE', #5427, #10597, #647, .T. ) ;
#8084 = LINE ( 'NONE', #7961, #8603 ) ;
#8085 =( NAMED_UNIT ( * ) PLANE_ANGLE_UNIT ( ) SI_UNIT ( $, .RADIAN. ) );
#8086 = CARTESIAN_POINT ( 'NONE',  ( -0.1110602552199796422, 0.9810000000000003162, 0.3404863979962016729 ) ) ;
#8087 = ORIENTED_EDGE ( 'NONE', *, *, #6844, .T. ) ;
#8088 = FILL_AREA_STYLE_COLOUR ( '', #1373 ) ;
#8089 =( GEOMETRIC_REPRESENTATION_CONTEXT ( 3 ) GLOBAL_UNCERTAINTY_ASSIGNED_CONTEXT ( ( #4122 ) ) GLOBAL_UNIT_ASSIGNED_CONTEXT ( ( #8029, #3656, #7118 ) ) REPRESENTATION_CONTEXT ( 'NONE', 'WORKASPACE' ) );
#8090 = SURFACE_SIDE_STYLE ('',( #8970 ) ) ;
#8091 = CARTESIAN_POINT ( 'NONE',  ( 0.04773351886878311745, 0.9810000000000003162, 0.2944330980640477158 ) ) ;
#8092 = VERTEX_POINT ( 'NONE', #11439 ) ;
#8093 = PRESENTATION_STYLE_ASSIGNMENT (( #1723 ) ) ;
#8094 = B_SPLINE_CURVE_WITH_KNOTS ( 'NONE', 3,
 ( #8369, #11184, #72, #865 ),
 .UNSPECIFIED., .F., .F.,
 ( 4, 4 ),
 ( 21.00000000000000000, 22.00000000000000000 ),
 .UNSPECIFIED. ) ;
#8096 = COLOUR_RGB ( '',0.2235294117647058654, 0.2235294117647058654, 0.2235294117647058654 ) ;
#8095 = LINE ( 'NONE', #11741, #287 ) ;
#8097 =( NAMED_UNIT ( * ) PLANE_ANGLE_UNIT ( ) SI_UNIT ( $, .RADIAN. ) );
#8098 = LINE ( 'NONE', #650, #7252 ) ;
#8099 = STYLED_ITEM ( 'NONE', ( #4682 ), #8531 ) ;
#8100 = EDGE_CURVE ( 'NONE', #6199, #1485, #11392, .T. ) ;
#8101 =( NAMED_UNIT ( * ) PLANE_ANGLE_UNIT ( ) SI_UNIT ( $, .RADIAN. ) );
#8102 = STYLED_ITEM ( 'NONE', ( #4886 ), #2721 ) ;
#8103 =( NAMED_UNIT ( * ) PLANE_ANGLE_UNIT ( ) SI_UNIT ( $, .RADIAN. ) );
#8104 = SURFACE_SIDE_STYLE ('',( #3432 ) ) ;
#8105 = LINE ( 'NONE', #1568, #11856 ) ;
#8106 = CARTESIAN_POINT ( 'NONE',  ( 0.1621738583449651716, 0.9810000000000003162, 0.2656012851959037024 ) ) ;
#8107 = AXIS2_PLACEMENT_3D ( 'NONE', #9878, #3363, #2395 ) ;
#8108 = MECHANICAL_DESIGN_GEOMETRIC_PRESENTATION_REPRESENTATION (  '', ( #5208 ), #571 ) ;
#8109 = SURFACE_SIDE_STYLE ('',( #8989 ) ) ;
#8110 = EDGE_CURVE ( 'NONE', #6664, #266, #10609, .T. ) ;
#8111 = FACE_OUTER_BOUND ( 'NONE', #6316, .T. ) ;
#8112 = MECHANICAL_DESIGN_GEOMETRIC_PRESENTATION_REPRESENTATION (  '', ( #1910 ), #8862 ) ;
#8113 = EDGE_LOOP ( 'NONE', ( #8329, #10058, #2673, #11776 ) ) ;
#8114 = DIRECTION ( 'NONE',  ( -0.9999748501857348426, -0.0000000000000000000, -0.007092178509962896761 ) ) ;
#8115 = COLOUR_RGB ( '',0.2235294117647058654, 0.2235294117647058654, 0.2235294117647058654 ) ;
#8116 = CARTESIAN_POINT ( 'NONE',  ( 0.1589589138169000826, 0.9800000000000004263, 0.3111282264814766996 ) ) ;
#8117 =( NAMED_UNIT ( * ) SI_UNIT ( $, .STERADIAN. ) SOLID_ANGLE_UNIT ( ) );
#8118 = SURFACE_SIDE_STYLE ('',( #3277 ) ) ;
#8119 = EDGE_CURVE ( 'NONE', #1755, #6504, #2223, .T. ) ;
#8120 = ORIENTED_EDGE ( 'NONE', *, *, #8601, .F. ) ;
#8121 = PRESENTATION_STYLE_ASSIGNMENT (( #11700 ) ) ;
#8122 = FACE_OUTER_BOUND ( 'NONE', #4442, .T. ) ;
#8123 = B_SPLINE_SURFACE_WITH_KNOTS ( 'NONE', 3, 1, ( 
 ( #7190, #2700 ),
 ( #6405, #831 ),
 ( #10069, #3784 ),
 ( #6590, #7404 ) ),
 .UNSPECIFIED., .F., .F., .F.,
 ( 4, 4 ),
 ( 2, 2 ),
 ( 10.00000000000000000, 11.00000000000000000 ),
 ( 0.0000000000000000000, 1.000000000000000000 ),
 .UNSPECIFIED. ) ;
#8124 = CARTESIAN_POINT ( 'NONE',  ( 0.06238787541147082505, 0.9810000000000003162, 0.2160902660971583122 ) ) ;
#8125 = VECTOR ( 'NONE', #4052, 1000.000000000000000 ) ;
#8126 = CARTESIAN_POINT ( 'NONE',  ( 0.2022323288433300892, 0.9810000000000003162, 0.2752845485394986857 ) ) ;
#8127 = VERTEX_POINT ( 'NONE', #1385 ) ;
#8128 = CARTESIAN_POINT ( 'NONE',  ( 0.2186505424965838329, 0.9810000000000003162, 0.3050444569674231055 ) ) ;
#8129 = PRESENTATION_LAYER_ASSIGNMENT (  '', '', ( #583 ) ) ;
#8130 = CARTESIAN_POINT ( 'NONE',  ( -0.1213867636525516047, 0.9810000000000003162, 0.2204740666201408517 ) ) ;
#8131 = CARTESIAN_POINT ( 'NONE',  ( -0.09472170136162934295, 0.9810000000000003162, 0.2322307825001209691 ) ) ;
#8132 = CARTESIAN_POINT ( 'NONE',  ( -0.1496107774851713479, 0.9800000000000004263, 0.2031174547407738062 ) ) ;
#8133 = SURFACE_SIDE_STYLE ('',( #679 ) ) ;
#8134 = EDGE_CURVE ( 'NONE', #2439, #6374, #4137, .T. ) ;
#8135 = ORIENTED_EDGE ( 'NONE', *, *, #11785, .F. ) ;
#8136 = CARTESIAN_POINT ( 'NONE',  ( -0.2699999999999994071, -0.9800000000000004263, 0.5300000000000001377 ) ) ;
#8137 = STYLED_ITEM ( 'NONE', ( #5072 ), #4759 ) ;
#8138 = ORIENTED_EDGE ( 'NONE', *, *, #8943, .T. ) ;
#8139 = LINE ( 'NONE', #9692, #7667 ) ;
#8140 = AXIS2_PLACEMENT_3D ( 'NONE', #2543, #7868, #1580 ) ;
#8141 = EDGE_LOOP ( 'NONE', ( #6673, #5090, #10108, #5970 ) ) ;
#8142 = EDGE_LOOP ( 'NONE', ( #8713, #1340, #10537, #4323 ) ) ;
#8143 = CARTESIAN_POINT ( 'NONE',  ( -0.09187479360364153580, 0.9800000000000004263, 0.2523188062731320791 ) ) ;
#8144 = FACE_OUTER_BOUND ( 'NONE', #1996, .T. ) ;
#8145 = UNCERTAINTY_MEASURE_WITH_UNIT (LENGTH_MEASURE( 1.000000000000000082E-05 ), #4602, 'distance_accuracy_value', 'NONE');
#8146 = PRESENTATION_LAYER_ASSIGNMENT (  '', '', ( #8509 ) ) ;
#8147 =( NAMED_UNIT ( * ) PLANE_ANGLE_UNIT ( ) SI_UNIT ( $, .RADIAN. ) );
#8148 = ORIENTED_EDGE ( 'NONE', *, *, #2686, .T. ) ;
#8149 = SURFACE_STYLE_FILL_AREA ( #10833 ) ;
#8150 = DIRECTION ( 'NONE',  ( -0.0000000000000000000, -1.000000000000000000, -0.0000000000000000000 ) ) ;
#8151 =( LENGTH_UNIT ( ) NAMED_UNIT ( * ) SI_UNIT ( .MILLI., .METRE. ) );
#8152 = ORIENTED_EDGE ( 'NONE', *, *, #10081, .T. ) ;
#8153 = EDGE_CURVE ( 'NONE', #1487, #5106, #6940, .T. ) ;
#8154 = CARTESIAN_POINT ( 'NONE',  ( 0.1196054746651321610, 0.9810000000000003162, 0.2530081763347153956 ) ) ;
#8155 = AXIS2_PLACEMENT_3D ( 'NONE', #121, #2728, #2781 ) ;
#8156 = DIRECTION ( 'NONE',  ( -0.007092178509948729274, 0.0000000000000000000, 0.9999748501857349536 ) ) ;
#8157 = CARTESIAN_POINT ( 'NONE',  ( -0.1952843293647865686, 0.9810000000000003162, 0.3022228729883505438 ) ) ;
#8158 = CARTESIAN_POINT ( 'NONE',  ( -0.09860253519461897875, 0.9800000000000004263, 0.2204796928894592334 ) ) ;
#8159 = FACE_OUTER_BOUND ( 'NONE', #2200, .T. ) ;
#8160 = PRESENTATION_STYLE_ASSIGNMENT (( #10786 ) ) ;
#8161 = CARTESIAN_POINT ( 'NONE',  ( -0.1406043819388396454, 0.9800000000000004263, 0.2307096144780721170 ) ) ;
#8162 = PRESENTATION_LAYER_ASSIGNMENT (  '', '', ( #1405 ) ) ;
#8163 =( LENGTH_UNIT ( ) NAMED_UNIT ( * ) SI_UNIT ( .MILLI., .METRE. ) );
#8164 = CARTESIAN_POINT ( 'NONE',  ( -0.07427614298719398267, 0.9800000000000004263, 0.3017553815468048684 ) ) ;
#8165 = EDGE_CURVE ( 'NONE', #8719, #4200, #5983, .T. ) ;
#8166 = PLANE ( 'NONE',  #6140 ) ;
#8167 = CARTESIAN_POINT ( 'NONE',  ( -0.2917882984180479311, 0.9810000000000003162, 0.2581014530131870988 ) ) ;
#8168 = VERTEX_POINT ( 'NONE', #8805 ) ;
#8169 = SURFACE_STYLE_USAGE ( .BOTH. , #11760 ) ;
#8170 = DIRECTION ( 'NONE',  ( -0.3451999324527419422, 0.0000000000000000000, 0.9385291719678308109 ) ) ;
#8171 = CARTESIAN_POINT ( 'NONE',  ( -0.1238896801354045646, 0.9800000000000004263, 0.2325178102166123029 ) ) ;
#8172 = EDGE_CURVE ( 'NONE', #6725, #11693, #4215, .T. ) ;
#8173 = FACE_OUTER_BOUND ( 'NONE', #4566, .T. ) ;
#8174 =( LENGTH_UNIT ( ) NAMED_UNIT ( * ) SI_UNIT ( .MILLI., .METRE. ) );
#8175 = ORIENTED_EDGE ( 'NONE', *, *, #5325, .T. ) ;
#8176 = DIRECTION ( 'NONE',  ( 0.007092178509963502180, 0.0000000000000000000, -0.9999748501857348426 ) ) ;
#8177 = COLOUR_RGB ( '',0.2235294117647058654, 0.2235294117647058654, 0.2235294117647058654 ) ;
#8178 = ADVANCED_FACE ( 'NONE', ( #10113 ), #6393, .T. ) ;
#8179 = DIRECTION ( 'NONE',  ( -0.0000000000000000000, -1.000000000000000000, -0.0000000000000000000 ) ) ;
#8180 = ORIENTED_EDGE ( 'NONE', *, *, #7140, .T. ) ;
#8181 = DIRECTION ( 'NONE',  ( -1.000000000000000000, 0.0000000000000000000, 0.0000000000000000000 ) ) ;
#8182 =( LENGTH_UNIT ( ) NAMED_UNIT ( * ) SI_UNIT ( .MILLI., .METRE. ) );
#8183 = ORIENTED_EDGE ( 'NONE', *, *, #7634, .T. ) ;
#8184 = PRESENTATION_STYLE_ASSIGNMENT (( #1703 ) ) ;
#8185 = DIRECTION ( 'NONE',  ( -0.3733863129577216222, -0.0000000000000000000, 0.9276759462742572016 ) ) ;
#8186 = VERTEX_POINT ( 'NONE', #1828 ) ;
#8187 = DIRECTION ( 'NONE',  ( 0.9999748501857348426, 0.0000000000000000000, 0.007092178509964671383 ) ) ;
#8188 = ORIENTED_EDGE ( 'NONE', *, *, #6172, .T. ) ;
#8189 = EDGE_CURVE ( 'NONE', #6980, #7162, #5474, .T. ) ;
#8190 =( LENGTH_UNIT ( ) NAMED_UNIT ( * ) SI_UNIT ( .MILLI., .METRE. ) );
#8191 =( LENGTH_UNIT ( ) NAMED_UNIT ( * ) SI_UNIT ( .MILLI., .METRE. ) );
#8192 = SURFACE_STYLE_USAGE ( .BOTH. , #8432 ) ;
#8193 = SURFACE_SIDE_STYLE ('',( #3422 ) ) ;
#8194 = CARTESIAN_POINT ( 'NONE',  ( 0.6000000000000003109, -1.000000000000000444, 0.5300000000000000266 ) ) ;
#8195 = ORIENTED_EDGE ( 'NONE', *, *, #1590, .T. ) ;
#8196 = PLANE ( 'NONE',  #10242 ) ;
#8197 = CARTESIAN_POINT ( 'NONE',  ( 0.02840034840538904759, 0.9810000000000003162, 0.2169337293214947116 ) ) ;
#8198 = UNCERTAINTY_MEASURE_WITH_UNIT (LENGTH_MEASURE( 1.000000000000000082E-05 ), #4129, 'distance_accuracy_value', 'NONE');
#8199 = ORIENTED_EDGE ( 'NONE', *, *, #4059, .F. ) ;
#8200 = FILL_AREA_STYLE ('',( #6446 ) ) ;
#8201 = VERTEX_POINT ( 'NONE', #11676 ) ;
#8202 = ADVANCED_FACE ( 'NONE', ( #10057 ), #2147, .F. ) ;
#8203 = CARTESIAN_POINT ( 'NONE',  ( -0.2004257483988036159, 0.9810000000000003162, 0.3069434203149294382 ) ) ;
#8204 = DIRECTION ( 'NONE',  ( 0.9999748501857348426, -0.0000000000000000000, 0.007092178509961900162 ) ) ;
#8205 = CARTESIAN_POINT ( 'NONE',  ( 0.3817097946182765877, 0.9999999999999995559, 0.5500000000000000444 ) ) ;
#8206 =( GEOMETRIC_REPRESENTATION_CONTEXT ( 3 ) GLOBAL_UNCERTAINTY_ASSIGNED_CONTEXT ( ( #3927 ) ) GLOBAL_UNIT_ASSIGNED_CONTEXT ( ( #11165, #5762, #6612 ) ) REPRESENTATION_CONTEXT ( 'NONE', 'WORKASPACE' ) );
#8207 = FACE_OUTER_BOUND ( 'NONE', #9895, .T. ) ;
#8208 = B_SPLINE_SURFACE_WITH_KNOTS ( 'NONE', 3, 1, ( 
 ( #8246, #7381 ),
 ( #10097, #1879 ),
 ( #805, #3572 ),
 ( #9186, #746 ) ),
 .UNSPECIFIED., .F., .F., .F.,
 ( 4, 4 ),
 ( 2, 2 ),
 ( 1.000000000000000000, 2.000000000000000000 ),
 ( 0.0000000000000000000, 1.000000000000000000 ),
 .UNSPECIFIED. ) ;
#8209 = DIRECTION ( 'NONE',  ( -1.000000000000000000, 0.0000000000000000000, 0.0000000000000000000 ) ) ;
#8210 = B_SPLINE_CURVE_WITH_KNOTS ( 'NONE', 3,
 ( #7600, #11263, #11910, #3007 ),
 .UNSPECIFIED., .F., .F.,
 ( 4, 4 ),
 ( 1.000000000000000000, 2.000000000000000000 ),
 .UNSPECIFIED. ) ;
#8211 = LINE ( 'NONE', #1978, #10601 ) ;
#8212 = VECTOR ( 'NONE', #6946, 1000.000000000000000 ) ;
#8213 = LINE ( 'NONE', #1677, #6328 ) ;
#8214 = CARTESIAN_POINT ( 'NONE',  ( 0.1473528750121374797, 0.9800000000000004263, 0.2145238108256276310 ) ) ;
#8215 = VERTEX_POINT ( 'NONE', #3537 ) ;
#8216 =( GEOMETRIC_REPRESENTATION_CONTEXT ( 3 ) GLOBAL_UNCERTAINTY_ASSIGNED_CONTEXT ( ( #10245 ) ) GLOBAL_UNIT_ASSIGNED_CONTEXT ( ( #3718, #10895, #9943 ) ) REPRESENTATION_CONTEXT ( 'NONE', 'WORKASPACE' ) );
#8217 = FILL_AREA_STYLE ('',( #9284 ) ) ;
#8218 = LINE ( 'NONE', #11924, #6354 ) ;
#8219 = DIRECTION ( 'NONE',  ( -0.9999748501857348426, 0.0000000000000000000, -0.007092178509964964551 ) ) ;
#8220 = SURFACE_STYLE_FILL_AREA ( #11926 ) ;
#8221 = FILL_AREA_STYLE_COLOUR ( '', #6552 ) ;
#8222 = EDGE_CURVE ( 'NONE', #1829, #9693, #7228, .T. ) ;
#8223 = DIRECTION ( 'NONE',  ( -0.007092178509963642692, -0.0000000000000000000, 0.9999748501857348426 ) ) ;
#8224 = VECTOR ( 'NONE', #4274, 1000.000000000000000 ) ;
#8225 =( NAMED_UNIT ( * ) SI_UNIT ( $, .STERADIAN. ) SOLID_ANGLE_UNIT ( ) );
#8226 = VECTOR ( 'NONE', #9930, 1000.000000000000000 ) ;
#8227 = ORIENTED_EDGE ( 'NONE', *, *, #11227, .F. ) ;
#8228 = CARTESIAN_POINT ( 'NONE',  ( -0.1391861806903979815, 0.9810000000000003162, 0.2323313381707252934 ) ) ;
#8229 = UNCERTAINTY_MEASURE_WITH_UNIT (LENGTH_MEASURE( 1.000000000000000082E-05 ), #10292, 'distance_accuracy_value', 'NONE');
#8230 = DIRECTION ( 'NONE',  ( -1.000000000000000000, 0.0000000000000000000, -0.0000000000000000000 ) ) ;
#8231 = DIRECTION ( 'NONE',  ( -0.0000000000000000000, -1.000000000000000000, -0.0000000000000000000 ) ) ;
#8232 = VERTEX_POINT ( 'NONE', #11842 ) ;
#8233 = VERTEX_POINT ( 'NONE', #3591 ) ;
#8234 = SURFACE_SIDE_STYLE ('',( #978 ) ) ;
#8235 = AXIS2_PLACEMENT_3D ( 'NONE', #9599, #9716, #10667 ) ;
#8236 = MECHANICAL_DESIGN_GEOMETRIC_PRESENTATION_REPRESENTATION (  '', ( #6503 ), #6964 ) ;
#8237 = AXIS2_PLACEMENT_3D ( 'NONE', #2175, #11334, #2111 ) ;
#8238 = EDGE_CURVE ( 'NONE', #5005, #7106, #10871, .T. ) ;
#8239 = SURFACE_STYLE_USAGE ( .BOTH. , #9246 ) ;
#8240 = CLOSED_SHELL ( 'NONE', ( #4671, #2947, #2398, #5347, #8929, #5133, #1684, #6969, #1456, #10657, #9706, #619, #7305, #16, #10479, #10568, #2272, #6715, #2641, #1579, #3128, #11774, #6429, #8519, #9170, #790, #3184, #5966, #8692, #10927, #9774, #11605, #11309, #1, #8531, #1316, #9250, #8888, #8552, #5457, #7617, #7293, #10289, #6852, #10729, #5125, #6093, #3660, #10628, #784, #9715, #6009, #2442, #3110, #6611, #6248, #243, #213, #8714, #2018, #1660, #7226, #4769, #10808, #4216, #4288, #122, #5542, #11604, #10033, #910, #4421, #5815, #1432, #4472, #2317, #11632, #7158, #2391, #3565, #6786, #1974, #833, #11841, #6063, #6538, #9354, #5060, #7929, #10802, #11458, #2468, #3753, #10408, #3156, #133, #11078, #327, #5525, #2249, #1181, #4253, #264, #10106, #8385, #4744, #6458, #4328, #2721, #6213, #2911, #1459, #3956, #1111, #8755, #9868, #6675, #1479, #9924, #5166, #8744, #1415, #6987, #2062, #6767, #8920, #4335, #4471, #5797, #104, #1444, #4119, #2705, #10070, #4369, #7030, #1805, #7344, #2153, #1260, #9698, #3162, #1039, #4018, #4996, #5114, #1498, #9488, #9656, #7692, #3484, #316, #5499, #3717, #11352, #3349, #9097, #11717, #7964, #10143, #334, #1524, #5825, #11264, #3692, #7779, #2118, #3797, #4152, #3580, #4095, #11241, #1714, #6690, #10544, #11164, #9635, #4884, #4545, #6935, #5077, #8895, #11756, #9999, #7604, #7955, #10510, #4759, #3308, #6247, #10837, #3772, #8641, #9553, #8838, #698, #4023, #1650, #11112, #8534, #8252, #3158, #6459, #59, #8955, #4777, #4970, #11240, #3649, #7131, #10595, #10815, #10996, #2736, #7973, #8178, #3256, #3852, #4622, #4846, #11008, #5249, #9036, #5617, #9323, #11258, #5734, #718, #2553, #8783, #10904, #6160, #3589, #172, #4915, #8320, #11888, #4259, #8202, #5086, #4870, #4223, #3450, #3274, #6201, #9411, #394, #2991, #4630, #641, #6889, #3800, #861, #5484, #155, #9500, #253, #4006 ) ) ;
#8241 = CARTESIAN_POINT ( 'NONE',  ( -0.3002429360482282150, 0.9810000000000003162, 0.2333466181219198132 ) ) ;
#8242 = LINE ( 'NONE', #3696, #10260 ) ;
#8243 = ORIENTED_EDGE ( 'NONE', *, *, #3707, .F. ) ;
#8244 = VECTOR ( 'NONE', #10498, 1000.000000000000114 ) ;
#8245 = FACE_OUTER_BOUND ( 'NONE', #7089, .T. ) ;
#8246 = CARTESIAN_POINT ( 'NONE',  ( -0.1096344792239592053, 0.9810000000000003162, 0.2384157093606849298 ) ) ;
#8247 = ORIENTED_EDGE ( 'NONE', *, *, #9277, .F. ) ;
#8248 = DIRECTION ( 'NONE',  ( 0.007092178509969763664, 0.0000000000000000000, -0.9999748501857348426 ) ) ;
#8249 = VERTEX_POINT ( 'NONE', #11318 ) ;
#8250 = SURFACE_SIDE_STYLE ('',( #4559 ) ) ;
#8251 = DIRECTION ( 'NONE',  ( 0.9999748501857348426, -0.0000000000000000000, 0.007092178509964889091 ) ) ;
#8252 = ADVANCED_FACE ( 'NONE', ( #6578 ), #1472, .T. ) ;
#8253 = COLOUR_RGB ( '',0.2235294117647058654, 0.2235294117647058654, 0.2235294117647058654 ) ;
#8254 = PRESENTATION_STYLE_ASSIGNMENT (( #7510 ) ) ;
#8255 = CARTESIAN_POINT ( 'NONE',  ( 0.2022169666217112638, 0.9810000000000003162, 0.2264811313939439630 ) ) ;
#8256 =( LENGTH_UNIT ( ) NAMED_UNIT ( * ) SI_UNIT ( .MILLI., .METRE. ) );
#8257 = DIRECTION ( 'NONE',  ( -0.0000000000000000000, -1.000000000000000000, -0.0000000000000000000 ) ) ;
#8258 = VERTEX_POINT ( 'NONE', #2162 ) ;
#8259 = ORIENTED_EDGE ( 'NONE', *, *, #11438, .F. ) ;
#8260 = CARTESIAN_POINT ( 'NONE',  ( -0.1278942141534321897, 0.9810000000000003162, 0.2308777433289414260 ) ) ;
#8261 = EDGE_CURVE ( 'NONE', #11144, #6207, #664, .T. ) ;
#8262 = CARTESIAN_POINT ( 'NONE',  ( -0.1285643283174331131, 0.9800000000000004263, 0.2520585909991285845 ) ) ;
#8263 = ORIENTED_EDGE ( 'NONE', *, *, #10337, .T. ) ;
#8264 = STYLED_ITEM ( 'NONE', ( #10394 ), #7617 ) ;
#8265 = STYLED_ITEM ( 'NONE', ( #2883 ), #1039 ) ;
#8266 = CARTESIAN_POINT ( 'NONE',  ( -0.2150015195407217472, 0.9800000000000004263, 0.2142992618085834133 ) ) ;
#8267 = ORIENTED_EDGE ( 'NONE', *, *, #3288, .T. ) ;
#8268 = CARTESIAN_POINT ( 'NONE',  ( -0.2537452636489530011, 0.9800000000000004263, 0.2251241722602221051 ) ) ;
#8269 = DIRECTION ( 'NONE',  ( -0.0000000000000000000, -1.000000000000000000, -0.0000000000000000000 ) ) ;
#8270 = MECHANICAL_DESIGN_GEOMETRIC_PRESENTATION_REPRESENTATION (  '', ( #6337 ), #6147 ) ;
#8271 = CARTESIAN_POINT ( 'NONE',  ( -0.07419584504895446186, 0.9810000000000003162, 0.2152979059030083742 ) ) ;
#8272 = CARTESIAN_POINT ( 'NONE',  ( -0.1313250672471208136, 0.9810000000000003162, 0.3242780088867004973 ) ) ;
#8273 = PRESENTATION_STYLE_ASSIGNMENT (( #1737 ) ) ;
#8274 = EDGE_CURVE ( 'NONE', #2061, #4375, #1061, .T. ) ;
#8275 = CARTESIAN_POINT ( 'NONE',  ( -0.08890631878235376317, 0.9800000000000004263, 0.3450626039033539150 ) ) ;
#8276 = AXIS2_PLACEMENT_3D ( 'NONE', #11246, #10236, #5652 ) ;
#8277 = B_SPLINE_CURVE_WITH_KNOTS ( 'NONE', 3,
 ( #6910, #7765, #2319, #8776 ),
 .UNSPECIFIED., .F., .F.,
 ( 4, 4 ),
 ( 5.000000000000000000, 6.000000000000000000 ),
 .UNSPECIFIED. ) ;
#8278 = LINE ( 'NONE', #9107, #2463 ) ;
#8279 = AXIS2_PLACEMENT_3D ( 'NONE', #2373, #6064, #734 ) ;
#8280 = CARTESIAN_POINT ( 'NONE',  ( -0.1942609917352297322, 0.9800000000000004263, 0.2202431572054830144 ) ) ;
#8281 = ORIENTED_EDGE ( 'NONE', *, *, #4914, .T. ) ;
#8282 = PLANE ( 'NONE',  #3967 ) ;
#8283 = CARTESIAN_POINT ( 'NONE',  ( -0.5799999999999994049, -0.9800000000000004263, 0.5300000000000001377 ) ) ;
#8284 = DIRECTION ( 'NONE',  ( 0.9999748501857348426, -0.0000000000000000000, 0.007092178509965357466 ) ) ;
#8285 = DIRECTION ( 'NONE',  ( 0.007092178509964802355, 0.0000000000000000000, -0.9999748501857348426 ) ) ;
#8286 = B_SPLINE_CURVE_WITH_KNOTS ( 'NONE', 3,
 ( #6519, #149, #10308, #9213 ),
 .UNSPECIFIED., .F., .F.,
 ( 4, 4 ),
 ( 6.000000000000000000, 7.000000000000000000 ),
 .UNSPECIFIED. ) ;
#8287 = CARTESIAN_POINT ( 'NONE',  ( -0.09174251952033846136, 0.9810000000000003162, 0.2318359982940586816 ) ) ;
#8288 = PRESENTATION_STYLE_ASSIGNMENT (( #4603 ) ) ;
#8289 = MECHANICAL_DESIGN_GEOMETRIC_PRESENTATION_REPRESENTATION (  '', ( #6356 ), #7307 ) ;
#8290 = EDGE_LOOP ( 'NONE', ( #2205, #3830, #1115, #5679 ) ) ;
#8291 = CARTESIAN_POINT ( 'NONE',  ( -0.1533170416905898781, 0.9800000000000004263, 0.2510512086686566557 ) ) ;
#8292 =( NAMED_UNIT ( * ) SI_UNIT ( $, .STERADIAN. ) SOLID_ANGLE_UNIT ( ) );
#8293 = COLOUR_RGB ( '',0.2235294117647058654, 0.2235294117647058654, 0.2235294117647058654 ) ;
#8294 = DIRECTION ( 'NONE',  ( -0.0000000000000000000, -1.000000000000000000, -0.0000000000000000000 ) ) ;
#8295 = FILL_AREA_STYLE_COLOUR ( '', #6463 ) ;
#8296 = EDGE_CURVE ( 'NONE', #5097, #11340, #11193, .T. ) ;
#8297 = VERTEX_POINT ( 'NONE', #3715 ) ;
#8298 = VERTEX_POINT ( 'NONE', #3954 ) ;
#8299 = UNCERTAINTY_MEASURE_WITH_UNIT (LENGTH_MEASURE( 1.000000000000000082E-05 ), #7168, 'distance_accuracy_value', 'NONE');
#8300 = SURFACE_STYLE_FILL_AREA ( #9177 ) ;
#8301 = VECTOR ( 'NONE', #10281, 1000.000000000000000 ) ;
#8302 = FILL_AREA_STYLE ('',( #6736 ) ) ;
#8303 = STYLED_ITEM ( 'NONE', ( #1409 ), #4884 ) ;
#8304 = STYLED_ITEM ( 'NONE', ( #11833 ), #1974 ) ;
#8305 = CARTESIAN_POINT ( 'NONE',  ( -0.05434685182712482854, 0.9800000000000004263, 0.3469453718815403986 ) ) ;
#8306 = DIRECTION ( 'NONE',  ( -0.007092178509963163041, 0.0000000000000000000, 0.9999748501857348426 ) ) ;
#8307 = ORIENTED_EDGE ( 'NONE', *, *, #8659, .T. ) ;
#8308 = UNCERTAINTY_MEASURE_WITH_UNIT (LENGTH_MEASURE( 1.000000000000000082E-05 ), #3089, 'distance_accuracy_value', 'NONE');
#8309 = CARTESIAN_POINT ( 'NONE',  ( -0.1324238690058055501, 0.9800000000000004263, 0.2354726564968886993 ) ) ;
#8310 = VERTEX_POINT ( 'NONE', #7593 ) ;
#8311 = EDGE_CURVE ( 'NONE', #2318, #8657, #11125, .T. ) ;
#8312 = AXIS2_PLACEMENT_3D ( 'NONE', #6342, #11074, #2645 ) ;
#8313 = ORIENTED_EDGE ( 'NONE', *, *, #11227, .T. ) ;
#8314 = B_SPLINE_SURFACE_WITH_KNOTS ( 'NONE', 3, 1, ( 
 ( #2660, #3623 ),
 ( #5449, #2836 ),
 ( #9238, #8355 ),
 ( #5635, #5689 ),
 ( #10926, #2719 ),
 ( #4484, #845 ) ),
 .UNSPECIFIED., .F., .F., .F.,
 ( 4, 2, 4 ),
 ( 2, 2 ),
 ( 2.000000000000000000, 3.000000000000000000, 4.000000000000000000 ),
 ( 0.0000000000000000000, 1.000000000000000000 ),
 .UNSPECIFIED. ) ;
#8315 = SURFACE_STYLE_FILL_AREA ( #6384 ) ;
#8316 = CARTESIAN_POINT ( 'NONE',  ( -0.1146849368130240243, 0.9800000000000004263, 0.3384331115309418547 ) ) ;
#8317 = SURFACE_SIDE_STYLE ('',( #2925 ) ) ;
#8318 = CARTESIAN_POINT ( 'NONE',  ( 0.1260584107212490146, 0.9810000000000003162, 0.2606455678126648468 ) ) ;
#8319 = CARTESIAN_POINT ( 'NONE',  ( -0.1426932463513330973, 0.9810000000000003162, 0.2246900465209392683 ) ) ;
#8320 = ADVANCED_FACE ( 'NONE', ( #3840 ), #2936, .F. ) ;
#8321 = EDGE_LOOP ( 'NONE', ( #3510, #11154, #5854, #7013 ) ) ;
#8322 = ORIENTED_EDGE ( 'NONE', *, *, #2981, .T. ) ;
#8323 =( LENGTH_UNIT ( ) NAMED_UNIT ( * ) SI_UNIT ( .MILLI., .METRE. ) );
#8324 = VECTOR ( 'NONE', #2306, 1000.000000000000000 ) ;
#8325 = FACE_OUTER_BOUND ( 'NONE', #1880, .T. ) ;
#8326 = UNCERTAINTY_MEASURE_WITH_UNIT (LENGTH_MEASURE( 1.000000000000000082E-05 ), #5367, 'distance_accuracy_value', 'NONE');
#8327 = ORIENTED_EDGE ( 'NONE', *, *, #7723, .T. ) ;
#8328 = CARTESIAN_POINT ( 'NONE',  ( 0.1107144256405065003, 0.9800000000000004263, 0.2323392796703987184 ) ) ;
#8329 = ORIENTED_EDGE ( 'NONE', *, *, #3394, .T. ) ;
#8330 = DIRECTION ( 'NONE',  ( -0.0000000000000000000, -1.000000000000000000, -0.0000000000000000000 ) ) ;
#8331 = FILL_AREA_STYLE ('',( #8446 ) ) ;
#8332 = MECHANICAL_DESIGN_GEOMETRIC_PRESENTATION_REPRESENTATION (  '', ( #10047 ), #2158 ) ;
#8333 = EDGE_CURVE ( 'NONE', #10363, #1866, #7742, .T. ) ;
#8334 = CARTESIAN_POINT ( 'NONE',  ( -0.2592827593950957632, 0.9800000000000004263, 0.2398758267129963151 ) ) ;
#8335 = PRESENTATION_STYLE_ASSIGNMENT (( #9212 ) ) ;
#8336 = CARTESIAN_POINT ( 'NONE',  ( -0.1147336061947704378, 0.9810000000000003162, 0.3452953411902958680 ) ) ;
#8337 = DIRECTION ( 'NONE',  ( 0.007092178509963302686, 0.0000000000000000000, -0.9999748501857348426 ) ) ;
#8338 = CARTESIAN_POINT ( 'NONE',  ( -0.1144412211968475201, 0.9810000000000003162, 0.3040699766448613506 ) ) ;
#8339 =( NAMED_UNIT ( * ) PLANE_ANGLE_UNIT ( ) SI_UNIT ( $, .RADIAN. ) );
#8340 = FACE_OUTER_BOUND ( 'NONE', #11013, .T. ) ;
#8341 = DIRECTION ( 'NONE',  ( 0.0000000000000000000, 0.0000000000000000000, -1.000000000000000000 ) ) ;
#8342 = CARTESIAN_POINT ( 'NONE',  ( -0.09249217796259767699, 0.9810000000000003162, 0.2367436611642648736 ) ) ;
#8343 = CARTESIAN_POINT ( 'NONE',  ( -0.3817097946182765877, -1.000000000000000444, 0.5500000000000000444 ) ) ;
#8344 = ORIENTED_EDGE ( 'NONE', *, *, #6801, .F. ) ;
#8345 = CARTESIAN_POINT ( 'NONE',  ( -0.1312837720141229736, 0.9810000000000003162, 0.3184555109937997064 ) ) ;
#8346 =( NAMED_UNIT ( * ) PLANE_ANGLE_UNIT ( ) SI_UNIT ( $, .RADIAN. ) );
#8347 = CARTESIAN_POINT ( 'NONE',  ( -0.1510654097695903197, 0.9810000000000003162, 0.3404106239764875252 ) ) ;
#8348 = EDGE_CURVE ( 'NONE', #2992, #3031, #9008, .T. ) ;
#8349 = CARTESIAN_POINT ( 'NONE',  ( 0.2499999999999994171, 0.0000000000000000000, 0.0000000000000000000 ) ) ;
#8350 = CARTESIAN_POINT ( 'NONE',  ( -0.1268544847074608295, 0.9800000000000004263, 0.2455460728015328442 ) ) ;
#8351 =( NAMED_UNIT ( * ) PLANE_ANGLE_UNIT ( ) SI_UNIT ( $, .RADIAN. ) );
#8352 = ORIENTED_EDGE ( 'NONE', *, *, #10684, .F. ) ;
#8353 = LINE ( 'NONE', #55, #2156 ) ;
#8354 = CARTESIAN_POINT ( 'NONE',  ( -0.2288457337151711679, 0.9810000000000003162, 0.3392091131190770881 ) ) ;
#8355 = CARTESIAN_POINT ( 'NONE',  ( 0.1612945021292072345, 0.9800000000000004263, 0.2366745570461957215 ) ) ;
#8356 = VERTEX_POINT ( 'NONE', #5335 ) ;
#8357 = ORIENTED_EDGE ( 'NONE', *, *, #6592, .F. ) ;
#8358 = CARTESIAN_POINT ( 'NONE',  ( 0.04592608036350881440, 0.9810000000000003162, 0.2944202790651270218 ) ) ;
#8359 = EDGE_CURVE ( 'NONE', #2160, #79, #4563, .T. ) ;
#8360 = FILL_AREA_STYLE_COLOUR ( '', #11678 ) ;
#8361 = CARTESIAN_POINT ( 'NONE',  ( -0.07648797249033079115, 0.9800000000000004263, 0.3204038184596204597 ) ) ;
#8362 = ORIENTED_EDGE ( 'NONE', *, *, #9189, .F. ) ;
#8363 = ORIENTED_EDGE ( 'NONE', *, *, #3220, .F. ) ;
#8364 = CARTESIAN_POINT ( 'NONE',  ( -0.1907102522281630685, 0.9810000000000003162, 0.3353464418983808093 ) ) ;
#8365 = ORIENTED_EDGE ( 'NONE', *, *, #424, .F. ) ;
#8366 = FACE_OUTER_BOUND ( 'NONE', #8703, .T. ) ;
#8367 = SURFACE_SIDE_STYLE ('',( #4691 ) ) ;
#8368 = FACE_OUTER_BOUND ( 'NONE', #4494, .T. ) ;
#8369 = CARTESIAN_POINT ( 'NONE',  ( 0.09802132204498795187, 0.9800000000000004263, 0.3399779926670717933 ) ) ;
#8370 = EDGE_CURVE ( 'NONE', #9441, #426, #10861, .T. ) ;
#8371 = LINE ( 'NONE', #73, #6291 ) ;
#8372 = EDGE_LOOP ( 'NONE', ( #9111, #5053, #7103, #2499 ) ) ;
#8373 = ORIENTED_EDGE ( 'NONE', *, *, #1518, .F. ) ;
#8374 =( NAMED_UNIT ( * ) SI_UNIT ( $, .STERADIAN. ) SOLID_ANGLE_UNIT ( ) );
#8375 = ORIENTED_EDGE ( 'NONE', *, *, #8943, .F. ) ;
#8376 = CARTESIAN_POINT ( 'NONE',  ( -0.1107081413576303519, 0.9810000000000003162, 0.3018349226340950597 ) ) ;
#8377 = CARTESIAN_POINT ( 'NONE',  ( -0.2831783384289687788, 0.9800000000000004263, 0.2334676463382734657 ) ) ;
#8378 = ORIENTED_EDGE ( 'NONE', *, *, #5299, .T. ) ;
#8379 = CARTESIAN_POINT ( 'NONE',  ( -0.1955466647065569052, 0.9810000000000003162, 0.3392113305852193506 ) ) ;
#8380 = LINE ( 'NONE', #7653, #6943 ) ;
#8381 =( NAMED_UNIT ( * ) PLANE_ANGLE_UNIT ( ) SI_UNIT ( $, .RADIAN. ) );
#8382 = CARTESIAN_POINT ( 'NONE',  ( -0.08337896074994888274, 0.9810000000000003162, 0.3207448641368762510 ) ) ;
#8383 = EDGE_CURVE ( 'NONE', #3466, #10551, #9511, .T. ) ;
#8384 = CARTESIAN_POINT ( 'NONE',  ( -0.2831783384289687788, 0.9810000000000003162, 0.2334676463382734657 ) ) ;
#8385 = ADVANCED_FACE ( 'NONE', ( #5163 ), #6973, .F. ) ;
#8386 = CARTESIAN_POINT ( 'NONE',  ( -0.1364681303799113177, 0.9800000000000004263, 0.2339362862551814248 ) ) ;
#8387 = DIRECTION ( 'NONE',  ( 0.9999748501857348426, 0.0000000000000000000, 0.007092178509962435325 ) ) ;
#8388 = FILL_AREA_STYLE ('',( #8453 ) ) ;
#8389 =( NAMED_UNIT ( * ) PLANE_ANGLE_UNIT ( ) SI_UNIT ( $, .RADIAN. ) );
#8390 = CARTESIAN_POINT ( 'NONE',  ( 0.04773351886878312439, 0.9800000000000004263, 0.2944330980640477158 ) ) ;
#8391 = VERTEX_POINT ( 'NONE', #9733 ) ;
#8392 = CARTESIAN_POINT ( 'NONE',  ( 0.1467067903565250908, 0.9810000000000003162, 0.3056187417824263175 ) ) ;
#8393 = CARTESIAN_POINT ( 'NONE',  ( 0.07098665811640676726, 0.9800000000000004263, 0.2779687662479400911 ) ) ;
#8394 =( LENGTH_UNIT ( ) NAMED_UNIT ( * ) SI_UNIT ( .MILLI., .METRE. ) );
#8395 = CARTESIAN_POINT ( 'NONE',  ( -0.2200798139609348725, 0.9800000000000004263, 0.3145764125664764488 ) ) ;
#8396 = STYLED_ITEM ( 'NONE', ( #1256 ), #172 ) ;
#8397 = COLOUR_RGB ( '',0.2235294117647058654, 0.2235294117647058654, 0.2235294117647058654 ) ;
#8398 = CARTESIAN_POINT ( 'NONE',  ( -0.2586451891742486686, 0.9810000000000003162, 0.2581025643573647277 ) ) ;
#8399 = CARTESIAN_POINT ( 'NONE',  ( -0.1512356340308023683, 0.9800000000000004263, 0.1976470643281151851 ) ) ;
#8400 = CARTESIAN_POINT ( 'NONE',  ( 0.1330984642040341226, 0.9800000000000004263, 0.2364745806825882812 ) ) ;
#8401 = CARTESIAN_POINT ( 'NONE',  ( -0.2885462351358029642, 0.9810000000000003162, 0.2646230973000676112 ) ) ;
#8402 = EDGE_LOOP ( 'NONE', ( #2487, #11034, #7506, #9055 ) ) ;
#8403 = EDGE_CURVE ( 'NONE', #1876, #1395, #8837, .T. ) ;
#8404 =( NAMED_UNIT ( * ) PLANE_ANGLE_UNIT ( ) SI_UNIT ( $, .RADIAN. ) );
#8405 = B_SPLINE_SURFACE_WITH_KNOTS ( 'NONE', 3, 1, ( 
 ( #717, #5202 ),
 ( #11692, #7980 ),
 ( #2357, #10732 ),
 ( #6166, #9835 ) ),
 .UNSPECIFIED., .F., .F., .F.,
 ( 4, 4 ),
 ( 2, 2 ),
 ( 23.00000000000000000, 24.00000000000000000 ),
 ( 0.0000000000000000000, 1.000000000000000000 ),
 .UNSPECIFIED. ) ;
#8406 = VECTOR ( 'NONE', #7671, 1000.000000000000000 ) ;
#8407 = CARTESIAN_POINT ( 'NONE',  ( -0.1096344792239592331, 0.9810000000000003162, 0.2384157093606849576 ) ) ;
#8408 =( LENGTH_UNIT ( ) NAMED_UNIT ( * ) SI_UNIT ( .MILLI., .METRE. ) );
#8409 = ORIENTED_EDGE ( 'NONE', *, *, #10170, .F. ) ;
#8410 = VERTEX_POINT ( 'NONE', #1530 ) ;
#8411 = UNCERTAINTY_MEASURE_WITH_UNIT (LENGTH_MEASURE( 1.000000000000000082E-05 ), #5338, 'distance_accuracy_value', 'NONE');
#8412 = CARTESIAN_POINT ( 'NONE',  ( -0.07427614298719398267, 0.9810000000000003162, 0.3017553815468048684 ) ) ;
#8413 = SURFACE_STYLE_FILL_AREA ( #8302 ) ;
#8414 = VECTOR ( 'NONE', #582, 1000.000000000000000 ) ;
#8415 = VECTOR ( 'NONE', #9642, 1000.000000000000114 ) ;
#8416 = DIRECTION ( 'NONE',  ( -0.0000000000000000000, -1.000000000000000000, -0.0000000000000000000 ) ) ;
#8417 = VECTOR ( 'NONE', #4104, 1000.000000000000000 ) ;
#8418 = LINE ( 'NONE', #4549, #6366 ) ;
#8419 = LINE ( 'NONE', #10094, #421 ) ;
#8420 = ORIENTED_EDGE ( 'NONE', *, *, #10019, .T. ) ;
#8421 = EDGE_CURVE ( 'NONE', #9293, #3032, #10190, .T. ) ;
#8422 =( LENGTH_UNIT ( ) NAMED_UNIT ( * ) SI_UNIT ( .MILLI., .METRE. ) );
#8423 = ORIENTED_EDGE ( 'NONE', *, *, #231, .T. ) ;
#8424 =( GEOMETRIC_REPRESENTATION_CONTEXT ( 3 ) GLOBAL_UNCERTAINTY_ASSIGNED_CONTEXT ( ( #9124 ) ) GLOBAL_UNIT_ASSIGNED_CONTEXT ( ( #2735, #6436, #809 ) ) REPRESENTATION_CONTEXT ( 'NONE', 'WORKASPACE' ) );
#8425 =( NAMED_UNIT ( * ) SI_UNIT ( $, .STERADIAN. ) SOLID_ANGLE_UNIT ( ) );
#8426 = STYLED_ITEM ( 'NONE', ( #174 ), #6675 ) ;
#8427 = STYLED_ITEM ( 'NONE', ( #2321 ), #10729 ) ;
#8428 = COLOUR_RGB ( '',0.2235294117647058654, 0.2235294117647058654, 0.2235294117647058654 ) ;
#8429 = ORIENTED_EDGE ( 'NONE', *, *, #11016, .T. ) ;
#8430 = VECTOR ( 'NONE', #2587, 1000.000000000000000 ) ;
#8431 = CARTESIAN_POINT ( 'NONE',  ( -0.2586451891742486686, 0.9800000000000004263, 0.2581025643573647277 ) ) ;
#8432 = SURFACE_SIDE_STYLE ('',( #9193 ) ) ;
#8433 = DIRECTION ( 'NONE',  ( -0.9999748501857351757, 0.0000000000000000000, -0.007092178509934083004 ) ) ;
#8434 = LINE ( 'NONE', #9196, #7646 ) ;
#8435 = ORIENTED_EDGE ( 'NONE', *, *, #10230, .T. ) ;
#8436 = VERTEX_POINT ( 'NONE', #11594 ) ;
#8437 = FILL_AREA_STYLE_COLOUR ( '', #5662 ) ;
#8438 = UNCERTAINTY_MEASURE_WITH_UNIT (LENGTH_MEASURE( 1.000000000000000082E-05 ), #5625, 'distance_accuracy_value', 'NONE');
#8439 = ORIENTED_EDGE ( 'NONE', *, *, #4726, .F. ) ;
#8440 = CARTESIAN_POINT ( 'NONE',  ( -0.1906467391812632917, 0.9800000000000004263, 0.3062329384880760896 ) ) ;
#8441 =( LENGTH_UNIT ( ) NAMED_UNIT ( * ) SI_UNIT ( .MILLI., .METRE. ) );
#8442 = VERTEX_POINT ( 'NONE', #11644 ) ;
#8443 = VECTOR ( 'NONE', #5448, 1000.000000000000000 ) ;
#8444 = EDGE_CURVE ( 'NONE', #1654, #8310, #7298, .T. ) ;
#8445 = CARTESIAN_POINT ( 'NONE',  ( -0.09348784744999619201, 0.9800000000000004263, 0.2195281732170089595 ) ) ;
#8446 = FILL_AREA_STYLE_COLOUR ( '', #7227 ) ;
#8447 = CARTESIAN_POINT ( 'NONE',  ( -0.1231879744559330192, 0.9810000000000003162, 0.2201688525214910430 ) ) ;
#8448 =( NAMED_UNIT ( * ) PLANE_ANGLE_UNIT ( ) SI_UNIT ( $, .RADIAN. ) );
#8449 =( LENGTH_UNIT ( ) NAMED_UNIT ( * ) SI_UNIT ( .MILLI., .METRE. ) );
#8450 = DIRECTION ( 'NONE',  ( -0.0000000000000000000, -1.000000000000000000, -0.0000000000000000000 ) ) ;
#8451 = CARTESIAN_POINT ( 'NONE',  ( -0.2912490753945281008, 0.9810000000000003162, 0.2553758442002304618 ) ) ;
#8452 = CARTESIAN_POINT ( 'NONE',  ( 0.04106010932227362187, 0.9800000000000004263, 0.2159390019685702433 ) ) ;
#8453 = FILL_AREA_STYLE_COLOUR ( '', #5896 ) ;
#8454 =( NAMED_UNIT ( * ) PLANE_ANGLE_UNIT ( ) SI_UNIT ( $, .RADIAN. ) );
#8455 = SURFACE_STYLE_FILL_AREA ( #8569 ) ;
#8456 = EDGE_CURVE ( 'NONE', #6997, #6388, #7885, .T. ) ;
#8457 = ORIENTED_EDGE ( 'NONE', *, *, #3079, .F. ) ;
#8458 = FILL_AREA_STYLE ('',( #6718 ) ) ;
#8459 = CARTESIAN_POINT ( 'NONE',  ( -0.08407883266472754302, 0.9810000000000003162, 0.2489947997936306223 ) ) ;
#8460 = STYLED_ITEM ( 'NONE', ( #10836 ), #8178 ) ;
#8461 = COLOUR_RGB ( '',0.2235294117647058654, 0.2235294117647058654, 0.2235294117647058654 ) ;
#8462 = FILL_AREA_STYLE ('',( #736 ) ) ;
#8463 = CARTESIAN_POINT ( 'NONE',  ( -0.04721149546124459029, 0.9810000000000003162, 0.2663347294017247013 ) ) ;
#8464 = CARTESIAN_POINT ( 'NONE',  ( -0.1032049167189015987, 0.9800000000000004263, 0.2298311023591409763 ) ) ;
#8465 = ORIENTED_EDGE ( 'NONE', *, *, #9381, .T. ) ;
#8466 = EDGE_CURVE ( 'NONE', #5647, #6394, #2979, .T. ) ;
#8467 = DIRECTION ( 'NONE',  ( -0.9999748501857349536, 0.0000000000000000000, -0.007092178509954029722 ) ) ;
#8468 =( NAMED_UNIT ( * ) SI_UNIT ( $, .STERADIAN. ) SOLID_ANGLE_UNIT ( ) );
#8469 =( LENGTH_UNIT ( ) NAMED_UNIT ( * ) SI_UNIT ( .MILLI., .METRE. ) );
#8470 = ORIENTED_EDGE ( 'NONE', *, *, #11450, .T. ) ;
#8471 = ORIENTED_EDGE ( 'NONE', *, *, #424, .T. ) ;
#8472 = PLANE ( 'NONE',  #10950 ) ;
#8473 = LINE ( 'NONE', #11226, #8667 ) ;
#8474 = FILL_AREA_STYLE ('',( #11288 ) ) ;
#8475 = PRESENTATION_LAYER_ASSIGNMENT (  '', '', ( #1704 ) ) ;
#8476 = EDGE_CURVE ( 'NONE', #3481, #5345, #3396, .T. ) ;
#8477 = PLANE ( 'NONE',  #9242 ) ;
#8478 = STYLED_ITEM ( 'NONE', ( #1086 ), #2947 ) ;
#8479 = AXIS2_PLACEMENT_3D ( 'NONE', #10491, #6598, #1083 ) ;
#8480 = ORIENTED_EDGE ( 'NONE', *, *, #7265, .F. ) ;
#8481 = DIRECTION ( 'NONE',  ( 0.9999748501857348426, -0.0000000000000000000, 0.007092178509962320833 ) ) ;
#8482 = MECHANICAL_DESIGN_GEOMETRIC_PRESENTATION_REPRESENTATION (  '', ( #373 ), #7501 ) ;
#8483 = EDGE_LOOP ( 'NONE', ( #7256, #5719, #1430, #10647, #8465, #7870 ) ) ;
#8484 =( GEOMETRIC_REPRESENTATION_CONTEXT ( 3 ) GLOBAL_UNCERTAINTY_ASSIGNED_CONTEXT ( ( #7561 ) ) GLOBAL_UNIT_ASSIGNED_CONTEXT ( ( #8174, #5151, #6963 ) ) REPRESENTATION_CONTEXT ( 'NONE', 'WORKASPACE' ) );
#8485 = COLOUR_RGB ( '',0.2235294117647058654, 0.2235294117647058654, 0.2235294117647058654 ) ;
#8486 = ORIENTED_EDGE ( 'NONE', *, *, #2261, .T. ) ;
#8487 = EDGE_CURVE ( 'NONE', #5463, #1962, #4613, .T. ) ;
#8488 = CARTESIAN_POINT ( 'NONE',  ( -0.04742294917664123532, 0.9810000000000003162, 0.2961490378089223219 ) ) ;
#8489 = AXIS2_PLACEMENT_3D ( 'NONE', #43, #6526, #8341 ) ;
#8490 = CARTESIAN_POINT ( 'NONE',  ( 0.1813122104065303664, 0.9810000000000003162, 0.2176567344499826251 ) ) ;
#8491 = COLOUR_RGB ( '',0.2235294117647058654, 0.2235294117647058654, 0.2235294117647058654 ) ;
#8492 = VERTEX_POINT ( 'NONE', #11877 ) ;
#8493 = VERTEX_POINT ( 'NONE', #5399 ) ;
#8494 = CARTESIAN_POINT ( 'NONE',  ( -0.08342466306684383215, 0.9810000000000003162, 0.2172340361602148329 ) ) ;
#8495 = STYLED_ITEM ( 'NONE', ( #6953 ), #5077 ) ;
#8496 = DIRECTION ( 'NONE',  ( -0.9999748501857348426, -0.0000000000000000000, -0.007092178509963208144 ) ) ;
#8497 = ORIENTED_EDGE ( 'NONE', *, *, #9560, .F. ) ;
#8498 = ORIENTED_EDGE ( 'NONE', *, *, #10222, .F. ) ;
#8499 = CARTESIAN_POINT ( 'NONE',  ( -0.2030867450043408462, 0.9810000000000003162, 0.3211176000878182557 ) ) ;
#8500 = EDGE_CURVE ( 'NONE', #6629, #11253, #10036, .T. ) ;
#8501 = VECTOR ( 'NONE', #5738, 1000.000000000000000 ) ;
#8502 = LINE ( 'NONE', #3185, #3386 ) ;
#8503 = CARTESIAN_POINT ( 'NONE',  ( -0.08682324149588735440, 0.9810000000000003162, 0.2254502209576159932 ) ) ;
#8504 = PRESENTATION_LAYER_ASSIGNMENT (  '', '', ( #1375 ) ) ;
#8505 = PRESENTATION_STYLE_ASSIGNMENT (( #1435 ) ) ;
#8506 = EDGE_CURVE ( 'NONE', #6664, #2482, #848, .T. ) ;
#8507 = CARTESIAN_POINT ( 'NONE',  ( 0.1577257532260294970, 0.9800000000000004263, 0.3320868017686833262 ) ) ;
#8508 = CARTESIAN_POINT ( 'NONE',  ( -0.1819533640655223161, 0.9810000000000003162, 0.3009916962669175744 ) ) ;
#8509 = STYLED_ITEM ( 'NONE', ( #7044 ), #11241 ) ;
#8510 = CARTESIAN_POINT ( 'NONE',  ( -0.1876565740791538706, 0.9810000000000003162, 0.2144932019206998719 ) ) ;
#8511 = CARTESIAN_POINT ( 'NONE',  ( -0.1618681131406391194, 0.9800000000000004263, 0.3461827927239643499 ) ) ;
#8512 = CARTESIAN_POINT ( 'NONE',  ( -0.1683899403307217713, 0.9810000000000003162, 0.3402877522229448837 ) ) ;
#8513 = CARTESIAN_POINT ( 'NONE',  ( 0.1332087075751947625, 0.9810000000000003162, 0.2209306122946781414 ) ) ;
#8514 =( NAMED_UNIT ( * ) SI_UNIT ( $, .STERADIAN. ) SOLID_ANGLE_UNIT ( ) );
#8515 = CARTESIAN_POINT ( 'NONE',  ( -0.08040833714202309801, 0.9800000000000004263, 0.2317604167506185919 ) ) ;
#8516 = SURFACE_STYLE_FILL_AREA ( #106 ) ;
#8517 = LINE ( 'NONE', #289, #8125 ) ;
#8518 = STYLED_ITEM ( 'NONE', ( #3750 ), #11632 ) ;
#8519 = ADVANCED_FACE ( 'NONE', ( #10035 ), #9975, .T. ) ;
#8520 = VERTEX_POINT ( 'NONE', #4544 ) ;
#8521 = CARTESIAN_POINT ( 'NONE',  ( -0.1611535511646564611, 0.9800000000000004263, 0.2014499185688049254 ) ) ;
#8522 =( LENGTH_UNIT ( ) NAMED_UNIT ( * ) SI_UNIT ( .MILLI., .METRE. ) );
#8523 = PRESENTATION_STYLE_ASSIGNMENT (( #1098 ) ) ;
#8524 = ORIENTED_EDGE ( 'NONE', *, *, #1881, .F. ) ;
#8525 = ORIENTED_EDGE ( 'NONE', *, *, #8153, .T. ) ;
#8526 = UNCERTAINTY_MEASURE_WITH_UNIT (LENGTH_MEASURE( 1.000000000000000082E-05 ), #11110, 'distance_accuracy_value', 'NONE');
#8527 = SURFACE_STYLE_FILL_AREA ( #5759 ) ;
#8528 = DIRECTION ( 'NONE',  ( 0.007092178509964229029, -0.0000000000000000000, -0.9999748501857348426 ) ) ;
#8529 = B_SPLINE_CURVE_WITH_KNOTS ( 'NONE', 3,
 ( #3424, #1495, #2342, #3311 ),
 .UNSPECIFIED., .F., .F.,
 ( 4, 4 ),
 ( 35.00000000000000000, 36.00000000000000000 ),
 .UNSPECIFIED. ) ;
#8530 = STYLED_ITEM ( 'NONE', ( #1026 ), #11841 ) ;
#8531 = ADVANCED_FACE ( 'NONE', ( #1695 ), #2724, .F. ) ;
#8532 =( LENGTH_UNIT ( ) NAMED_UNIT ( * ) SI_UNIT ( .MILLI., .METRE. ) );
#8533 = SURFACE_STYLE_USAGE ( .BOTH. , #5884 ) ;
#8534 = ADVANCED_FACE ( 'NONE', ( #7489 ), #5509, .T. ) ;
#8535 = ORIENTED_EDGE ( 'NONE', *, *, #2594, .F. ) ;
#8536 = CARTESIAN_POINT ( 'NONE',  ( -0.1876565740791538706, 0.9810000000000003162, 0.2144932019206998719 ) ) ;
#8537 = ORIENTED_EDGE ( 'NONE', *, *, #2348, .T. ) ;
#8538 =( LENGTH_UNIT ( ) NAMED_UNIT ( * ) SI_UNIT ( .MILLI., .METRE. ) );
#8539 = UNCERTAINTY_MEASURE_WITH_UNIT (LENGTH_MEASURE( 1.000000000000000082E-05 ), #10304, 'distance_accuracy_value', 'NONE');
#8540 = EDGE_LOOP ( 'NONE', ( #6505, #991, #8497, #4817 ) ) ;
#8541 =( NAMED_UNIT ( * ) PLANE_ANGLE_UNIT ( ) SI_UNIT ( $, .RADIAN. ) );
#8542 = CARTESIAN_POINT ( 'NONE',  ( 0.2499999999999993616, 0.9999999999999995559, 0.01999999999999999695 ) ) ;
#8543 = PLANE ( 'NONE',  #2809 ) ;
#8544 = SURFACE_SIDE_STYLE ('',( #1421 ) ) ;
#8545 = DIRECTION ( 'NONE',  ( -0.0000000000000000000, -1.000000000000000000, -0.0000000000000000000 ) ) ;
#8546 = CARTESIAN_POINT ( 'NONE',  ( -0.07175893125868469669, 0.9810000000000003162, 0.2382164334341081158 ) ) ;
#8547 = ORIENTED_EDGE ( 'NONE', *, *, #757, .F. ) ;
#8548 = ORIENTED_EDGE ( 'NONE', *, *, #3095, .F. ) ;
#8549 = CARTESIAN_POINT ( 'NONE',  ( -0.3817097946182765877, -1.000000000000000444, 0.5300000000000001377 ) ) ;
#8550 = CARTESIAN_POINT ( 'NONE',  ( -0.1519029950726835665, 0.9810000000000003162, 0.2954080280364402289 ) ) ;
#8551 = ORIENTED_EDGE ( 'NONE', *, *, #920, .T. ) ;
#8552 = ADVANCED_FACE ( 'NONE', ( #8587 ), #8472, .F. ) ;
#8553 = B_SPLINE_CURVE_WITH_KNOTS ( 'NONE', 3,
 ( #694, #7046, #8086, #6206 ),
 .UNSPECIFIED., .F., .F.,
 ( 4, 4 ),
 ( 7.000000000000000000, 8.000000000000000000 ),
 .UNSPECIFIED. ) ;
#8554 = ORIENTED_EDGE ( 'NONE', *, *, #4862, .T. ) ;
#8555 = CARTESIAN_POINT ( 'NONE',  ( -0.1106395623544660783, 0.9800000000000004263, 0.2958306560356189219 ) ) ;
#8556 = CARTESIAN_POINT ( 'NONE',  ( 0.1107400636383502196, 0.9810000000000003162, 0.2287244026595042778 ) ) ;
#8557 = CARTESIAN_POINT ( 'NONE',  ( -0.1268544847074608295, 0.9800000000000004263, 0.2455460728015328442 ) ) ;
#8558 = B_SPLINE_CURVE_WITH_KNOTS ( 'NONE', 3,
 ( #2239, #5936, #9663, #4055 ),
 .UNSPECIFIED., .F., .F.,
 ( 4, 4 ),
 ( 13.00000000000000000, 14.00000000000000000 ),
 .UNSPECIFIED. ) ;
#8559 = UNCERTAINTY_MEASURE_WITH_UNIT (LENGTH_MEASURE( 1.000000000000000082E-05 ), #3663, 'distance_accuracy_value', 'NONE');
#8560 = FILL_AREA_STYLE ('',( #1836 ) ) ;
#8561 =( NAMED_UNIT ( * ) PLANE_ANGLE_UNIT ( ) SI_UNIT ( $, .RADIAN. ) );
#8562 = FACE_BOUND ( 'NONE', #1586, .T. ) ;
#8563 = FILL_AREA_STYLE ('',( #6822 ) ) ;
#8564 =( NAMED_UNIT ( * ) PLANE_ANGLE_UNIT ( ) SI_UNIT ( $, .RADIAN. ) );
#8565 = PRESENTATION_STYLE_ASSIGNMENT (( #4893 ) ) ;
#8566 = LINE ( 'NONE', #3194, #11927 ) ;
#8567 = EDGE_CURVE ( 'NONE', #11425, #11693, #3102, .T. ) ;
#8568 = SURFACE_STYLE_FILL_AREA ( #1208 ) ;
#8569 = FILL_AREA_STYLE ('',( #10379 ) ) ;
#8570 = CARTESIAN_POINT ( 'NONE',  ( -0.1249186454851472783, 0.9800000000000004263, 0.3464448515351556401 ) ) ;
#8571 = FILL_AREA_STYLE_COLOUR ( '', #9567 ) ;
#8572 =( LENGTH_UNIT ( ) NAMED_UNIT ( * ) SI_UNIT ( .MILLI., .METRE. ) );
#8573 = LINE ( 'NONE', #6832, #10524 ) ;
#8574 = ORIENTED_EDGE ( 'NONE', *, *, #4043, .F. ) ;
#8575 = FILL_AREA_STYLE ('',( #1391 ) ) ;
#8576 = CARTESIAN_POINT ( 'NONE',  ( -0.09249217796259767699, 0.9800000000000004263, 0.2367436611642649014 ) ) ;
#8577 = CARTESIAN_POINT ( 'NONE',  ( -0.09472170136162934295, 0.9800000000000004263, 0.2322307825001209691 ) ) ;
#8578 = EDGE_LOOP ( 'NONE', ( #5702, #5215, #2388, #11237, #3926, #4734, #6075, #3803 ) ) ;
#8579 = FILL_AREA_STYLE ('',( #8707 ) ) ;
#8580 = SURFACE_SIDE_STYLE ('',( #6727 ) ) ;
#8581 = STYLED_ITEM ( 'NONE', ( #2551 ), #243 ) ;
#8582 = DIRECTION ( 'NONE',  ( -0.007092178509962865536, -0.0000000000000000000, 0.9999748501857348426 ) ) ;
#8583 = CARTESIAN_POINT ( 'NONE',  ( -0.07423695592823374712, 0.9800000000000004263, 0.2210944105017748074 ) ) ;
#8584 = ORIENTED_EDGE ( 'NONE', *, *, #4396, .T. ) ;
#8585 = PRESENTATION_LAYER_ASSIGNMENT (  '', '', ( #4149 ) ) ;
#8586 = ORIENTED_EDGE ( 'NONE', *, *, #9448, .T. ) ;
#8587 = FACE_OUTER_BOUND ( 'NONE', #11396, .T. ) ;
#8588 = B_SPLINE_CURVE_WITH_KNOTS ( 'NONE', 3,
 ( #9884, #774, #707, #8032 ),
 .UNSPECIFIED., .F., .F.,
 ( 4, 4 ),
 ( 17.00000000000000000, 18.00000000000000000 ),
 .UNSPECIFIED. ) ;
#8589 = EDGE_CURVE ( 'NONE', #11613, #1278, #5147, .T. ) ;
#8590 = CARTESIAN_POINT ( 'NONE',  ( -0.5799999999999994049, 0.9999999999999995559, 0.5500000000000000444 ) ) ;
#8591 = AXIS2_PLACEMENT_3D ( 'NONE', #5280, #497, #4191 ) ;
#8592 = ORIENTED_EDGE ( 'NONE', *, *, #7798, .F. ) ;
#8593 = CARTESIAN_POINT ( 'NONE',  ( 0.1807789363790551496, 0.9810000000000003162, 0.2418738492965728792 ) ) ;
#8594 = PRESENTATION_LAYER_ASSIGNMENT (  '', '', ( #11648 ) ) ;
#8595 = CARTESIAN_POINT ( 'NONE',  ( -0.1318807768746755316, 0.9810000000000003162, 0.2468621438305867999 ) ) ;
#8596 = CARTESIAN_POINT ( 'NONE',  ( -0.2030308858275618744, 0.9810000000000003162, 0.3132416319557997375 ) ) ;
#8597 = VERTEX_POINT ( 'NONE', #11409 ) ;
#8598 = LINE ( 'NONE', #11298, #2835 ) ;
#8599 = CARTESIAN_POINT ( 'NONE',  ( -0.2312104593905486283, 0.9810000000000003162, 0.2199810983942929177 ) ) ;
#8600 = MECHANICAL_DESIGN_GEOMETRIC_PRESENTATION_REPRESENTATION (  '', ( #869 ), #11460 ) ;
#8601 = EDGE_CURVE ( 'NONE', #197, #9603, #10335, .T. ) ;
#8602 = EDGE_CURVE ( 'NONE', #8683, #2061, #234, .T. ) ;
#8603 = VECTOR ( 'NONE', #11728, 1000.000000000000000 ) ;
#8604 = VECTOR ( 'NONE', #8204, 1000.000000000000000 ) ;
#8605 = CARTESIAN_POINT ( 'NONE',  ( -0.1115721950537148927, 0.9810000000000003162, 0.3466954769348883358 ) ) ;
#8606 = CARTESIAN_POINT ( 'NONE',  ( -0.1070772900068362871, 0.9800000000000004263, 0.3415024414702119704 ) ) ;
#8607 = CARTESIAN_POINT ( 'NONE',  ( -0.1361282798110324543, 0.9810000000000003162, 0.2208374173563976139 ) ) ;
#8608 = CARTESIAN_POINT ( 'NONE',  ( -0.08682324149588735440, 0.9800000000000004263, 0.2254502209576159932 ) ) ;
#8609 = ORIENTED_EDGE ( 'NONE', *, *, #3824, .T. ) ;
#8610 = VERTEX_POINT ( 'NONE', #183 ) ;
#8611 = VECTOR ( 'NONE', #10711, 1000.000000000000114 ) ;
#8612 = CARTESIAN_POINT ( 'NONE',  ( 0.04058066527125686607, 0.9810000000000003162, 0.3345095185789770387 ) ) ;
#8613 = EDGE_CURVE ( 'NONE', #1307, #5411, #8716, .T. ) ;
#8614 = STYLED_ITEM ( 'NONE', ( #1554 ), #10510 ) ;
#8615 = ORIENTED_EDGE ( 'NONE', *, *, #9726, .F. ) ;
#8616 = CARTESIAN_POINT ( 'NONE',  ( -0.1611535511646564611, 0.9800000000000004263, 0.2014499185688049254 ) ) ;
#8617 = VERTEX_POINT ( 'NONE', #4116 ) ;
#8618 =( NAMED_UNIT ( * ) PLANE_ANGLE_UNIT ( ) SI_UNIT ( $, .RADIAN. ) );
#8619 = CARTESIAN_POINT ( 'NONE',  ( 0.1473528750121374797, 0.9810000000000003162, 0.2145238108256276310 ) ) ;
#8620 = VECTOR ( 'NONE', #3452, 1000.000000000000000 ) ;
#8621 = SURFACE_STYLE_USAGE ( .BOTH. , #4945 ) ;
#8622 = MECHANICAL_DESIGN_GEOMETRIC_PRESENTATION_REPRESENTATION (  '', ( #1093 ), #1298 ) ;
#8623 =( LENGTH_UNIT ( ) NAMED_UNIT ( * ) SI_UNIT ( .MILLI., .METRE. ) );
#8624 = FILL_AREA_STYLE_COLOUR ( '', #7839 ) ;
#8625 = EDGE_CURVE ( 'NONE', #7314, #8597, #10279, .T. ) ;
#8626 = FACE_BOUND ( 'NONE', #11224, .T. ) ;
#8627 = CARTESIAN_POINT ( 'NONE',  ( -0.1107081413576303519, 0.9810000000000003162, 0.3018349226340950597 ) ) ;
#8628 = DIRECTION ( 'NONE',  ( -0.0000000000000000000, -1.000000000000000000, -0.0000000000000000000 ) ) ;
#8629 = ORIENTED_EDGE ( 'NONE', *, *, #10387, .T. ) ;
#8630 = PRESENTATION_LAYER_ASSIGNMENT (  '', '', ( #6513 ) ) ;
#8631 = FACE_OUTER_BOUND ( 'NONE', #3657, .T. ) ;
#8632 = FILL_AREA_STYLE_COLOUR ( '', #507 ) ;
#8633 = DIRECTION ( 'NONE',  ( -0.9999748501857348426, -0.0000000000000000000, -0.007092178509961517656 ) ) ;
#8634 = CARTESIAN_POINT ( 'NONE',  ( -0.1411336527627564397, 0.9810000000000003162, 0.2503577795607858647 ) ) ;
#8635 = SURFACE_STYLE_FILL_AREA ( #3083 ) ;
#8636 = VERTEX_POINT ( 'NONE', #4791 ) ;
#8637 = B_SPLINE_CURVE_WITH_KNOTS ( 'NONE', 3,
 ( #4014, #10418, #8730, #5960 ),
 .UNSPECIFIED., .F., .F.,
 ( 4, 4 ),
 ( 11.00000000000000000, 12.00000000000000000 ),
 .UNSPECIFIED. ) ;
#8638 = SURFACE_STYLE_USAGE ( .BOTH. , #7677 ) ;
#8639 = FACE_OUTER_BOUND ( 'NONE', #7032, .T. ) ;
#8640 = COLOUR_RGB ( '',0.2235294117647058654, 0.2235294117647058654, 0.2235294117647058654 ) ;
#8641 = ADVANCED_FACE ( 'NONE', ( #3873 ), #2240, .F. ) ;
#8642 = DIRECTION ( 'NONE',  ( 0.9999748501857350647, -0.0000000000000000000, 0.007092178509934082137 ) ) ;
#8643 = CARTESIAN_POINT ( 'NONE',  ( -0.1004230800217317393, 0.9800000000000004263, 0.2224423706627196295 ) ) ;
#8644 = EDGE_LOOP ( 'NONE', ( #8263, #4757, #5264, #10028 ) ) ;
#8645 = FILL_AREA_STYLE ('',( #5751 ) ) ;
#8646 = DIRECTION ( 'NONE',  ( 0.007092178509963810960, 0.0000000000000000000, -0.9999748501857348426 ) ) ;
#8647 = MECHANICAL_DESIGN_GEOMETRIC_PRESENTATION_REPRESENTATION (  '', ( #11124 ), #345 ) ;
#8648 = ORIENTED_EDGE ( 'NONE', *, *, #820, .T. ) ;
#8649 = ORIENTED_EDGE ( 'NONE', *, *, #2748, .T. ) ;
#8650 = UNCERTAINTY_MEASURE_WITH_UNIT (LENGTH_MEASURE( 1.000000000000000082E-05 ), #8747, 'distance_accuracy_value', 'NONE');
#8651 = FILL_AREA_STYLE ('',( #5039 ) ) ;
#8652 = PRESENTATION_STYLE_ASSIGNMENT (( #6734 ) ) ;
#8653 = PRESENTATION_LAYER_ASSIGNMENT (  '', '', ( #2465 ) ) ;
#8654 =( LENGTH_UNIT ( ) NAMED_UNIT ( * ) SI_UNIT ( .MILLI., .METRE. ) );
#8655 = CARTESIAN_POINT ( 'NONE',  ( 0.2022323288433300892, 0.9810000000000003162, 0.2752845485394986857 ) ) ;
#8656 = PRESENTATION_STYLE_ASSIGNMENT (( #189 ) ) ;
#8657 = VERTEX_POINT ( 'NONE', #11630 ) ;
#8658 =( NAMED_UNIT ( * ) SI_UNIT ( $, .STERADIAN. ) SOLID_ANGLE_UNIT ( ) );
#8659 = EDGE_CURVE ( 'NONE', #3481, #6816, #8887, .T. ) ;
#8660 = LINE ( 'NONE', #2917, #10392 ) ;
#8661 = FILL_AREA_STYLE_COLOUR ( '', #2689 ) ;
#8662 = EDGE_LOOP ( 'NONE', ( #2208, #7650, #3298, #2277 ) ) ;
#8663 = CARTESIAN_POINT ( 'NONE',  ( -0.3073167037677345115, 0.9800000000000004263, 0.2136445295764712038 ) ) ;
#8664 = CARTESIAN_POINT ( 'NONE',  ( -0.1511068893563066173, 0.9810000000000003162, 0.3462591151635236453 ) ) ;
#8665 = UNCERTAINTY_MEASURE_WITH_UNIT (LENGTH_MEASURE( 1.000000000000000082E-05 ), #4540, 'distance_accuracy_value', 'NONE');
#8666 = MECHANICAL_DESIGN_GEOMETRIC_PRESENTATION_REPRESENTATION (  '', ( #8099 ), #1894 ) ;
#8667 = VECTOR ( 'NONE', #3517, 1000.000000000000000 ) ;
#8668 = CARTESIAN_POINT ( 'NONE',  ( -0.2583828538324782764, 0.9810000000000003162, 0.2211141067604965316 ) ) ;
#8669 = CARTESIAN_POINT ( 'NONE',  ( -0.08337896074994888274, 0.9800000000000004263, 0.3207448641368762510 ) ) ;
#8670 =( NAMED_UNIT ( * ) SI_UNIT ( $, .STERADIAN. ) SOLID_ANGLE_UNIT ( ) );
#8671 = LINE ( 'NONE', #11248, #11550 ) ;
#8672 = ORIENTED_EDGE ( 'NONE', *, *, #9569, .T. ) ;
#8673 = ORIENTED_EDGE ( 'NONE', *, *, #9541, .T. ) ;
#8674 = PRESENTATION_LAYER_ASSIGNMENT (  '', '', ( #1712 ) ) ;
#8675 = AXIS2_PLACEMENT_3D ( 'NONE', #4299, #8828, #1687 ) ;
#8676 = FILL_AREA_STYLE ('',( #11482 ) ) ;
#8677 = EDGE_CURVE ( 'NONE', #6760, #8912, #5206, .T. ) ;
#8678 = LINE ( 'NONE', #4813, #556 ) ;
#8679 = VERTEX_POINT ( 'NONE', #7143 ) ;
#8680 = CARTESIAN_POINT ( 'NONE',  ( -0.2125646057502787178, 0.9810000000000003162, 0.2372177893396844039 ) ) ;
#8681 = VECTOR ( 'NONE', #11845, 1000.000000000000114 ) ;
#8682 = ORIENTED_EDGE ( 'NONE', *, *, #10301, .F. ) ;
#8683 = VERTEX_POINT ( 'NONE', #4414 ) ;
#8684 = PRESENTATION_LAYER_ASSIGNMENT (  '', '', ( #1914 ) ) ;
#8685 = DIRECTION ( 'NONE',  ( -0.007092178509965753851, 0.0000000000000000000, 0.9999748501857348426 ) ) ;
#8686 = STYLED_ITEM ( 'NONE', ( #7479 ), #4335 ) ;
#8687 = CARTESIAN_POINT ( 'NONE',  ( -0.1248929121863773528, 0.9810000000000003162, 0.2420247191473610393 ) ) ;
#8688 = EDGE_CURVE ( 'NONE', #6866, #10683, #2817, .T. ) ;
#8689 = DIRECTION ( 'NONE',  ( -0.0000000000000000000, -1.000000000000000000, -0.0000000000000000000 ) ) ;
#8690 = PLANE ( 'NONE',  #9360 ) ;
#8691 = MECHANICAL_DESIGN_GEOMETRIC_PRESENTATION_REPRESENTATION (  '', ( #1919 ), #10223 ) ;
#8692 = ADVANCED_FACE ( 'NONE', ( #662 ), #3443, .T. ) ;
#8693 = CARTESIAN_POINT ( 'NONE',  ( -0.2499999999999994171, -1.000000000000000444, 0.02000000000000000042 ) ) ;
#8694 = ORIENTED_EDGE ( 'NONE', *, *, #6052, .F. ) ;
#8695 =( GEOMETRIC_REPRESENTATION_CONTEXT ( 3 ) GLOBAL_UNCERTAINTY_ASSIGNED_CONTEXT ( ( #300 ) ) GLOBAL_UNIT_ASSIGNED_CONTEXT ( ( #6045, #11746, #5131 ) ) REPRESENTATION_CONTEXT ( 'NONE', 'WORKASPACE' ) );
#8696 = DIRECTION ( 'NONE',  ( -0.0000000000000000000, -1.000000000000000000, -0.0000000000000000000 ) ) ;
#8697 = CARTESIAN_POINT ( 'NONE',  ( 0.06238787541147082505, 0.9810000000000003162, 0.2160902660971583122 ) ) ;
#8698 = CARTESIAN_POINT ( 'NONE',  ( -0.1406043819388396454, 0.9800000000000004263, 0.2307096144780721170 ) ) ;
#8699 = EDGE_CURVE ( 'NONE', #6301, #5599, #7983, .T. ) ;
#8700 = DIRECTION ( 'NONE',  ( 1.000000000000000000, 0.0000000000000000000, 0.0000000000000000000 ) ) ;
#8701 = CARTESIAN_POINT ( 'NONE',  ( 0.08015459118996955123, 0.9810000000000003162, 0.3615416285025069842 ) ) ;
#8702 = DIRECTION ( 'NONE',  ( -0.007092178509960132479, -0.0000000000000000000, 0.9999748501857348426 ) ) ;
#8703 = EDGE_LOOP ( 'NONE', ( #7033, #7267, #6984, #10755 ) ) ;
#8704 = FACE_OUTER_BOUND ( 'NONE', #7440, .T. ) ;
#8705 = LINE ( 'NONE', #9658, #8212 ) ;
#8706 = ORIENTED_EDGE ( 'NONE', *, *, #843, .F. ) ;
#8707 = FILL_AREA_STYLE_COLOUR ( '', #10605 ) ;
#8708 =( GEOMETRIC_REPRESENTATION_CONTEXT ( 3 ) GLOBAL_UNCERTAINTY_ASSIGNED_CONTEXT ( ( #2607 ) ) GLOBAL_UNIT_ASSIGNED_CONTEXT ( ( #9367, #1663, #6556 ) ) REPRESENTATION_CONTEXT ( 'NONE', 'WORKASPACE' ) );
#8709 = SURFACE_STYLE_FILL_AREA ( #7069 ) ;
#8710 = B_SPLINE_SURFACE_WITH_KNOTS ( 'NONE', 3, 1, ( 
 ( #3977, #6830 ),
 ( #10489, #7910 ),
 ( #7000, #8808 ),
 ( #522, #11441 ) ),
 .UNSPECIFIED., .F., .F., .F.,
 ( 4, 4 ),
 ( 2, 2 ),
 ( 2.000000000000000000, 3.000000000000000000 ),
 ( 0.0000000000000000000, 1.000000000000000000 ),
 .UNSPECIFIED. ) ;
#8711 =( LENGTH_UNIT ( ) NAMED_UNIT ( * ) SI_UNIT ( .MILLI., .METRE. ) );
#8712 = FILL_AREA_STYLE_COLOUR ( '', #7879 ) ;
#8713 = ORIENTED_EDGE ( 'NONE', *, *, #1787, .T. ) ;
#8714 = ADVANCED_FACE ( 'NONE', ( #3328 ), #6228, .F. ) ;
#8715 = ORIENTED_EDGE ( 'NONE', *, *, #2173, .T. ) ;
#8716 = LINE ( 'NONE', #5941, #546 ) ;
#8717 = SURFACE_SIDE_STYLE ('',( #9425 ) ) ;
#8718 = CARTESIAN_POINT ( 'NONE',  ( -0.2394708957524849247, 0.9800000000000004263, 0.2649711571210510153 ) ) ;
#8719 = VERTEX_POINT ( 'NONE', #1921 ) ;
#8720 = CARTESIAN_POINT ( 'NONE',  ( -0.2575031422539598713, 0.9800000000000004263, 0.2510141379062890699 ) ) ;
#8721 = CARTESIAN_POINT ( 'NONE',  ( -0.1032296201172143435, 0.9800000000000004263, 0.2333142037774335042 ) ) ;
#8722 = ORIENTED_EDGE ( 'NONE', *, *, #6523, .T. ) ;
#8723 =( NAMED_UNIT ( * ) PLANE_ANGLE_UNIT ( ) SI_UNIT ( $, .RADIAN. ) );
#8724 = VECTOR ( 'NONE', #2614, 1000.000000000000000 ) ;
#8725 = LINE ( 'NONE', #10519, #2819 ) ;
#8726 = EDGE_LOOP ( 'NONE', ( #976, #11586, #379, #8363, #10928, #7681, #10101, #633, #9140, #8457, #4071, #4933, #1079, #6076 ) ) ;
#8727 = EDGE_CURVE ( 'NONE', #2508, #7455, #1745, .T. ) ;
#8728 =( NAMED_UNIT ( * ) SI_UNIT ( $, .STERADIAN. ) SOLID_ANGLE_UNIT ( ) );
#8729 = LINE ( 'NONE', #1589, #3378 ) ;
#8730 = CARTESIAN_POINT ( 'NONE',  ( -0.09156868904808851406, 0.9810000000000003162, 0.3026205315020250586 ) ) ;
#8731 = CARTESIAN_POINT ( 'NONE',  ( -0.2246060417348193505, 0.9810000000000003162, 0.2142311431095073326 ) ) ;
#8732 = DIRECTION ( 'NONE',  ( -0.007092178509954477281, -0.0000000000000000000, 0.9999748501857349536 ) ) ;
#8733 = COLOUR_RGB ( '',0.2235294117647058654, 0.2235294117647058654, 0.2235294117647058654 ) ;
#8734 =( LENGTH_UNIT ( ) NAMED_UNIT ( * ) SI_UNIT ( .MILLI., .METRE. ) );
#8735 = ORIENTED_EDGE ( 'NONE', *, *, #6031, .F. ) ;
#8736 = ORIENTED_EDGE ( 'NONE', *, *, #1330, .F. ) ;
#8737 = FACE_OUTER_BOUND ( 'NONE', #449, .T. ) ;
#8738 = CARTESIAN_POINT ( 'NONE',  ( -0.2637209782843918382, 0.9800000000000004263, 0.2535694989610192684 ) ) ;
#8739 = ORIENTED_EDGE ( 'NONE', *, *, #4278, .T. ) ;
#8740 = LINE ( 'NONE', #5725, #11866 ) ;
#8741 = ORIENTED_EDGE ( 'NONE', *, *, #2920, .T. ) ;
#8742 = ORIENTED_EDGE ( 'NONE', *, *, #5655, .F. ) ;
#8743 = B_SPLINE_CURVE_WITH_KNOTS ( 'NONE', 3,
 ( #10545, #4281, #1499, #10717 ),
 .UNSPECIFIED., .F., .F.,
 ( 4, 4 ),
 ( 3.000000000000000000, 4.000000000000000000 ),
 .UNSPECIFIED. ) ;
#8744 = ADVANCED_FACE ( 'NONE', ( #3549 ), #7638, .F. ) ;
#8745 = CARTESIAN_POINT ( 'NONE',  ( -0.1510654097695903197, 0.9810000000000003162, 0.3404106239764875252 ) ) ;
#8746 = VECTOR ( 'NONE', #1718, 999.9999999999998863 ) ;
#8747 =( LENGTH_UNIT ( ) NAMED_UNIT ( * ) SI_UNIT ( .MILLI., .METRE. ) );
#8748 = PLANE ( 'NONE',  #4699 ) ;
#8749 = LINE ( 'NONE', #10312, #11563 ) ;
#8750 = ORIENTED_EDGE ( 'NONE', *, *, #7170, .F. ) ;
#8751 = CARTESIAN_POINT ( 'NONE',  ( -0.09660557314164537612, 0.9810000000000003162, 0.2522852538963212821 ) ) ;
#8752 = LINE ( 'NONE', #2286, #4364 ) ;
#8753 =( NAMED_UNIT ( * ) PLANE_ANGLE_UNIT ( ) SI_UNIT ( $, .RADIAN. ) );
#8754 = CARTESIAN_POINT ( 'NONE',  ( 0.2499999999999994171, 0.9999999999999995559, 0.0000000000000000000 ) ) ;
#8755 = ADVANCED_FACE ( 'NONE', ( #6411, #4595 ), #8282, .T. ) ;
#8756 = EDGE_CURVE ( 'NONE', #2284, #3525, #1384, .T. ) ;
#8757 = SURFACE_STYLE_FILL_AREA ( #9888 ) ;
#8758 = SURFACE_STYLE_USAGE ( .BOTH. , #8875 ) ;
#8759 = ORIENTED_EDGE ( 'NONE', *, *, #11521, .T. ) ;
#8760 = CARTESIAN_POINT ( 'NONE',  ( -0.2537452636489530011, 0.9810000000000003162, 0.2251241722602221051 ) ) ;
#8761 =( LENGTH_UNIT ( ) NAMED_UNIT ( * ) SI_UNIT ( .MILLI., .METRE. ) );
#8762 = CARTESIAN_POINT ( 'NONE',  ( -0.1318807768746755316, 0.9800000000000004263, 0.2468621438305867999 ) ) ;
#8763 = FILL_AREA_STYLE_COLOUR ( '', #10744 ) ;
#8764 = ORIENTED_EDGE ( 'NONE', *, *, #5029, .F. ) ;
#8765 = VERTEX_POINT ( 'NONE', #11923 ) ;
#8766 = UNCERTAINTY_MEASURE_WITH_UNIT (LENGTH_MEASURE( 1.000000000000000082E-05 ), #5216, 'distance_accuracy_value', 'NONE');
#8767 = SURFACE_SIDE_STYLE ('',( #6116 ) ) ;
#8768 =( NAMED_UNIT ( * ) SI_UNIT ( $, .STERADIAN. ) SOLID_ANGLE_UNIT ( ) );
#8769 = EDGE_CURVE ( 'NONE', #10591, #9366, #2760, .T. ) ;
#8770 = EDGE_LOOP ( 'NONE', ( #7340, #4027, #7447, #180 ) ) ;
#8771 = PRESENTATION_LAYER_ASSIGNMENT (  '', '', ( #7821 ) ) ;
#8772 = ORIENTED_EDGE ( 'NONE', *, *, #2458, .T. ) ;
#8773 = DIRECTION ( 'NONE',  ( -0.0000000000000000000, -1.000000000000000000, -0.0000000000000000000 ) ) ;
#8774 = CARTESIAN_POINT ( 'NONE',  ( 0.1660348399979919010, 0.9810000000000003162, 0.3328687438566483858 ) ) ;
#8775 = VERTEX_POINT ( 'NONE', #282 ) ;
#8776 = CARTESIAN_POINT ( 'NONE',  ( -0.1760709587560318201, 0.9810000000000003162, 0.3402332756990598117 ) ) ;
#8777 = LINE ( 'NONE', #11596, #5501 ) ;
#8778 = STYLED_ITEM ( 'NONE', ( #2554 ), #3772 ) ;
#8779 =( GEOMETRIC_REPRESENTATION_CONTEXT ( 3 ) GLOBAL_UNCERTAINTY_ASSIGNED_CONTEXT ( ( #11791 ) ) GLOBAL_UNIT_ASSIGNED_CONTEXT ( ( #8191, #11784, #22 ) ) REPRESENTATION_CONTEXT ( 'NONE', 'WORKASPACE' ) );
#8780 = FACE_OUTER_BOUND ( 'NONE', #5344, .T. ) ;
#8781 = CARTESIAN_POINT ( 'NONE',  ( -0.1003002224825731981, 0.9800000000000004263, 0.2949161914606361345 ) ) ;
#8782 = DIRECTION ( 'NONE',  ( -0.0000000000000000000, -1.000000000000000000, -0.0000000000000000000 ) ) ;
#8783 = ADVANCED_FACE ( 'NONE', ( #161 ), #407, .F. ) ;
#8784 = ORIENTED_EDGE ( 'NONE', *, *, #1143, .F. ) ;
#8785 = ORIENTED_EDGE ( 'NONE', *, *, #11864, .F. ) ;
#8786 = LINE ( 'NONE', #3350, #2304 ) ;
#8787 = ORIENTED_EDGE ( 'NONE', *, *, #3070, .F. ) ;
#8788 = STYLED_ITEM ( 'NONE', ( #2350 ), #3110 ) ;
#8789 = FACE_OUTER_BOUND ( 'NONE', #1512, .T. ) ;
#8790 = VECTOR ( 'NONE', #11904, 1000.000000000000114 ) ;
#8791 = VERTEX_POINT ( 'NONE', #8392 ) ;
#8792 = ORIENTED_EDGE ( 'NONE', *, *, #1380, .F. ) ;
#8793 = SURFACE_STYLE_USAGE ( .BOTH. , #8855 ) ;
#8794 = CARTESIAN_POINT ( 'NONE',  ( -0.2499999999999994171, -1.000000000000000444, -0.02000000000000000389 ) ) ;
#8795 = CARTESIAN_POINT ( 'NONE',  ( 0.04307265205478567199, 0.9800000000000004263, 0.2380051290754030546 ) ) ;
#8796 =( GEOMETRIC_REPRESENTATION_CONTEXT ( 3 ) GLOBAL_UNCERTAINTY_ASSIGNED_CONTEXT ( ( #3805 ) ) GLOBAL_UNIT_ASSIGNED_CONTEXT ( ( #8190, #6382, #4443 ) ) REPRESENTATION_CONTEXT ( 'NONE', 'WORKASPACE' ) );
#8797 = CARTESIAN_POINT ( 'NONE',  ( -0.1426932463513330973, 0.9810000000000003162, 0.2246900465209392683 ) ) ;
#8798 = VECTOR ( 'NONE', #11199, 1000.000000000000000 ) ;
#8799 = VECTOR ( 'NONE', #7913, 1000.000000000000000 ) ;
#8800 = DIRECTION ( 'NONE',  ( -0.007092178509963972290, 0.0000000000000000000, 0.9999748501857348426 ) ) ;
#8801 = DIRECTION ( 'NONE',  ( -0.0000000000000000000, 1.000000000000000000, -0.0000000000000000000 ) ) ;
#8802 = FILL_AREA_STYLE_COLOUR ( '', #3297 ) ;
#8803 = ORIENTED_EDGE ( 'NONE', *, *, #10019, .F. ) ;
#8804 = EDGE_CURVE ( 'NONE', #1949, #8298, #10165, .T. ) ;
#8805 = CARTESIAN_POINT ( 'NONE',  ( -0.1311624672671914960, 0.9810000000000003162, 0.3013519234333387753 ) ) ;
#8806 = VECTOR ( 'NONE', #1237, 1000.000000000000000 ) ;
#8807 = CIRCLE ( 'NONE', #8237, 0.01999999999999999695 ) ;
#8808 = CARTESIAN_POINT ( 'NONE',  ( -0.2471779074722782188, 0.9800000000000004263, 0.2649164962434449322 ) ) ;
#8809 =( NAMED_UNIT ( * ) PLANE_ANGLE_UNIT ( ) SI_UNIT ( $, .RADIAN. ) );
#8810 = CARTESIAN_POINT ( 'NONE',  ( -0.1406043819388396454, 0.9810000000000003162, 0.2307096144780721170 ) ) ;
#8811 = AXIS2_PLACEMENT_3D ( 'NONE', #4053, #5195, #11448 ) ;
#8812 = PLANE ( 'NONE',  #10326 ) ;
#8813 =( GEOMETRIC_REPRESENTATION_CONTEXT ( 3 ) GLOBAL_UNCERTAINTY_ASSIGNED_CONTEXT ( ( #1048 ) ) GLOBAL_UNIT_ASSIGNED_CONTEXT ( ( #473, #11513, #11575 ) ) REPRESENTATION_CONTEXT ( 'NONE', 'WORKASPACE' ) );
#8814 =( NAMED_UNIT ( * ) PLANE_ANGLE_UNIT ( ) SI_UNIT ( $, .RADIAN. ) );
#8815 = ORIENTED_EDGE ( 'NONE', *, *, #1634, .F. ) ;
#8816 = CARTESIAN_POINT ( 'NONE',  ( -0.1292355428020206254, 0.9810000000000003162, 0.2367430101241767837 ) ) ;
#8817 = EDGE_CURVE ( 'NONE', #4450, #10315, #9469, .T. ) ;
#8818 = FACE_OUTER_BOUND ( 'NONE', #10921, .T. ) ;
#8819 = CARTESIAN_POINT ( 'NONE',  ( -0.1961842349277509723, 0.9800000000000004263, 0.3209845929408485232 ) ) ;
#8820 = CARTESIAN_POINT ( 'NONE',  ( 0.06150595553267604321, 0.9800000000000004263, 0.2384973650103970610 ) ) ;
#8821 = ORIENTED_EDGE ( 'NONE', *, *, #1245, .F. ) ;
#8822 = EDGE_LOOP ( 'NONE', ( #4214, #4721, #2786, #7775, #7958, #6877, #1981 ) ) ;
#8823 = CARTESIAN_POINT ( 'NONE',  ( -0.1286046035131483412, 0.9810000000000003162, 0.2192531180488545839 ) ) ;
#8824 = B_SPLINE_CURVE_WITH_KNOTS ( 'NONE', 3,
 ( #10715, #2576, #2522, #8921 ),
 .UNSPECIFIED., .F., .F.,
 ( 4, 4 ),
 ( 1.000000000000000000, 2.000000000000000000 ),
 .UNSPECIFIED. ) ;
#8825 = DIRECTION ( 'NONE',  ( -0.0000000000000000000, -1.000000000000000000, -0.0000000000000000000 ) ) ;
#8826 = EDGE_CURVE ( 'NONE', #9870, #2562, #3080, .T. ) ;
#8827 = CARTESIAN_POINT ( 'NONE',  ( -0.1286046035131483412, 0.9800000000000004263, 0.2192531180488545839 ) ) ;
#8828 = DIRECTION ( 'NONE',  ( -0.4567202763531394427, 0.0000000000000000000, -0.8896103580601520955 ) ) ;
#8829 = ORIENTED_EDGE ( 'NONE', *, *, #7398, .F. ) ;
#8830 = MECHANICAL_DESIGN_GEOMETRIC_PRESENTATION_REPRESENTATION (  '', ( #10181 ), #6729 ) ;
#8831 = CARTESIAN_POINT ( 'NONE',  ( -0.04685089958738627297, 0.9800000000000004263, 0.2154918460151248050 ) ) ;
#8832 = VERTEX_POINT ( 'NONE', #5817 ) ;
#8833 = STYLED_ITEM ( 'NONE', ( #4286 ), #833 ) ;
#8834 = CARTESIAN_POINT ( 'NONE',  ( 0.5800000000000001821, 0.9999999999999995559, 0.5500000000000000444 ) ) ;
#8835 = SURFACE_SIDE_STYLE ('',( #6182 ) ) ;
#8836 = ORIENTED_EDGE ( 'NONE', *, *, #6232, .T. ) ;
#8837 = LINE ( 'NONE', #1469, #8850 ) ;
#8838 = ADVANCED_FACE ( 'NONE', ( #6597 ), #8710, .F. ) ;
#8839 = CARTESIAN_POINT ( 'NONE',  ( -0.1197313084508851294, 0.9810000000000003162, 0.2472862420182039278 ) ) ;
#8840 = LINE ( 'NONE', #674, #2033 ) ;
#8841 =( GEOMETRIC_REPRESENTATION_CONTEXT ( 3 ) GLOBAL_UNCERTAINTY_ASSIGNED_CONTEXT ( ( #78 ) ) GLOBAL_UNIT_ASSIGNED_CONTEXT ( ( #4770, #8454, #6650 ) ) REPRESENTATION_CONTEXT ( 'NONE', 'WORKASPACE' ) );
#8842 = CARTESIAN_POINT ( 'NONE',  ( -0.1573411102404881357, 0.9800000000000004263, 0.2081835649905804664 ) ) ;
#8843 = CARTESIAN_POINT ( 'NONE',  ( 0.3817097946182765877, -1.034353464437637760, 0.5300000000000001377 ) ) ;
#8844 = ORIENTED_EDGE ( 'NONE', *, *, #3824, .F. ) ;
#8845 = VERTEX_POINT ( 'NONE', #11616 ) ;
#8846 =( NAMED_UNIT ( * ) PLANE_ANGLE_UNIT ( ) SI_UNIT ( $, .RADIAN. ) );
#8847 = FACE_OUTER_BOUND ( 'NONE', #6479, .T. ) ;
#8848 = VECTOR ( 'NONE', #5841, 1000.000000000000000 ) ;
#8849 = ORIENTED_EDGE ( 'NONE', *, *, #7469, .T. ) ;
#8850 = VECTOR ( 'NONE', #5277, 1000.000000000000000 ) ;
#8851 = CARTESIAN_POINT ( 'NONE',  ( -0.1200913414005839730, 0.9810000000000003162, 0.2357420853957250817 ) ) ;
#8852 = ORIENTED_EDGE ( 'NONE', *, *, #476, .F. ) ;
#8853 = ORIENTED_EDGE ( 'NONE', *, *, #4189, .F. ) ;
#8854 = EDGE_CURVE ( 'NONE', #1243, #10741, #8867, .T. ) ;
#8855 = SURFACE_SIDE_STYLE ('',( #5115 ) ) ;
#8856 = COLOUR_RGB ( '',0.2235294117647058654, 0.2235294117647058654, 0.2235294117647058654 ) ;
#8857 = CARTESIAN_POINT ( 'NONE',  ( 0.06150595553267604321, 0.9800000000000004263, 0.2384973650103970610 ) ) ;
#8858 = SURFACE_STYLE_FILL_AREA ( #763 ) ;
#8859 = FILL_AREA_STYLE ('',( #8918 ) ) ;
#8860 = LINE ( 'NONE', #11435, #3523 ) ;
#8861 = MECHANICAL_DESIGN_GEOMETRIC_PRESENTATION_REPRESENTATION (  '', ( #8478 ), #4628 ) ;
#8862 =( GEOMETRIC_REPRESENTATION_CONTEXT ( 3 ) GLOBAL_UNCERTAINTY_ASSIGNED_CONTEXT ( ( #2372 ) ) GLOBAL_UNIT_ASSIGNED_CONTEXT ( ( #9408, #5025, #7544 ) ) REPRESENTATION_CONTEXT ( 'NONE', 'WORKASPACE' ) );
#8863 = DIRECTION ( 'NONE',  ( -0.0000000000000000000, -1.000000000000000000, -0.0000000000000000000 ) ) ;
#8864 = ORIENTED_EDGE ( 'NONE', *, *, #4518, .T. ) ;
#8865 = MECHANICAL_DESIGN_GEOMETRIC_PRESENTATION_REPRESENTATION (  '', ( #3090 ), #4634 ) ;
#8866 = EDGE_CURVE ( 'NONE', #2382, #10424, #5554, .T. ) ;
#8867 = LINE ( 'NONE', #1441, #1462 ) ;
#8868 = CARTESIAN_POINT ( 'NONE',  ( 0.1467067903565250908, 0.9800000000000004263, 0.3056187417824263175 ) ) ;
#8869 =( NAMED_UNIT ( * ) SI_UNIT ( $, .STERADIAN. ) SOLID_ANGLE_UNIT ( ) );
#8870 = PRESENTATION_LAYER_ASSIGNMENT (  '', '', ( #576 ) ) ;
#8871 = PRESENTATION_STYLE_ASSIGNMENT (( #4284 ) ) ;
#8872 = CARTESIAN_POINT ( 'NONE',  ( -0.1573411102404881079, 0.9800000000000004263, 0.2081835649905804664 ) ) ;
#8873 = FILL_AREA_STYLE ('',( #9950 ) ) ;
#8874 = MECHANICAL_DESIGN_GEOMETRIC_PRESENTATION_REPRESENTATION (  '', ( #10979 ), #5218 ) ;
#8875 = SURFACE_SIDE_STYLE ('',( #1508 ) ) ;
#8876 = VECTOR ( 'NONE', #1911, 1000.000000000000000 ) ;
#8877 = CARTESIAN_POINT ( 'NONE',  ( -0.5999999999999994227, 0.9999999999999995559, 0.5500000000000000444 ) ) ;
#8878 = PRESENTATION_LAYER_ASSIGNMENT (  '', '', ( #8495 ) ) ;
#8879 = SURFACE_STYLE_FILL_AREA ( #5201 ) ;
#8880 = CARTESIAN_POINT ( 'NONE',  ( 0.06765124920874769632, 0.9800000000000004263, 0.2385409496262888840 ) ) ;
#8881 = ORIENTED_EDGE ( 'NONE', *, *, #3331, .T. ) ;
#8882 = EDGE_LOOP ( 'NONE', ( #2073, #1055, #7718, #4784, #4626, #8373, #11109, #8439, #8548, #9163, #7382, #11011, #7644, #10134, #9449, #7621, #7250, #9371, #4314, #4280, #11654 ) ) ;
#8883 = UNCERTAINTY_MEASURE_WITH_UNIT (LENGTH_MEASURE( 1.000000000000000082E-05 ), #6937, 'distance_accuracy_value', 'NONE');
#8884 = CARTESIAN_POINT ( 'NONE',  ( 0.1577257532260294970, 0.9810000000000003162, 0.3320868017686833262 ) ) ;
#8885 = CARTESIAN_POINT ( 'NONE',  ( -0.1213867636525516047, 0.9810000000000003162, 0.2204740666201408517 ) ) ;
#8886 = CARTESIAN_POINT ( 'NONE',  ( -0.09161716421311497105, 0.9810000000000003162, 0.2471477077409179324 ) ) ;
#8887 = B_SPLINE_CURVE_WITH_KNOTS ( 'NONE', 3,
 ( #8884, #3273, #10566, #9721 ),
 .UNSPECIFIED., .F., .F.,
 ( 4, 4 ),
 ( 4.000000000000000000, 5.000000000000000000 ),
 .UNSPECIFIED. ) ;
#8888 = ADVANCED_FACE ( 'NONE', ( #5126 ), #11501, .F. ) ;
#8889 = CARTESIAN_POINT ( 'NONE',  ( -0.2314884647984113697, 0.9810000000000003162, 0.2591789859950905939 ) ) ;
#8890 = ORIENTED_EDGE ( 'NONE', *, *, #1401, .T. ) ;
#8891 = FILL_AREA_STYLE_COLOUR ( '', #9245 ) ;
#8892 = CARTESIAN_POINT ( 'NONE',  ( 0.2499999999999994171, -1.000000000000000444, 0.02000000000000000042 ) ) ;
#8893 = CARTESIAN_POINT ( 'NONE',  ( -0.08863871572542110500, 0.9800000000000004263, 0.2212002248946726146 ) ) ;
#8894 = CARTESIAN_POINT ( 'NONE',  ( 0.1471452137234624813, 0.9810000000000003162, 0.1928320125314076650 ) ) ;
#8895 = ADVANCED_FACE ( 'NONE', ( #3196 ), #5187, .F. ) ;
#8896 = EDGE_LOOP ( 'NONE', ( #1144, #4294, #7497, #9478 ) ) ;
#8897 = UNCERTAINTY_MEASURE_WITH_UNIT (LENGTH_MEASURE( 1.000000000000000082E-05 ), #8408, 'distance_accuracy_value', 'NONE');
#8898 = PRESENTATION_LAYER_ASSIGNMENT (  '', '', ( #1919 ) ) ;
#8899 = VECTOR ( 'NONE', #10104, 1000.000000000000000 ) ;
#8900 = B_SPLINE_SURFACE_WITH_KNOTS ( 'NONE', 3, 1, ( 
 ( #8619, #3003 ),
 ( #10372, #1600 ),
 ( #10651, #3303 ),
 ( #5177, #5240 ),
 ( #2568, #11726 ),
 ( #7960, #2451 ),
 ( #690, #4380 ) ),
 .UNSPECIFIED., .F., .F., .F.,
 ( 4, 3, 4 ),
 ( 2, 2 ),
 ( 0.0000000000000000000, 1.000000000000000000, 2.000000000000000000 ),
 ( 0.0000000000000000000, 1.000000000000000000 ),
 .UNSPECIFIED. ) ;
#8901 = CARTESIAN_POINT ( 'NONE',  ( -0.09660557314164537612, 0.9810000000000003162, 0.2522852538963212821 ) ) ;
#8902 = EDGE_CURVE ( 'NONE', #3525, #2091, #5703, .T. ) ;
#8903 = CARTESIAN_POINT ( 'NONE',  ( -0.1012904573062684277, 0.9810000000000003162, 0.3007579537369385325 ) ) ;
#8904 = DIRECTION ( 'NONE',  ( -0.0000000000000000000, -1.000000000000000000, -0.0000000000000000000 ) ) ;
#8905 = DIRECTION ( 'NONE',  ( -0.0000000000000000000, -1.000000000000000000, -0.0000000000000000000 ) ) ;
#8906 = ORIENTED_EDGE ( 'NONE', *, *, #838, .F. ) ;
#8907 = VERTEX_POINT ( 'NONE', #9822 ) ;
#8908 = PRESENTATION_STYLE_ASSIGNMENT (( #2383 ) ) ;
#8909 = SURFACE_SIDE_STYLE ('',( #2273 ) ) ;
#8910 = ORIENTED_EDGE ( 'NONE', *, *, #173, .F. ) ;
#8911 = SURFACE_STYLE_FILL_AREA ( #3299 ) ;
#8912 = VERTEX_POINT ( 'NONE', #3539 ) ;
#8913 = VERTEX_POINT ( 'NONE', #2637 ) ;
#8914 = CARTESIAN_POINT ( 'NONE',  ( -0.2586451891742486686, 0.9800000000000004263, 0.2581025643573647277 ) ) ;
#8915 = FILL_AREA_STYLE_COLOUR ( '', #7446 ) ;
#8916 = CARTESIAN_POINT ( 'NONE',  ( 0.1467067903565250908, 0.9800000000000004263, 0.3056187417824263175 ) ) ;
#8917 = SURFACE_SIDE_STYLE ('',( #8858 ) ) ;
#8918 = FILL_AREA_STYLE_COLOUR ( '', #10432 ) ;
#8919 = SURFACE_STYLE_FILL_AREA ( #6208 ) ;
#8920 = ADVANCED_FACE ( 'NONE', ( #7229 ), #7285, .F. ) ;
#8921 = CARTESIAN_POINT ( 'NONE',  ( -0.2919442581832067951, 0.9810000000000003162, 0.2581003468908734111 ) ) ;
#8922 = EDGE_LOOP ( 'NONE', ( #11823, #9175, #11737, #7772 ) ) ;
#8923 = DIRECTION ( 'NONE',  ( -0.0000000000000000000, -1.000000000000000000, -0.0000000000000000000 ) ) ;
#8924 = CARTESIAN_POINT ( 'NONE',  ( -0.08397118691812412161, 0.9800000000000004263, 0.3401066420994613426 ) ) ;
#8925 = CARTESIAN_POINT ( 'NONE',  ( -0.05357662199022229788, 0.9810000000000003162, 0.2383453888603684345 ) ) ;
#8926 =( NAMED_UNIT ( * ) SI_UNIT ( $, .STERADIAN. ) SOLID_ANGLE_UNIT ( ) );
#8927 = CARTESIAN_POINT ( 'NONE',  ( -0.1904708755964152622, 0.9810000000000003162, 0.3437443959815647543 ) ) ;
#8928 = CARTESIAN_POINT ( 'NONE',  ( -0.1944046177862706892, 0.9800000000000004263, 0.3321229041344889166 ) ) ;
#8929 = ADVANCED_FACE ( 'NONE', ( #1831 ), #10004, .F. ) ;
#8930 = DIRECTION ( 'NONE',  ( -0.3592492403233704112, -0.0000000000000000000, -0.9332416532319383062 ) ) ;
#8931 = CARTESIAN_POINT ( 'NONE',  ( -0.1906467391812632917, 0.9810000000000003162, 0.3062329384880760896 ) ) ;
#8932 = CARTESIAN_POINT ( 'NONE',  ( -0.1353248883515932033, 0.9800000000000004263, 0.2468377169628530876 ) ) ;
#8933 = VERTEX_POINT ( 'NONE', #36 ) ;
#8934 = CARTESIAN_POINT ( 'NONE',  ( -0.2661852694723765844, 0.9800000000000004263, 0.2400088338596155779 ) ) ;
#8935 = PLANE ( 'NONE',  #11913 ) ;
#8936 = CARTESIAN_POINT ( 'NONE',  ( -0.1754940304656119054, 0.9800000000000004263, 0.3010375081660242591 ) ) ;
#8937 = DIRECTION ( 'NONE',  ( -0.0000000000000000000, -1.000000000000000000, -0.0000000000000000000 ) ) ;
#8938 = ORIENTED_EDGE ( 'NONE', *, *, #11391, .T. ) ;
#8939 = DIRECTION ( 'NONE',  ( 0.007092178509964379950, 0.0000000000000000000, -0.9999748501857348426 ) ) ;
#8940 = CARTESIAN_POINT ( 'NONE',  ( -0.2909312565452122357, 0.9800000000000004263, 0.2545462710318336930 ) ) ;
#8941 = CARTESIAN_POINT ( 'NONE',  ( 0.06816912314175932464, 0.9810000000000003162, 0.2164927691375066743 ) ) ;
#8942 = CARTESIAN_POINT ( 'NONE',  ( 0.1272633901649289634, 0.9810000000000003162, 0.1926910035432770896 ) ) ;
#8943 = EDGE_CURVE ( 'NONE', #770, #10272, #8095, .T. ) ;
#8944 = ORIENTED_EDGE ( 'NONE', *, *, #6035, .F. ) ;
#8945 = CARTESIAN_POINT ( 'NONE',  ( -0.1356237158666682430, 0.9810000000000003162, 0.2266637866773915377 ) ) ;
#8946 = CARTESIAN_POINT ( 'NONE',  ( -0.1147336061947704239, 0.9800000000000004263, 0.3452953411902958680 ) ) ;
#8947 =( LENGTH_UNIT ( ) NAMED_UNIT ( * ) SI_UNIT ( .MILLI., .METRE. ) );
#8948 = LINE ( 'NONE', #7160, #7122 ) ;
#8949 = FACE_OUTER_BOUND ( 'NONE', #4643, .T. ) ;
#8950 = CARTESIAN_POINT ( 'NONE',  ( -0.1004322965474254703, 0.9800000000000004263, 0.2164115577089509856 ) ) ;
#8951 = ORIENTED_EDGE ( 'NONE', *, *, #278, .F. ) ;
#8952 = ORIENTED_EDGE ( 'NONE', *, *, #8222, .F. ) ;
#8953 = SURFACE_SIDE_STYLE ('',( #5234 ) ) ;
#8954 = EDGE_LOOP ( 'NONE', ( #10343, #1958, #8944, #1581 ) ) ;
#8955 = ADVANCED_FACE ( 'NONE', ( #2746 ), #9098, .F. ) ;
#8956 = COLOUR_RGB ( '',0.2235294117647058654, 0.2235294117647058654, 0.2235294117647058654 ) ;
#8957 = MECHANICAL_DESIGN_GEOMETRIC_PRESENTATION_REPRESENTATION (  '', ( #9922 ), #5498 ) ;
#8958 = ORIENTED_EDGE ( 'NONE', *, *, #7634, .F. ) ;
#8959 = VERTEX_POINT ( 'NONE', #10060 ) ;
#8960 = VECTOR ( 'NONE', #321, 1000.000000000000000 ) ;
#8961 = B_SPLINE_SURFACE_WITH_KNOTS ( 'NONE', 3, 1, ( 
 ( #1870, #5640 ),
 ( #2134, #6547 ),
 ( #10158, #1040 ),
 ( #2000, #5577 ) ),
 .UNSPECIFIED., .F., .F., .F.,
 ( 4, 4 ),
 ( 2, 2 ),
 ( 28.00000000000000000, 29.00000000000000000 ),
 ( 0.0000000000000000000, 1.000000000000000000 ),
 .UNSPECIFIED. ) ;
#8962 = FILL_AREA_STYLE_COLOUR ( '', #2013 ) ;
#8963 = SURFACE_STYLE_USAGE ( .BOTH. , #9812 ) ;
#8964 = DIRECTION ( 'NONE',  ( -0.0000000000000000000, -1.000000000000000000, -0.0000000000000000000 ) ) ;
#8965 = CARTESIAN_POINT ( 'NONE',  ( -0.1482606923248738773, 0.9800000000000004263, 0.1978501258882068847 ) ) ;
#8966 = EDGE_CURVE ( 'NONE', #11693, #9441, #4510, .T. ) ;
#8967 = ORIENTED_EDGE ( 'NONE', *, *, #9745, .F. ) ;
#8968 = CARTESIAN_POINT ( 'NONE',  ( -0.1325413023246454214, 0.9800000000000004263, 0.2520303848801613289 ) ) ;
#8969 = MECHANICAL_DESIGN_GEOMETRIC_PRESENTATION_REPRESENTATION (  '', ( #2611 ), #6864 ) ;
#8970 = SURFACE_STYLE_FILL_AREA ( #7223 ) ;
#8971 = COLOUR_RGB ( '',0.2235294117647058654, 0.2235294117647058654, 0.2235294117647058654 ) ;
#8972 = CARTESIAN_POINT ( 'NONE',  ( -0.1262595874407420882, 0.9810000000000003162, 0.2386357279820021660 ) ) ;
#8973 = ORIENTED_EDGE ( 'NONE', *, *, #5602, .T. ) ;
#8974 = B_SPLINE_CURVE_WITH_KNOTS ( 'NONE', 3,
 ( #4240, #6114, #9899, #5324 ),
 .UNSPECIFIED., .F., .F.,
 ( 4, 4 ),
 ( 28.00000000000000000, 29.00000000000000000 ),
 .UNSPECIFIED. ) ;
#8975 = SURFACE_STYLE_FILL_AREA ( #5428 ) ;
#8976 = CARTESIAN_POINT ( 'NONE',  ( 0.1964433901000034455, 0.9800000000000004263, 0.3269388128004312999 ) ) ;
#8977 =( NAMED_UNIT ( * ) SI_UNIT ( $, .STERADIAN. ) SOLID_ANGLE_UNIT ( ) );
#8978 = STYLED_ITEM ( 'NONE', ( #11394 ), #3484 ) ;
#8979 = EDGE_CURVE ( 'NONE', #7995, #6210, #9148, .T. ) ;
#8980 = COLOUR_RGB ( '',0.2235294117647058654, 0.2235294117647058654, 0.2235294117647058654 ) ;
#8981 = FILL_AREA_STYLE_COLOUR ( '', #10522 ) ;
#8982 = CARTESIAN_POINT ( 'NONE',  ( -0.07648797249033079115, 0.9810000000000003162, 0.3204038184596204597 ) ) ;
#8983 = SURFACE_STYLE_FILL_AREA ( #4515 ) ;
#8984 = CARTESIAN_POINT ( 'NONE',  ( -0.2141639342374535293, 0.9800000000000004263, 0.2593018577486319587 ) ) ;
#8985 = CARTESIAN_POINT ( 'NONE',  ( -0.2538087766958543878, 0.9810000000000003162, 0.2542376756705261309 ) ) ;
#8986 = PLANE ( 'NONE',  #9573 ) ;
#8987 =( LENGTH_UNIT ( ) NAMED_UNIT ( * ) SI_UNIT ( .MILLI., .METRE. ) );
#8988 = PRESENTATION_LAYER_ASSIGNMENT (  '', '', ( #4373 ) ) ;
#8989 = SURFACE_STYLE_FILL_AREA ( #5314 ) ;
#8990 = CARTESIAN_POINT ( 'NONE',  ( -0.1683899403307217713, 0.9800000000000004263, 0.3402877522229448837 ) ) ;
#8991 = VECTOR ( 'NONE', #7171, 1000.000000000000114 ) ;
#8992 = ORIENTED_EDGE ( 'NONE', *, *, #9121, .F. ) ;
#8993 = UNCERTAINTY_MEASURE_WITH_UNIT (LENGTH_MEASURE( 1.000000000000000082E-05 ), #10197, 'distance_accuracy_value', 'NONE');
#8994 = MECHANICAL_DESIGN_GEOMETRIC_PRESENTATION_REPRESENTATION (  '', ( #1665 ), #9379 ) ;
#8995 = CARTESIAN_POINT ( 'NONE',  ( -0.1248615691533271205, 0.9800000000000004263, 0.2192796649843538337 ) ) ;
#8996 = EDGE_CURVE ( 'NONE', #3286, #5046, #5543, .T. ) ;
#8997 = UNCERTAINTY_MEASURE_WITH_UNIT (LENGTH_MEASURE( 1.000000000000000082E-05 ), #8449, 'distance_accuracy_value', 'NONE');
#8998 = PRESENTATION_STYLE_ASSIGNMENT (( #11807 ) ) ;
#8999 = VECTOR ( 'NONE', #3714, 1000.000000000000000 ) ;
#9000 = VERTEX_POINT ( 'NONE', #2805 ) ;
#9001 =( NAMED_UNIT ( * ) SI_UNIT ( $, .STERADIAN. ) SOLID_ANGLE_UNIT ( ) );
#9002 = CARTESIAN_POINT ( 'NONE',  ( 0.0000000000000000000, 0.9810000000000003162, 0.0000000000000000000 ) ) ;
#9003 = PLANE ( 'NONE',  #9192 ) ;
#9004 = MECHANICAL_DESIGN_GEOMETRIC_PRESENTATION_REPRESENTATION (  '', ( #3986 ), #11494 ) ;
#9005 = SURFACE_STYLE_USAGE ( .BOTH. , #10810 ) ;
#9006 = ORIENTED_EDGE ( 'NONE', *, *, #9541, .F. ) ;
#9007 = UNCERTAINTY_MEASURE_WITH_UNIT (LENGTH_MEASURE( 1.000000000000000082E-05 ), #3143, 'distance_accuracy_value', 'NONE');
#9008 = LINE ( 'NONE', #4428, #1521 ) ;
#9009 =( NAMED_UNIT ( * ) PLANE_ANGLE_UNIT ( ) SI_UNIT ( $, .RADIAN. ) );
#9010 = FACE_OUTER_BOUND ( 'NONE', #2739, .T. ) ;
#9011 = CARTESIAN_POINT ( 'NONE',  ( -0.09156868904808851406, 0.9800000000000004263, 0.3026205315020250586 ) ) ;
#9012 = CARTESIAN_POINT ( 'NONE',  ( -0.1507804757224739389, 0.9810000000000003162, 0.2031091588234313072 ) ) ;
#9013 = VECTOR ( 'NONE', #1173, 1000.000000000000000 ) ;
#9014 = LINE ( 'NONE', #1700, #8724 ) ;
#9015 = EDGE_CURVE ( 'NONE', #10678, #138, #10115, .T. ) ;
#9016 = CARTESIAN_POINT ( 'NONE',  ( -0.1461948790893620176, 0.9810000000000003162, 0.2511017215875920860 ) ) ;
#9017 = VERTEX_POINT ( 'NONE', #9882 ) ;
#9018 = VERTEX_POINT ( 'NONE', #940 ) ;
#9019 = LINE ( 'NONE', #8136, #4031 ) ;
#9020 = FILL_AREA_STYLE ('',( #3755 ) ) ;
#9021 = ORIENTED_EDGE ( 'NONE', *, *, #2005, .T. ) ;
#9022 =( NAMED_UNIT ( * ) PLANE_ANGLE_UNIT ( ) SI_UNIT ( $, .RADIAN. ) );
#9023 = ORIENTED_EDGE ( 'NONE', *, *, #2626, .F. ) ;
#9024 =( GEOMETRIC_REPRESENTATION_CONTEXT ( 3 ) GLOBAL_UNCERTAINTY_ASSIGNED_CONTEXT ( ( #10952 ) ) GLOBAL_UNIT_ASSIGNED_CONTEXT ( ( #8711, #4113, #11754 ) ) REPRESENTATION_CONTEXT ( 'NONE', 'WORKASPACE' ) );
#9025 = ORIENTED_EDGE ( 'NONE', *, *, #4059, .T. ) ;
#9026 =( GEOMETRIC_REPRESENTATION_CONTEXT ( 3 ) GLOBAL_UNCERTAINTY_ASSIGNED_CONTEXT ( ( #3938 ) ) GLOBAL_UNIT_ASSIGNED_CONTEXT ( ( #602, #6225, #3270 ) ) REPRESENTATION_CONTEXT ( 'NONE', 'WORKASPACE' ) );
#9027 = SURFACE_STYLE_FILL_AREA ( #5413 ) ;
#9028 = CARTESIAN_POINT ( 'NONE',  ( -0.2586451891742486686, 0.9810000000000003162, 0.2581025643573647277 ) ) ;
#9029 = CARTESIAN_POINT ( 'NONE',  ( -0.5799999999999994049, -0.9800000000000004263, 0.5300000000000001377 ) ) ;
#9030 =( NAMED_UNIT ( * ) SI_UNIT ( $, .STERADIAN. ) SOLID_ANGLE_UNIT ( ) );
#9031 = EDGE_CURVE ( 'NONE', #1849, #2508, #1611, .T. ) ;
#9032 = CARTESIAN_POINT ( 'NONE',  ( -0.2688206351089372226, 0.9800000000000004263, 0.2139175574339311214 ) ) ;
#9033 = ORIENTED_EDGE ( 'NONE', *, *, #7453, .T. ) ;
#9034 = VERTEX_POINT ( 'NONE', #1668 ) ;
#9035 = SURFACE_STYLE_FILL_AREA ( #8200 ) ;
#9036 = ADVANCED_FACE ( 'NONE', ( #5364 ), #10713, .F. ) ;
#9038 = VECTOR ( 'NONE', #6804, 1000.000000000000000 ) ;
#9037 = CARTESIAN_POINT ( 'NONE',  ( -0.005569245625948512218, 0.9810000000000003162, 0.2662191137651554462 ) ) ;
#9039 = CARTESIAN_POINT ( 'NONE',  ( 0.2077289880150376966, 0.9810000000000003162, 0.3158121704912326133 ) ) ;
#9040 = SURFACE_SIDE_STYLE ('',( #2401 ) ) ;
#9041 = VECTOR ( 'NONE', #3034, 1000.000000000000000 ) ;
#9042 = DIRECTION ( 'NONE',  ( -1.000000000000000000, 0.0000000000000000000, -0.0000000000000000000 ) ) ;
#9043 = COLOUR_RGB ( '',0.2235294117647058654, 0.2235294117647058654, 0.2235294117647058654 ) ;
#9044 = EDGE_CURVE ( 'NONE', #2688, #5468, #6723, .T. ) ;
#9045 = VECTOR ( 'NONE', #9963, 1000.000000000000000 ) ;
#9046 = CARTESIAN_POINT ( 'NONE',  ( 0.6000000000000003109, 0.9999999999999995559, 0.02000000000000005246 ) ) ;
#9047 = DIRECTION ( 'NONE',  ( -0.9999748501857348426, -0.0000000000000000000, -0.007092178509962867271 ) ) ;
#9048 = CARTESIAN_POINT ( 'NONE',  ( 0.09802132204498795187, 0.9810000000000003162, 0.3399779926670717933 ) ) ;
#9049 = CARTESIAN_POINT ( 'NONE',  ( 0.1807789363790551496, 0.9800000000000004263, 0.2418738492965728792 ) ) ;
#9050 = VECTOR ( 'NONE', #9803, 1000.000000000000000 ) ;
#9051 = PLANE ( 'NONE',  #7145 ) ;
#9052 =( GEOMETRIC_REPRESENTATION_CONTEXT ( 3 ) GLOBAL_UNCERTAINTY_ASSIGNED_CONTEXT ( ( #5774 ) ) GLOBAL_UNIT_ASSIGNED_CONTEXT ( ( #6271, #8097, #3659 ) ) REPRESENTATION_CONTEXT ( 'NONE', 'WORKASPACE' ) );
#9053 = CARTESIAN_POINT ( 'NONE',  ( -0.1426932463513330973, 0.9800000000000004263, 0.2246900465209392683 ) ) ;
#9054 = COLOUR_RGB ( '',0.2235294117647058654, 0.2235294117647058654, 0.2235294117647058654 ) ;
#9055 = ORIENTED_EDGE ( 'NONE', *, *, #8601, .T. ) ;
#9056 =( GEOMETRIC_REPRESENTATION_CONTEXT ( 3 ) GLOBAL_UNCERTAINTY_ASSIGNED_CONTEXT ( ( #8993 ) ) GLOBAL_UNIT_ASSIGNED_CONTEXT ( ( #10197, #6649, #11139 ) ) REPRESENTATION_CONTEXT ( 'NONE', 'WORKASPACE' ) );
#9057 = CARTESIAN_POINT ( 'NONE',  ( -0.1279438937094599937, 0.9810000000000003162, 0.2140588837051433935 ) ) ;
#9058 = STYLED_ITEM ( 'NONE', ( #11399 ), #4421 ) ;
#9059 = FILL_AREA_STYLE_COLOUR ( '', #10993 ) ;
#9060 = CARTESIAN_POINT ( 'NONE',  ( -0.1249186454851472783, 0.9810000000000003162, 0.3464448515351556401 ) ) ;
#9061 = AXIS2_PLACEMENT_3D ( 'NONE', #1993, #1929, #9117 ) ;
#9062 = ORIENTED_EDGE ( 'NONE', *, *, #2197, .T. ) ;
#9063 = EDGE_CURVE ( 'NONE', #1546, #6315, #7583, .T. ) ;
#9064 = CARTESIAN_POINT ( 'NONE',  ( -0.09300910346929261441, 0.9800000000000004263, 0.2949679026787432323 ) ) ;
#9065 = B_SPLINE_SURFACE_WITH_KNOTS ( 'NONE', 3, 1, ( 
 ( #6419, #5632 ),
 ( #8228, #6472 ),
 ( #9294, #1031 ),
 ( #10083, #4605 ) ),
 .UNSPECIFIED., .F., .F., .F.,
 ( 4, 4 ),
 ( 2, 2 ),
 ( 15.00000000000000000, 16.00000000000000000 ),
 ( 0.0000000000000000000, 1.000000000000000000 ),
 .UNSPECIFIED. ) ;
#9066 = CARTESIAN_POINT ( 'NONE',  ( 0.2197914174653515518, 0.9800000000000004263, 0.2461270851575140806 ) ) ;
#9067 = CARTESIAN_POINT ( 'NONE',  ( 0.1813122104065303664, 0.9800000000000004263, 0.2176567344499826251 ) ) ;
#9068 = ORIENTED_EDGE ( 'NONE', *, *, #8466, .T. ) ;
#9069 = SURFACE_STYLE_USAGE ( .BOTH. , #8234 ) ;
#9071 =( LENGTH_UNIT ( ) NAMED_UNIT ( * ) SI_UNIT ( .MILLI., .METRE. ) );
#9070 = COLOUR_RGB ( '',0.2235294117647058654, 0.2235294117647058654, 0.2235294117647058654 ) ;
#9072 = DIRECTION ( 'NONE',  ( -0.007092178509965165779, 0.0000000000000000000, 0.9999748501857348426 ) ) ;
#9073 =( NAMED_UNIT ( * ) SI_UNIT ( $, .STERADIAN. ) SOLID_ANGLE_UNIT ( ) );
#9074 = FACE_OUTER_BOUND ( 'NONE', #10296, .T. ) ;
#9075 = ORIENTED_EDGE ( 'NONE', *, *, #5278, .T. ) ;
#9076 = EDGE_CURVE ( 'NONE', #6785, #328, #7595, .T. ) ;
#9077 = PLANE ( 'NONE',  #5009 ) ;
#9078 = B_SPLINE_CURVE_WITH_KNOTS ( 'NONE', 3,
 ( #6252, #8070, #6307, #8781 ),
 .UNSPECIFIED., .F., .F.,
 ( 4, 4 ),
 ( 1.000000000000000000, 2.000000000000000000 ),
 .UNSPECIFIED. ) ;
#9079 = FILL_AREA_STYLE_COLOUR ( '', #3855 ) ;
#9080 = AXIS2_PLACEMENT_3D ( 'NONE', #9518, #4950, #7728 ) ;
#9081 = ORIENTED_EDGE ( 'NONE', *, *, #6687, .T. ) ;
#9082 = CARTESIAN_POINT ( 'NONE',  ( -0.1146849368130240243, 0.9800000000000004263, 0.3384331115309418547 ) ) ;
#9083 = PRESENTATION_LAYER_ASSIGNMENT (  '', '', ( #2337 ) ) ;
#9084 = ORIENTED_EDGE ( 'NONE', *, *, #231, .F. ) ;
#9085 = FACE_OUTER_BOUND ( 'NONE', #11900, .T. ) ;
#9086 =( NAMED_UNIT ( * ) PLANE_ANGLE_UNIT ( ) SI_UNIT ( $, .RADIAN. ) );
#9087 = FILL_AREA_STYLE_COLOUR ( '', #10814 ) ;
#9088 = MECHANICAL_DESIGN_GEOMETRIC_PRESENTATION_REPRESENTATION (  '', ( #4477 ), #4867 ) ;
#9089 = SURFACE_STYLE_FILL_AREA ( #3708 ) ;
#9090 = ORIENTED_EDGE ( 'NONE', *, *, #10063, .T. ) ;
#9091 = CARTESIAN_POINT ( 'NONE',  ( -0.1952843293647865686, 0.9810000000000003162, 0.3022228729883505438 ) ) ;
#9092 = SURFACE_SIDE_STYLE ('',( #4453 ) ) ;
#9093 = ORIENTED_EDGE ( 'NONE', *, *, #3929, .T. ) ;
#9094 = DIRECTION ( 'NONE',  ( 0.9999748501857348426, -0.0000000000000000000, 0.007092178509964379082 ) ) ;
#9095 = EDGE_LOOP ( 'NONE', ( #9387, #2977, #4997, #7883, #10472, #508, #11086, #7201, #10217, #8012, #5067, #6840, #11187, #10626, #8829 ) ) ;
#9096 = VECTOR ( 'NONE', #6414, 1000.000000000000000 ) ;
#9097 = ADVANCED_FACE ( 'NONE', ( #6639 ), #3966, .F. ) ;
#9098 = PLANE ( 'NONE',  #485 ) ;
#9099 = LINE ( 'NONE', #2747, #4430 ) ;
#9100 =( NAMED_UNIT ( * ) SI_UNIT ( $, .STERADIAN. ) SOLID_ANGLE_UNIT ( ) );
#9101 = CARTESIAN_POINT ( 'NONE',  ( -0.1385436276972784042, 0.9810000000000003162, 0.2168691073937580316 ) ) ;
#9102 = CARTESIAN_POINT ( 'NONE',  ( -0.1183096952081277298, 0.9800000000000004263, 0.2392639926912618620 ) ) ;
#9103 = FILL_AREA_STYLE ('',( #6340 ) ) ;
#9104 = CARTESIAN_POINT ( 'NONE',  ( 0.04214456966764371093, 0.9810000000000003162, 0.2159466933483633611 ) ) ;
#9105 =( GEOMETRIC_REPRESENTATION_CONTEXT ( 3 ) GLOBAL_UNCERTAINTY_ASSIGNED_CONTEXT ( ( #6466 ) ) GLOBAL_UNIT_ASSIGNED_CONTEXT ( ( #1908, #6770, #6251 ) ) REPRESENTATION_CONTEXT ( 'NONE', 'WORKASPACE' ) );
#9106 = DIRECTION ( 'NONE',  ( -0.0000000000000000000, -0.0000000000000000000, -1.000000000000000000 ) ) ;
#9107 = CARTESIAN_POINT ( 'NONE',  ( -0.2286897739503591098, 0.9810000000000003162, 0.3392102192413882777 ) ) ;
#9108 = LINE ( 'NONE', #1786, #7476 ) ;
#9109 = EDGE_CURVE ( 'NONE', #1965, #7577, #2105, .T. ) ;
#9110 = EDGE_CURVE ( 'NONE', #7380, #10163, #2347, .T. ) ;
#9111 = ORIENTED_EDGE ( 'NONE', *, *, #1000, .T. ) ;
#9112 = DIRECTION ( 'NONE',  ( 0.007092178509965772933, 0.0000000000000000000, -0.9999748501857348426 ) ) ;
#9113 =( NAMED_UNIT ( * ) SI_UNIT ( $, .STERADIAN. ) SOLID_ANGLE_UNIT ( ) );
#9114 = CARTESIAN_POINT ( 'NONE',  ( -0.2293713139836433546, 0.9810000000000003162, 0.3363459793326300518 ) ) ;
#9115 = FILL_AREA_STYLE_COLOUR ( '', #8115 ) ;
#9116 = VERTEX_POINT ( 'NONE', #8754 ) ;
#9117 = DIRECTION ( 'NONE',  ( -0.3492990577959527165, 0.0000000000000000000, -0.9370112956751693867 ) ) ;
#9118 = VECTOR ( 'NONE', #1960, 1000.000000000000000 ) ;
#9119 = CARTESIAN_POINT ( 'NONE',  ( -0.1601822152078898887, 0.9810000000000003162, 0.2147660436838172704 ) ) ;
#9121 = EDGE_CURVE ( 'NONE', #10872, #10912, #10383, .T. ) ;
#9120 = LINE ( 'NONE', #797, #6318 ) ;
#9122 = ORIENTED_EDGE ( 'NONE', *, *, #4516, .T. ) ;
#9123 = VERTEX_POINT ( 'NONE', #5986 ) ;
#9124 = UNCERTAINTY_MEASURE_WITH_UNIT (LENGTH_MEASURE( 1.000000000000000082E-05 ), #2735, 'distance_accuracy_value', 'NONE');
#9125 = B_SPLINE_CURVE_WITH_KNOTS ( 'NONE', 3,
 ( #873, #8041, #7348, #2536 ),
 .UNSPECIFIED., .F., .F.,
 ( 4, 4 ),
 ( 15.00000000000000000, 16.00000000000000000 ),
 .UNSPECIFIED. ) ;
#9126 = EDGE_CURVE ( 'NONE', #10630, #3414, #1944, .T. ) ;
#9127 = CARTESIAN_POINT ( 'NONE',  ( 0.04773351886878312439, 0.9800000000000004263, 0.2944330980640477158 ) ) ;
#9128 = SURFACE_SIDE_STYLE ('',( #7438 ) ) ;
#9129 = ORIENTED_EDGE ( 'NONE', *, *, #10149, .T. ) ;
#9130 = SURFACE_STYLE_FILL_AREA ( #5407 ) ;
#9131 = CARTESIAN_POINT ( 'NONE',  ( 0.1417074885652207239, 0.9800000000000004263, 0.3478794537793541419 ) ) ;
#9132 = EDGE_LOOP ( 'NONE', ( #1823, #134, #2993, #11095, #1058, #3650 ) ) ;
#9133 = ORIENTED_EDGE ( 'NONE', *, *, #5655, .T. ) ;
#9134 = FILL_AREA_STYLE_COLOUR ( '', #3574 ) ;
#9135 = PRESENTATION_STYLE_ASSIGNMENT (( #10171 ) ) ;
#9136 = EDGE_CURVE ( 'NONE', #8636, #3122, #11504, .T. ) ;
#9137 = SURFACE_STYLE_FILL_AREA ( #3825 ) ;
#9138 = FILL_AREA_STYLE_COLOUR ( '', #11198 ) ;
#9139 = CARTESIAN_POINT ( 'NONE',  ( 0.1807789363790551496, 0.9800000000000004263, 0.2418738492965728792 ) ) ;
#9140 = ORIENTED_EDGE ( 'NONE', *, *, #9109, .F. ) ;
#9141 = EDGE_LOOP ( 'NONE', ( #10771, #11627, #3379, #2908 ) ) ;
#9142 = CARTESIAN_POINT ( 'NONE',  ( -0.1334531839170124967, 0.9810000000000003162, 0.2284988029813187493 ) ) ;
#9143 = PRESENTATION_STYLE_ASSIGNMENT (( #870 ) ) ;
#9144 = UNCERTAINTY_MEASURE_WITH_UNIT (LENGTH_MEASURE( 1.000000000000000082E-05 ), #7739, 'distance_accuracy_value', 'NONE');
#9145 = ORIENTED_EDGE ( 'NONE', *, *, #4320, .T. ) ;
#9146 = PRESENTATION_LAYER_ASSIGNMENT (  '', '', ( #10503 ) ) ;
#9147 = EDGE_LOOP ( 'NONE', ( #3405, #8535, #8952, #1551 ) ) ;
#9148 = B_SPLINE_CURVE_WITH_KNOTS ( 'NONE', 3,
 ( #8268, #1776, #11061, #6449 ),
 .UNSPECIFIED., .F., .F.,
 ( 4, 4 ),
 ( 3.000000000000000000, 4.000000000000000000 ),
 .UNSPECIFIED. ) ;
#9149 = DIRECTION ( 'NONE',  ( -0.007092178509967527605, -0.0000000000000000000, 0.9999748501857348426 ) ) ;
#9150 = DIRECTION ( 'NONE',  ( -0.007092178509976061578, 0.0000000000000000000, 0.9999748501857348426 ) ) ;
#9151 = LINE ( 'NONE', #10191, #99 ) ;
#9152 =( NAMED_UNIT ( * ) PLANE_ANGLE_UNIT ( ) SI_UNIT ( $, .RADIAN. ) );
#9153 = MECHANICAL_DESIGN_GEOMETRIC_PRESENTATION_REPRESENTATION (  '', ( #11274 ), #9222 ) ;
#9154 = CIRCLE ( 'NONE', #8591, 0.02000000000000005246 ) ;
#9155 = B_SPLINE_SURFACE_WITH_KNOTS ( 'NONE', 3, 1, ( 
 ( #4891, #7663 ),
 ( #4766, #6588 ),
 ( #5807, #1976 ),
 ( #9581, #2102 ) ),
 .UNSPECIFIED., .F., .F., .F.,
 ( 4, 4 ),
 ( 2, 2 ),
 ( 17.00000000000000000, 18.00000000000000000 ),
 ( 0.0000000000000000000, 1.000000000000000000 ),
 .UNSPECIFIED. ) ;
#9156 = CARTESIAN_POINT ( 'NONE',  ( 0.1108810726264820301, 0.9810000000000003162, 0.2088425791007981480 ) ) ;
#9157 = SURFACE_STYLE_USAGE ( .BOTH. , #1017 ) ;
#9158 = EDGE_CURVE ( 'NONE', #10512, #6199, #8573, .T. ) ;
#9159 = CARTESIAN_POINT ( 'NONE',  ( -0.08968388737709657998, 0.9810000000000003162, 0.2311227500013562364 ) ) ;
#9160 = LINE ( 'NONE', #3669, #9834 ) ;
#9161 = CARTESIAN_POINT ( 'NONE',  ( -0.1533170416905898781, 0.9810000000000003162, 0.2510512086686566557 ) ) ;
#9162 = LINE ( 'NONE', #8167, #5370 ) ;
#9163 = ORIENTED_EDGE ( 'NONE', *, *, #6577, .F. ) ;
#9164 =( GEOMETRIC_REPRESENTATION_CONTEXT ( 3 ) GLOBAL_UNCERTAINTY_ASSIGNED_CONTEXT ( ( #8438 ) ) GLOBAL_UNIT_ASSIGNED_CONTEXT ( ( #5625, #2707, #2592 ) ) REPRESENTATION_CONTEXT ( 'NONE', 'WORKASPACE' ) );
#9165 = CARTESIAN_POINT ( 'NONE',  ( -0.05434685182712482854, 0.9810000000000003162, 0.3469453718815403986 ) ) ;
#9166 = DIRECTION ( 'NONE',  ( -0.0000000000000000000, 1.000000000000000000, -0.0000000000000000000 ) ) ;
#9167 = CARTESIAN_POINT ( 'NONE',  ( -0.1059407673163522551, 0.9810000000000003162, 0.2948761867036693296 ) ) ;
#9168 = CARTESIAN_POINT ( 'NONE',  ( -0.1318807768746755316, 0.9810000000000003162, 0.2468621438305867999 ) ) ;
#9169 = VECTOR ( 'NONE', #11009, 1000.000000000000000 ) ;
#9170 = ADVANCED_FACE ( 'NONE', ( #5869 ), #5819, .T. ) ;
#9171 = VECTOR ( 'NONE', #6018, 1000.000000000000114 ) ;
#9172 = CARTESIAN_POINT ( 'NONE',  ( -0.1760709587560318201, 0.9810000000000003162, 0.3402332756990598117 ) ) ;
#9173 = CARTESIAN_POINT ( 'NONE',  ( 0.1621738583449651716, 0.9810000000000003162, 0.2656012851959037024 ) ) ;
#9174 = DIRECTION ( 'NONE',  ( 0.007092178509950084961, 0.0000000000000000000, -0.9999748501857349536 ) ) ;
#9175 = ORIENTED_EDGE ( 'NONE', *, *, #4574, .F. ) ;
#9176 = ORIENTED_EDGE ( 'NONE', *, *, #4574, .T. ) ;
#9177 = FILL_AREA_STYLE ('',( #2775 ) ) ;
#9178 = COLOUR_RGB ( '',0.2235294117647058654, 0.2235294117647058654, 0.2235294117647058654 ) ;
#9179 = EDGE_CURVE ( 'NONE', #1655, #1796, #7274, .T. ) ;
#9180 = CARTESIAN_POINT ( 'NONE',  ( -0.1311624672671914960, 0.9800000000000004263, 0.3013519234333387753 ) ) ;
#9181 = PRESENTATION_LAYER_ASSIGNMENT (  '', '', ( #7261 ) ) ;
#9182 =( NAMED_UNIT ( * ) PLANE_ANGLE_UNIT ( ) SI_UNIT ( $, .RADIAN. ) );
#9183 =( GEOMETRIC_REPRESENTATION_CONTEXT ( 3 ) GLOBAL_UNCERTAINTY_ASSIGNED_CONTEXT ( ( #2982 ) ) GLOBAL_UNIT_ASSIGNED_CONTEXT ( ( #76, #7517, #3240 ) ) REPRESENTATION_CONTEXT ( 'NONE', 'WORKASPACE' ) );
#9184 = ORIENTED_EDGE ( 'NONE', *, *, #2594, .T. ) ;
#9185 = CARTESIAN_POINT ( 'NONE',  ( -0.1080547273864924385, 0.9810000000000003162, 0.2956020398919165237 ) ) ;
#9186 = CARTESIAN_POINT ( 'NONE',  ( -0.09660557314164537612, 0.9810000000000003162, 0.2522852538963212821 ) ) ;
#9187 = ORIENTED_EDGE ( 'NONE', *, *, #1562, .T. ) ;
#9188 = DIRECTION ( 'NONE',  ( -0.007092178509961435257, -0.0000000000000000000, 0.9999748501857348426 ) ) ;
#9189 = EDGE_CURVE ( 'NONE', #4455, #2063, #11395, .T. ) ;
#9190 = EDGE_LOOP ( 'NONE', ( #2937, #2538, #3451, #3441 ) ) ;
#9191 =( LENGTH_UNIT ( ) NAMED_UNIT ( * ) SI_UNIT ( .MILLI., .METRE. ) );
#9192 = AXIS2_PLACEMENT_3D ( 'NONE', #5158, #11640, #3392 ) ;
#9193 = SURFACE_STYLE_FILL_AREA ( #7449 ) ;
#9194 = CARTESIAN_POINT ( 'NONE',  ( -0.09660557314164537612, 0.9800000000000004263, 0.2522852538963212821 ) ) ;
#9195 = CARTESIAN_POINT ( 'NONE',  ( -0.2293713139836433546, 0.9810000000000003162, 0.3363459793326300518 ) ) ;
#9196 = CARTESIAN_POINT ( 'NONE',  ( 0.1466298830622249916, 0.9810000000000003162, 0.2654910417758425401 ) ) ;
#9197 = ORIENTED_EDGE ( 'NONE', *, *, #4726, .T. ) ;
#9198 = VERTEX_POINT ( 'NONE', #7737 ) ;
#9199 = ORIENTED_EDGE ( 'NONE', *, *, #11397, .F. ) ;
#9200 = VECTOR ( 'NONE', #5140, 1000.000000000000227 ) ;
#9201 = CARTESIAN_POINT ( 'NONE',  ( -0.1482606923248738773, 0.9810000000000003162, 0.1978501258882068847 ) ) ;
#9202 = VECTOR ( 'NONE', #11577, 1000.000000000000000 ) ;
#9203 = EDGE_CURVE ( 'NONE', #7106, #5005, #371, .T. ) ;
#9204 = DIRECTION ( 'NONE',  ( -0.9999748501857348426, -0.0000000000000000000, -0.007092178509963973157 ) ) ;
#9205 = ORIENTED_EDGE ( 'NONE', *, *, #10830, .T. ) ;
#9206 = DIRECTION ( 'NONE',  ( -0.0000000000000000000, -1.000000000000000000, -0.0000000000000000000 ) ) ;
#9207 = CARTESIAN_POINT ( 'NONE',  ( -0.1385436276972784042, 0.9800000000000004263, 0.2168691073937580316 ) ) ;
#9208 = PRESENTATION_STYLE_ASSIGNMENT (( #3596 ) ) ;
#9209 = SURFACE_STYLE_USAGE ( .BOTH. , #4704 ) ;
#9210 = CARTESIAN_POINT ( 'NONE',  ( -0.1754940304656119054, 0.9810000000000003162, 0.3010375081660242591 ) ) ;
#9211 = MECHANICAL_DESIGN_GEOMETRIC_PRESENTATION_REPRESENTATION (  '', ( #10751 ), #7482 ) ;
#9212 = SURFACE_STYLE_USAGE ( .BOTH. , #5549 ) ;
#9213 = CARTESIAN_POINT ( 'NONE',  ( -0.1029712521515706164, 0.9800000000000004263, 0.2207086544064106037 ) ) ;
#9214 = CARTESIAN_POINT ( 'NONE',  ( -0.2917882984180478756, 0.9810000000000003162, 0.2581014530131870988 ) ) ;
#9215 = LINE ( 'NONE', #11072, #915 ) ;
#9216 = SURFACE_STYLE_USAGE ( .BOTH. , #11204 ) ;
#9217 = CARTESIAN_POINT ( 'NONE',  ( -0.1325413023246454214, 0.9810000000000003162, 0.2520303848801613289 ) ) ;
#9218 = CARTESIAN_POINT ( 'NONE',  ( -0.09242979192425743173, 0.9810000000000003162, 0.3397347154340394915 ) ) ;
#9219 = EDGE_CURVE ( 'NONE', #3499, #9660, #9409, .T. ) ;
#9220 = B_SPLINE_CURVE_WITH_KNOTS ( 'NONE', 3,
 ( #9248, #11169, #7323, #6614 ),
 .UNSPECIFIED., .F., .F.,
 ( 4, 4 ),
 ( 11.00000000000000000, 12.00000000000000000 ),
 .UNSPECIFIED. ) ;
#9221 = VECTOR ( 'NONE', #4623, 1000.000000000000114 ) ;
#9222 =( GEOMETRIC_REPRESENTATION_CONTEXT ( 3 ) GLOBAL_UNCERTAINTY_ASSIGNED_CONTEXT ( ( #2723 ) ) GLOBAL_UNIT_ASSIGNED_CONTEXT ( ( #2841, #1226, #2776 ) ) REPRESENTATION_CONTEXT ( 'NONE', 'WORKASPACE' ) );
#9223 = VECTOR ( 'NONE', #3690, 1000.000000000000000 ) ;
#9224 = CARTESIAN_POINT ( 'NONE',  ( 0.04592608036350881440, 0.9800000000000004263, 0.2944202790651270218 ) ) ;
#9225 = ORIENTED_EDGE ( 'NONE', *, *, #10393, .F. ) ;
#9226 = CARTESIAN_POINT ( 'NONE',  ( -0.1760709587560318201, 0.9800000000000004263, 0.3402332756990598117 ) ) ;
#9227 = DIRECTION ( 'NONE',  ( -0.0000000000000000000, -1.000000000000000000, -0.0000000000000000000 ) ) ;
#9228 = FACE_OUTER_BOUND ( 'NONE', #3732, .T. ) ;
#9229 = FILL_AREA_STYLE ('',( #5569 ) ) ;
#9230 = VECTOR ( 'NONE', #11545, 1000.000000000000000 ) ;
#9231 = FILL_AREA_STYLE ('',( #840 ) ) ;
#9232 = ORIENTED_EDGE ( 'NONE', *, *, #1027, .T. ) ;
#9233 =( NAMED_UNIT ( * ) PLANE_ANGLE_UNIT ( ) SI_UNIT ( $, .RADIAN. ) );
#9234 = CIRCLE ( 'NONE', #10773, 0.02000000000000005246 ) ;
#9235 =( LENGTH_UNIT ( ) NAMED_UNIT ( * ) SI_UNIT ( .MILLI., .METRE. ) );
#9236 = VECTOR ( 'NONE', #11806, 1000.000000000000000 ) ;
#9237 = LINE ( 'NONE', #7428, #11499 ) ;
#9238 = CARTESIAN_POINT ( 'NONE',  ( 0.1612945021292072345, 0.9810000000000003162, 0.2366745570461957215 ) ) ;
#9239 = ORIENTED_EDGE ( 'NONE', *, *, #3723, .F. ) ;
#9240 = ORIENTED_EDGE ( 'NONE', *, *, #5416, .F. ) ;
#9241 = PRESENTATION_LAYER_ASSIGNMENT (  '', '', ( #11917 ) ) ;
#9242 = AXIS2_PLACEMENT_3D ( 'NONE', #3695, #2727, #2971 ) ;
#9243 = EDGE_CURVE ( 'NONE', #6785, #7350, #228, .T. ) ;
#9244 = DIRECTION ( 'NONE',  ( -0.9332416532319383062, 0.0000000000000000000, 0.3592492403233703557 ) ) ;
#9245 = COLOUR_RGB ( '',0.2235294117647058654, 0.2235294117647058654, 0.2235294117647058654 ) ;
#9246 = SURFACE_SIDE_STYLE ('',( #7321 ) ) ;
#9247 = CARTESIAN_POINT ( 'NONE',  ( -0.1353248883515932033, 0.9800000000000004263, 0.2468377169628530876 ) ) ;
#9248 = CARTESIAN_POINT ( 'NONE',  ( -0.09597104098580989950, 0.9810000000000003162, 0.2471168284930282122 ) ) ;
#9249 = ORIENTED_EDGE ( 'NONE', *, *, #1788, .F. ) ;
#9250 = ADVANCED_FACE ( 'NONE', ( #7611 ), #1265, .F. ) ;
#9251 = CARTESIAN_POINT ( 'NONE',  ( -0.1292355428020206254, 0.9800000000000004263, 0.2367430101241767837 ) ) ;
#9252 = ORIENTED_EDGE ( 'NONE', *, *, #9044, .F. ) ;
#9253 = ORIENTED_EDGE ( 'NONE', *, *, #1875, .F. ) ;
#9254 = EDGE_CURVE ( 'NONE', #8520, #11144, #8588, .T. ) ;
#9255 = FACE_OUTER_BOUND ( 'NONE', #8954, .T. ) ;
#9256 = B_SPLINE_SURFACE_WITH_KNOTS ( 'NONE', 3, 1, ( 
 ( #6651, #413 ),
 ( #4895, #9332 ),
 ( #351, #1209 ),
 ( #3910, #10314 ) ),
 .UNSPECIFIED., .F., .F., .F.,
 ( 4, 4 ),
 ( 2, 2 ),
 ( 26.00000000000000000, 27.00000000000000000 ),
 ( 0.0000000000000000000, 1.000000000000000000 ),
 .UNSPECIFIED. ) ;
#9257 = DIRECTION ( 'NONE',  ( 0.9999748501857348426, -0.0000000000000000000, 0.007092178509967527605 ) ) ;
#9258 = CARTESIAN_POINT ( 'NONE',  ( -0.2296132727278713537, 0.9800000000000004263, 0.3356424090299545693 ) ) ;
#9259 = PRESENTATION_STYLE_ASSIGNMENT (( #4635 ) ) ;
#9260 = CARTESIAN_POINT ( 'NONE',  ( -0.1224614342200521788, 0.9810000000000003162, 0.2492164741168255149 ) ) ;
#9261 = DIRECTION ( 'NONE',  ( -0.0000000000000000000, -1.000000000000000000, -0.0000000000000000000 ) ) ;
#9262 = ORIENTED_EDGE ( 'NONE', *, *, #5094, .F. ) ;
#9263 = EDGE_LOOP ( 'NONE', ( #7572, #2274, #8792, #6661 ) ) ;
#9264 = COLOUR_RGB ( '',0.2235294117647058654, 0.2235294117647058654, 0.2235294117647058654 ) ;
#9265 = CARTESIAN_POINT ( 'NONE',  ( -0.08033717660658878934, 0.9800000000000004263, 0.2217270052029412519 ) ) ;
#9266 = FILL_AREA_STYLE ('',( #10890 ) ) ;
#9267 = ORIENTED_EDGE ( 'NONE', *, *, #1131, .F. ) ;
#9268 = CARTESIAN_POINT ( 'NONE',  ( -0.1471323806271166434, 0.9810000000000003162, 0.1981960580990772547 ) ) ;
#9269 = CARTESIAN_POINT ( 'NONE',  ( 0.1547441416519498014, 0.9810000000000003162, 0.2427737023457094134 ) ) ;
#9270 = ORIENTED_EDGE ( 'NONE', *, *, #6706, .F. ) ;
#9271 = CARTESIAN_POINT ( 'NONE',  ( 0.009323531269685852996, 0.9810000000000003162, 0.3071748939432588643 ) ) ;
#9272 = SURFACE_STYLE_USAGE ( .BOTH. , #6398 ) ;
#9273 = VECTOR ( 'NONE', #4875, 1000.000000000000227 ) ;
#9274 = DIRECTION ( 'NONE',  ( 0.0000000000000000000, -0.0000000000000000000, -1.000000000000000000 ) ) ;
#9275 = APPLICATION_PROTOCOL_DEFINITION ( 'draft international standard', 'automotive_design', 1998, #1679 ) ;
#9276 = DIRECTION ( 'NONE',  ( -0.007092178509964998379, -0.0000000000000000000, 0.9999748501857348426 ) ) ;
#9277 = EDGE_CURVE ( 'NONE', #10872, #7862, #8098, .T. ) ;
#9278 = CARTESIAN_POINT ( 'NONE',  ( 0.1807789363790551496, 0.9810000000000003162, 0.2418738492965728792 ) ) ;
#9279 = SURFACE_STYLE_USAGE ( .BOTH. , #153 ) ;
#9280 = STYLED_ITEM ( 'NONE', ( #3120 ), #11458 ) ;
#9281 = CARTESIAN_POINT ( 'NONE',  ( 0.0000000000000000000, 0.9800000000000004263, 0.0000000000000000000 ) ) ;
#9282 = DIRECTION ( 'NONE',  ( 0.0000000000000000000, 0.0000000000000000000, 1.000000000000000000 ) ) ;
#9283 = ORIENTED_EDGE ( 'NONE', *, *, #9493, .T. ) ;
#9284 = FILL_AREA_STYLE_COLOUR ( '', #5788 ) ;
#9285 = LINE ( 'NONE', #4668, #6757 ) ;
#9286 = LINE ( 'NONE', #11925, #4234 ) ;
#9287 = LINE ( 'NONE', #5565, #1267 ) ;
#9288 = CARTESIAN_POINT ( 'NONE',  ( 0.1467067903565250908, 0.9810000000000003162, 0.3056187417824263175 ) ) ;
#9289 = VECTOR ( 'NONE', #9166, 1000.000000000000000 ) ;
#9290 = EDGE_CURVE ( 'NONE', #11000, #7350, #9824, .T. ) ;
#9291 = CARTESIAN_POINT ( 'NONE',  ( -0.07423695592823374712, 0.9800000000000004263, 0.2210944105017747796 ) ) ;
#9292 = CARTESIAN_POINT ( 'NONE',  ( -0.1880171699530121254, 0.9810000000000003162, 0.2653360853072996850 ) ) ;
#9293 = VERTEX_POINT ( 'NONE', #3315 ) ;
#9294 = CARTESIAN_POINT ( 'NONE',  ( -0.1364681303799113177, 0.9810000000000003162, 0.2339362862551814248 ) ) ;
#9295 = CARTESIAN_POINT ( 'NONE',  ( -0.08403495647966546800, 0.9810000000000003162, 0.2428083957821410011 ) ) ;
#9296 = PLANE ( 'NONE',  #7291 ) ;
#9297 = ORIENTED_EDGE ( 'NONE', *, *, #291, .T. ) ;
#9298 = EDGE_LOOP ( 'NONE', ( #6966, #1576, #8722, #9205, #7696, #2907 ) ) ;
#9299 = SURFACE_SIDE_STYLE ('',( #4794 ) ) ;
#9300 = DIRECTION ( 'NONE',  ( -0.007092178509963911574, 0.0000000000000000000, 0.9999748501857348426 ) ) ;
#9301 = SURFACE_STYLE_USAGE ( .BOTH. , #5641 ) ;
#9302 = CARTESIAN_POINT ( 'NONE',  ( -0.08397118691812412161, 0.9810000000000003162, 0.3401066420994613426 ) ) ;
#9303 = ORIENTED_EDGE ( 'NONE', *, *, #1899, .T. ) ;
#9304 = EDGE_CURVE ( 'NONE', #8657, #11607, #3957, .T. ) ;
#9305 = PLANE ( 'NONE',  #3408 ) ;
#9306 = ORIENTED_EDGE ( 'NONE', *, *, #498, .T. ) ;
#9307 = CARTESIAN_POINT ( 'NONE',  ( -0.1324238690058055501, 0.9810000000000003162, 0.2354726564968886993 ) ) ;
#9308 = ORIENTED_EDGE ( 'NONE', *, *, #733, .F. ) ;
#9309 = SURFACE_STYLE_FILL_AREA ( #200 ) ;
#9310 = DIRECTION ( 'NONE',  ( 0.007092178509967527605, 0.0000000000000000000, -0.9999748501857348426 ) ) ;
#9311 = CARTESIAN_POINT ( 'NONE',  ( -0.1183255496279410762, 0.9810000000000003162, 0.2414994159896735326 ) ) ;
#9312 = LINE ( 'NONE', #6502, #2431 ) ;
#9313 = VERTEX_POINT ( 'NONE', #1669 ) ;
#9314 = ORIENTED_EDGE ( 'NONE', *, *, #4133, .F. ) ;
#9315 =( LENGTH_UNIT ( ) NAMED_UNIT ( * ) SI_UNIT ( .MILLI., .METRE. ) );
#9316 = B_SPLINE_CURVE_WITH_KNOTS ( 'NONE', 3,
 ( #534, #2356, #10669, #2414 ),
 .UNSPECIFIED., .F., .F.,
 ( 4, 4 ),
 ( 5.000000000000000000, 6.000000000000000000 ),
 .UNSPECIFIED. ) ;
#9317 = EDGE_CURVE ( 'NONE', #9719, #6760, #11567, .T. ) ;
#9318 = VERTEX_POINT ( 'NONE', #10839 ) ;
#9319 =( NAMED_UNIT ( * ) SI_UNIT ( $, .STERADIAN. ) SOLID_ANGLE_UNIT ( ) );
#9320 = CARTESIAN_POINT ( 'NONE',  ( -0.2385925549333033080, 0.9800000000000004263, 0.2199287419381709685 ) ) ;
#9321 = ORIENTED_EDGE ( 'NONE', *, *, #8902, .F. ) ;
#9322 = LINE ( 'NONE', #7287, #11057 ) ;
#9323 = ADVANCED_FACE ( 'NONE', ( #5252 ), #496, .F. ) ;
#9324 = FACE_OUTER_BOUND ( 'NONE', #11782, .T. ) ;
#9325 =( NAMED_UNIT ( * ) SI_UNIT ( $, .STERADIAN. ) SOLID_ANGLE_UNIT ( ) );
#9326 = CARTESIAN_POINT ( 'NONE',  ( -0.07648797249033079115, 0.9800000000000004263, 0.3204038184596204597 ) ) ;
#9327 = FILL_AREA_STYLE ('',( #1977 ) ) ;
#9328 = VECTOR ( 'NONE', #1904, 1000.000000000000114 ) ;
#9329 = PLANE ( 'NONE',  #6380 ) ;
#9330 = CARTESIAN_POINT ( 'NONE',  ( -0.04721149546124459723, 0.9800000000000004263, 0.2663347294017246458 ) ) ;
#9331 = SURFACE_STYLE_USAGE ( .BOTH. , #1021 ) ;
#9332 = CARTESIAN_POINT ( 'NONE',  ( 0.06006257676284807584, 0.9800000000000004263, 0.2381256276848210951 ) ) ;
#9333 = EDGE_CURVE ( 'NONE', #8298, #3871, #7969, .T. ) ;
#9334 = ORIENTED_EDGE ( 'NONE', *, *, #1875, .T. ) ;
#9335 = SURFACE_STYLE_FILL_AREA ( #4836 ) ;
#9336 = SURFACE_STYLE_USAGE ( .BOTH. , #10266 ) ;
#9337 = DIRECTION ( 'NONE',  ( -0.0000000000000000000, -1.000000000000000000, -0.0000000000000000000 ) ) ;
#9338 = VECTOR ( 'NONE', #7429, 1000.000000000000000 ) ;
#9339 = PRESENTATION_LAYER_ASSIGNMENT (  '', '', ( #9728 ) ) ;
#9340 = PRESENTATION_STYLE_ASSIGNMENT (( #5681 ) ) ;
#9341 = FACE_OUTER_BOUND ( 'NONE', #893, .T. ) ;
#9342 = DIRECTION ( 'NONE',  ( -0.0000000000000000000, -1.000000000000000000, -0.0000000000000000000 ) ) ;
#9343 = SURFACE_STYLE_USAGE ( .BOTH. , #2654 ) ;
#9344 = ORIENTED_EDGE ( 'NONE', *, *, #795, .T. ) ;
#9345 = CARTESIAN_POINT ( 'NONE',  ( -0.1461948790893620453, 0.9800000000000004263, 0.2511017215875920860 ) ) ;
#9346 = VECTOR ( 'NONE', #5296, 1000.000000000000000 ) ;
#9347 = ORIENTED_EDGE ( 'NONE', *, *, #10130, .T. ) ;
#9348 = CARTESIAN_POINT ( 'NONE',  ( -0.1642756972842778496, 0.9810000000000003162, 0.2091741664913350784 ) ) ;
#9349 = B_SPLINE_SURFACE_WITH_KNOTS ( 'NONE', 3, 1, ( 
 ( #1392, #3203 ),
 ( #7613, #7740 ),
 ( #7796, #5030 ),
 ( #9413, #10494 ) ),
 .UNSPECIFIED., .F., .F., .F.,
 ( 4, 4 ),
 ( 2, 2 ),
 ( 24.00000000000000000, 25.00000000000000000 ),
 ( 0.0000000000000000000, 1.000000000000000000 ),
 .UNSPECIFIED. ) ;
#9350 = STYLED_ITEM ( 'NONE', ( #5476 ), #8920 ) ;
#9351 = CARTESIAN_POINT ( 'NONE',  ( -0.08337896074994888274, 0.9800000000000004263, 0.3207448641368762510 ) ) ;
#9352 = CARTESIAN_POINT ( 'NONE',  ( -0.1361614634804074742, 0.9800000000000004263, 0.2255162103063040047 ) ) ;
#9353 = ORIENTED_EDGE ( 'NONE', *, *, #7837, .T. ) ;
#9354 = ADVANCED_FACE ( 'NONE', ( #1729 ), #824, .F. ) ;
#9355 = ORIENTED_EDGE ( 'NONE', *, *, #434, .F. ) ;
#9356 = UNCERTAINTY_MEASURE_WITH_UNIT (LENGTH_MEASURE( 1.000000000000000082E-05 ), #8623, 'distance_accuracy_value', 'NONE');
#9357 = DIRECTION ( 'NONE',  ( -0.007092178509963169980, 0.0000000000000000000, 0.9999748501857348426 ) ) ;
#9358 = LINE ( 'NONE', #1103, #9817 ) ;
#9359 = CARTESIAN_POINT ( 'NONE',  ( -0.1426932463513330973, 0.9810000000000003162, 0.2246900465209392683 ) ) ;
#9360 = AXIS2_PLACEMENT_3D ( 'NONE', #3134, #5914, #406 ) ;
#9361 = PRESENTATION_LAYER_ASSIGNMENT (  '', '', ( #304 ) ) ;
#9362 =( GEOMETRIC_REPRESENTATION_CONTEXT ( 3 ) GLOBAL_UNCERTAINTY_ASSIGNED_CONTEXT ( ( #11899 ) ) GLOBAL_UNIT_ASSIGNED_CONTEXT ( ( #3367, #7059, #9100 ) ) REPRESENTATION_CONTEXT ( 'NONE', 'WORKASPACE' ) );
#9363 = VECTOR ( 'NONE', #284, 1000.000000000000114 ) ;
#9364 = SURFACE_STYLE_FILL_AREA ( #6613 ) ;
#9365 =( LENGTH_UNIT ( ) NAMED_UNIT ( * ) SI_UNIT ( .MILLI., .METRE. ) );
#9366 = VERTEX_POINT ( 'NONE', #6516 ) ;
#9367 =( LENGTH_UNIT ( ) NAMED_UNIT ( * ) SI_UNIT ( .MILLI., .METRE. ) );
#9368 = B_SPLINE_CURVE_WITH_KNOTS ( 'NONE', 3,
 ( #7359, #9218, #1844, #1784 ),
 .UNSPECIFIED., .F., .F.,
 ( 4, 4 ),
 ( 8.000000000000000000, 9.000000000000000000 ),
 .UNSPECIFIED. ) ;
#9369 = FACE_OUTER_BOUND ( 'NONE', #5600, .T. ) ;
#9370 = CARTESIAN_POINT ( 'NONE',  ( -0.1636733368827423263, 0.9800000000000004263, 0.2213699068282206084 ) ) ;
#9371 = ORIENTED_EDGE ( 'NONE', *, *, #6280, .F. ) ;
#9372 = PRESENTATION_LAYER_ASSIGNMENT (  '', '', ( #8426 ) ) ;
#9373 = PRESENTATION_LAYER_ASSIGNMENT (  '', '', ( #8614 ) ) ;
#9374 = UNCERTAINTY_MEASURE_WITH_UNIT (LENGTH_MEASURE( 1.000000000000000082E-05 ), #3463, 'distance_accuracy_value', 'NONE');
#9375 = MECHANICAL_DESIGN_GEOMETRIC_PRESENTATION_REPRESENTATION (  '', ( #4568 ), #7658 ) ;
#9376 = B_SPLINE_CURVE_WITH_KNOTS ( 'NONE', 3,
 ( #1329, #5081, #6888, #419 ),
 .UNSPECIFIED., .F., .F.,
 ( 4, 4 ),
 ( 3.000000000000000000, 4.000000000000000000 ),
 .UNSPECIFIED. ) ;
#9377 = ORIENTED_EDGE ( 'NONE', *, *, #5438, .F. ) ;
#9378 = CARTESIAN_POINT ( 'NONE',  ( -0.09705687510639963989, 0.9810000000000003162, 0.3415735098287858151 ) ) ;
#9379 =( GEOMETRIC_REPRESENTATION_CONTEXT ( 3 ) GLOBAL_UNCERTAINTY_ASSIGNED_CONTEXT ( ( #11301 ) ) GLOBAL_UNIT_ASSIGNED_CONTEXT ( ( #2038, #8564, #152 ) ) REPRESENTATION_CONTEXT ( 'NONE', 'WORKASPACE' ) );
#9380 = CARTESIAN_POINT ( 'NONE',  ( -0.1279438937094599937, 0.9810000000000003162, 0.2140588837051433935 ) ) ;
#9381 = EDGE_CURVE ( 'NONE', #11379, #7014, #7352, .T. ) ;
#9382 = LINE ( 'NONE', #8668, #2057 ) ;
#9383 = COLOUR_RGB ( '',0.2235294117647058654, 0.2235294117647058654, 0.2235294117647058654 ) ;
#9384 = SURFACE_STYLE_USAGE ( .BOTH. , #6627 ) ;
#9385 = CARTESIAN_POINT ( 'NONE',  ( -0.1494660812824138152, 0.9810000000000003162, 0.3183265555675406366 ) ) ;
#9386 = EDGE_LOOP ( 'NONE', ( #2010, #9694, #8008, #7363 ) ) ;
#9387 = ORIENTED_EDGE ( 'NONE', *, *, #8189, .F. ) ;
#9388 = DIRECTION ( 'NONE',  ( -0.0000000000000000000, -1.000000000000000000, -0.0000000000000000000 ) ) ;
#9389 = LINE ( 'NONE', #7715, #9813 ) ;
#9390 = VERTEX_POINT ( 'NONE', #944 ) ;
#9391 = CARTESIAN_POINT ( 'NONE',  ( -0.2592827593950957632, 0.9810000000000003162, 0.2398758267129963151 ) ) ;
#9392 = ORIENTED_EDGE ( 'NONE', *, *, #6844, .F. ) ;
#9393 =( GEOMETRIC_REPRESENTATION_CONTEXT ( 3 ) GLOBAL_UNCERTAINTY_ASSIGNED_CONTEXT ( ( #4454 ) ) GLOBAL_UNIT_ASSIGNED_CONTEXT ( ( #4359, #2428, #616 ) ) REPRESENTATION_CONTEXT ( 'NONE', 'WORKASPACE' ) );
#9394 = SURFACE_STYLE_FILL_AREA ( #11793 ) ;
#9395 = DIRECTION ( 'NONE',  ( 0.3492990577959527720, -0.0000000000000000000, 0.9370112956751692757 ) ) ;
#9396 = EDGE_CURVE ( 'NONE', #7636, #9018, #10189, .T. ) ;
#9397 =( NAMED_UNIT ( * ) PLANE_ANGLE_UNIT ( ) SI_UNIT ( $, .RADIAN. ) );
#9398 = CARTESIAN_POINT ( 'NONE',  ( -0.1643392080106935715, 0.9810000000000003162, 0.2236267145774514797 ) ) ;
#9399 = VECTOR ( 'NONE', #2757, 1000.000000000000000 ) ;
#9400 = LINE ( 'NONE', #6876, #6387 ) ;
#9401 =( GEOMETRIC_REPRESENTATION_CONTEXT ( 3 ) GLOBAL_UNCERTAINTY_ASSIGNED_CONTEXT ( ( #6124 ) ) GLOBAL_UNIT_ASSIGNED_CONTEXT ( ( #2699, #952, #3726 ) ) REPRESENTATION_CONTEXT ( 'NONE', 'WORKASPACE' ) );
#9402 = DIRECTION ( 'NONE',  ( -0.0000000000000000000, -1.000000000000000000, -0.0000000000000000000 ) ) ;
#9403 = EDGE_CURVE ( 'NONE', #10828, #1801, #11846, .T. ) ;
#9404 = CARTESIAN_POINT ( 'NONE',  ( -0.1245580496112889679, 0.9810000000000003162, 0.2956019681485554385 ) ) ;
#9405 = ORIENTED_EDGE ( 'NONE', *, *, #1156, .T. ) ;
#9406 =( NAMED_UNIT ( * ) PLANE_ANGLE_UNIT ( ) SI_UNIT ( $, .RADIAN. ) );
#9407 = CARTESIAN_POINT ( 'NONE',  ( -0.2179596082558399595, 0.9810000000000003162, 0.3088466428534814567 ) ) ;
#9408 =( LENGTH_UNIT ( ) NAMED_UNIT ( * ) SI_UNIT ( .MILLI., .METRE. ) );
#9409 = LINE ( 'NONE', #3979, #467 ) ;
#9410 = ORIENTED_EDGE ( 'NONE', *, *, #6477, .T. ) ;
#9411 = ADVANCED_FACE ( 'NONE', ( #5431 ), #4512, .F. ) ;
#9412 = LINE ( 'NONE', #2896, #10321 ) ;
#9413 = CARTESIAN_POINT ( 'NONE',  ( 0.04307265205478567199, 0.9810000000000003162, 0.2380051290754030546 ) ) ;
#9414 = LINE ( 'NONE', #9291, #7353 ) ;
#9415 = CARTESIAN_POINT ( 'NONE',  ( -0.1031837160412458904, 0.9810000000000003162, 0.2268418735301109546 ) ) ;
#9416 = VERTEX_POINT ( 'NONE', #7461 ) ;
#9417 =( NAMED_UNIT ( * ) PLANE_ANGLE_UNIT ( ) SI_UNIT ( $, .RADIAN. ) );
#9418 = VECTOR ( 'NONE', #2608, 1000.000000000000114 ) ;
#9419 =( NAMED_UNIT ( * ) SI_UNIT ( $, .STERADIAN. ) SOLID_ANGLE_UNIT ( ) );
#9420 = CARTESIAN_POINT ( 'NONE',  ( -0.1245580496112889679, 0.9800000000000004263, 0.2956019681485554385 ) ) ;
#9421 = SURFACE_STYLE_FILL_AREA ( #1338 ) ;
#9422 = ORIENTED_EDGE ( 'NONE', *, *, #1052, .F. ) ;
#9423 = ORIENTED_EDGE ( 'NONE', *, *, #1371, .T. ) ;
#9424 = CARTESIAN_POINT ( 'NONE',  ( 0.1107144256405065141, 0.9800000000000004263, 0.2323392796703987184 ) ) ;
#9425 = SURFACE_STYLE_FILL_AREA ( #5760 ) ;
#9426 =( GEOMETRIC_REPRESENTATION_CONTEXT ( 3 ) GLOBAL_UNCERTAINTY_ASSIGNED_CONTEXT ( ( #8883 ) ) GLOBAL_UNIT_ASSIGNED_CONTEXT ( ( #6937, #460, #1609 ) ) REPRESENTATION_CONTEXT ( 'NONE', 'WORKASPACE' ) );
#9427 = AXIS2_PLACEMENT_3D ( 'NONE', #8731, #446, #4131 ) ;
#9428 = CARTESIAN_POINT ( 'NONE',  ( 0.2250111927590992544, 0.9800000000000004263, 0.2747230760545777972 ) ) ;
#9429 = FACE_OUTER_BOUND ( 'NONE', #6544, .T. ) ;
#9430 =( NAMED_UNIT ( * ) SI_UNIT ( $, .STERADIAN. ) SOLID_ANGLE_UNIT ( ) );
#9431 = EDGE_CURVE ( 'NONE', #1962, #905, #9322, .T. ) ;
#9432 = VECTOR ( 'NONE', #3444, 1000.000000000000000 ) ;
#9433 = ORIENTED_EDGE ( 'NONE', *, *, #8567, .T. ) ;
#9434 = CARTESIAN_POINT ( 'NONE',  ( 0.06078299116226173332, 0.9800000000000004263, 0.2384922374890695584 ) ) ;
#9435 = CARTESIAN_POINT ( 'NONE',  ( -0.1268544847074608295, 0.9810000000000003162, 0.2455460728015328442 ) ) ;
#9436 = PRESENTATION_LAYER_ASSIGNMENT (  '', '', ( #11363 ) ) ;
#9437 = ORIENTED_EDGE ( 'NONE', *, *, #4713, .F. ) ;
#9438 = STYLED_ITEM ( 'NONE', ( #4066 ), #4253 ) ;
#9439 = CARTESIAN_POINT ( 'NONE',  ( -0.1094687452308125419, 0.9810000000000003162, 0.2150477379066758343 ) ) ;
#9440 = SURFACE_STYLE_FILL_AREA ( #439 ) ;
#9441 = VERTEX_POINT ( 'NONE', #10960 ) ;
#9442 = PRESENTATION_LAYER_ASSIGNMENT (  '', '', ( #8303 ) ) ;
#9443 = STYLED_ITEM ( 'NONE', ( #7770 ), #2018 ) ;
#9444 = CARTESIAN_POINT ( 'NONE',  ( -0.1147336061947704239, 0.9810000000000003162, 0.3452953411902958680 ) ) ;
#9445 = VECTOR ( 'NONE', #8930, 1000.000000000000114 ) ;
#9446 = LINE ( 'NONE', #1184, #9273 ) ;
#9447 = CARTESIAN_POINT ( 'NONE',  ( 0.02988217082207585834, 0.9810000000000003162, 0.3138278063142558860 ) ) ;
#9448 = EDGE_CURVE ( 'NONE', #6802, #10574, #879, .T. ) ;
#9449 = ORIENTED_EDGE ( 'NONE', *, *, #5769, .F. ) ;
#9450 = ORIENTED_EDGE ( 'NONE', *, *, #5071, .T. ) ;
#9451 = CARTESIAN_POINT ( 'NONE',  ( -0.08036022082143226553, 0.9800000000000004263, 0.2249761669736695668 ) ) ;
#9452 =( GEOMETRIC_REPRESENTATION_CONTEXT ( 3 ) GLOBAL_UNCERTAINTY_ASSIGNED_CONTEXT ( ( #5145 ) ) GLOBAL_UNIT_ASSIGNED_CONTEXT ( ( #8987, #11623, #11801 ) ) REPRESENTATION_CONTEXT ( 'NONE', 'WORKASPACE' ) );
#9453 = ORIENTED_EDGE ( 'NONE', *, *, #3335, .F. ) ;
#9454 = CARTESIAN_POINT ( 'NONE',  ( 0.06765124920874769632, 0.9800000000000004263, 0.2385409496262888840 ) ) ;
#9455 = ORIENTED_EDGE ( 'NONE', *, *, #7017, .F. ) ;
#9456 = CARTESIAN_POINT ( 'NONE',  ( 0.02988217082207585834, 0.9810000000000003162, 0.3138278063142558860 ) ) ;
#9457 = DIRECTION ( 'NONE',  ( 0.9999748501857348426, -0.0000000000000000000, 0.007092178509962561092 ) ) ;
#9458 = SURFACE_STYLE_USAGE ( .BOTH. , #4946 ) ;
#9459 = VECTOR ( 'NONE', #2420, 1000.000000000000000 ) ;
#9460 = B_SPLINE_SURFACE_WITH_KNOTS ( 'NONE', 3, 1, ( 
 ( #6954, #7521 ),
 ( #11191, #11690 ),
 ( #6445, #937 ),
 ( #8931, #8440 ) ),
 .UNSPECIFIED., .F., .F., .F.,
 ( 4, 4 ),
 ( 2, 2 ),
 ( 2.000000000000000000, 3.000000000000000000 ),
 ( 0.0000000000000000000, 1.000000000000000000 ),
 .UNSPECIFIED. ) ;
#9461 = SURFACE_STYLE_USAGE ( .BOTH. , #3904 ) ;
#9462 = CARTESIAN_POINT ( 'NONE',  ( -0.08445232285586108667, 0.9810000000000003162, 0.2356829148141501851 ) ) ;
#9463 =( LENGTH_UNIT ( ) NAMED_UNIT ( * ) SI_UNIT ( .MILLI., .METRE. ) );
#9464 = CARTESIAN_POINT ( 'NONE',  ( -0.07423695592823374712, 0.9810000000000003162, 0.2210944105017747796 ) ) ;
#9465 = CARTESIAN_POINT ( 'NONE',  ( -0.1027004626466781617, 0.9810000000000003162, 0.3474602526721866647 ) ) ;
#9466 = EDGE_CURVE ( 'NONE', #8492, #4728, #9576, .T. ) ;
#9467 = PRESENTATION_STYLE_ASSIGNMENT (( #5813 ) ) ;
#9468 = FILL_AREA_STYLE ('',( #8632 ) ) ;
#9469 = LINE ( 'NONE', #3017, #10329 ) ;
#9470 = FILL_AREA_STYLE ('',( #7610 ) ) ;
#9471 = FACE_OUTER_BOUND ( 'NONE', #1099, .T. ) ;
#9472 = CARTESIAN_POINT ( 'NONE',  ( -0.0006930060458002883922, 0.9800000000000004263, 0.2413097862533814253 ) ) ;
#9473 = VERTEX_POINT ( 'NONE', #5007 ) ;
#9474 = DIRECTION ( 'NONE',  ( 0.0000000000000000000, 1.000000000000000000, 0.0000000000000000000 ) ) ;
#9475 = PRODUCT_RELATED_PRODUCT_CATEGORY ( 'part', '', ( #10622 ) ) ;
#9476 = DIRECTION ( 'NONE',  ( -0.007092178509967560565, -0.0000000000000000000, 0.9999748501857348426 ) ) ;
#9477 = PRESENTATION_LAYER_ASSIGNMENT (  '', '', ( #2928 ) ) ;
#9478 = ORIENTED_EDGE ( 'NONE', *, *, #7002, .T. ) ;
#9479 = EDGE_CURVE ( 'NONE', #6860, #254, #4855, .T. ) ;
#9480 = EDGE_CURVE ( 'NONE', #3348, #5062, #2213, .T. ) ;
#9481 = CARTESIAN_POINT ( 'NONE',  ( -0.1096997404403955850, 0.9810000000000003162, 0.2476173354953388750 ) ) ;
#9482 = PLANE ( 'NONE',  #7686 ) ;
#9483 = ORIENTED_EDGE ( 'NONE', *, *, #3983, .T. ) ;
#9484 = EDGE_LOOP ( 'NONE', ( #11657, #4305, #4639, #5750 ) ) ;
#9485 = SURFACE_STYLE_FILL_AREA ( #8651 ) ;
#9486 = CARTESIAN_POINT ( 'NONE',  ( 0.1660348399979919010, 0.9800000000000004263, 0.3328687438566483858 ) ) ;
#9487 = DIRECTION ( 'NONE',  ( 0.3592492403233703557, 0.0000000000000000000, 0.9332416532319383062 ) ) ;
#9488 = ADVANCED_FACE ( 'NONE', ( #10430 ), #6106, .F. ) ;
#9489 = CARTESIAN_POINT ( 'NONE',  ( 0.2020913198551982648, 0.9810000000000003162, 0.2951663720982054540 ) ) ;
#9490 = CARTESIAN_POINT ( 'NONE',  ( -0.1183255496279410762, 0.9810000000000003162, 0.2414994159896735326 ) ) ;
#9491 = EDGE_LOOP ( 'NONE', ( #9925, #6607, #7590, #9145 ) ) ;
#9492 = FILL_AREA_STYLE ('',( #6008 ) ) ;
#9493 = EDGE_CURVE ( 'NONE', #138, #7100, #1248, .T. ) ;
#9494 = CARTESIAN_POINT ( 'NONE',  ( 0.5800000000000001821, -0.9800000000000004263, 0.5300000000000001377 ) ) ;
#9495 = CARTESIAN_POINT ( 'NONE',  ( -0.2004257483988036159, 0.9800000000000004263, 0.3069434203149294382 ) ) ;
#9496 = ORIENTED_EDGE ( 'NONE', *, *, #8727, .T. ) ;
#9497 = FACE_OUTER_BOUND ( 'NONE', #11311, .T. ) ;
#9498 = CARTESIAN_POINT ( 'NONE',  ( 0.1631429411473474811, 0.9810000000000003162, 0.3328482334779345742 ) ) ;
#9499 = UNCERTAINTY_MEASURE_WITH_UNIT (LENGTH_MEASURE( 1.000000000000000082E-05 ), #3250, 'distance_accuracy_value', 'NONE');
#9500 = ADVANCED_FACE ( 'NONE', ( #4943 ), #8900, .T. ) ;
#9501 = PLANE ( 'NONE',  #81 ) ;
#9502 = DIRECTION ( 'NONE',  ( -0.0000000000000000000, -1.000000000000000000, -0.0000000000000000000 ) ) ;
#9503 = CARTESIAN_POINT ( 'NONE',  ( -0.1183096952081277298, 0.9810000000000003162, 0.2392639926912618620 ) ) ;
#9504 = FILL_AREA_STYLE_COLOUR ( '', #5214 ) ;
#9505 = B_SPLINE_CURVE_WITH_KNOTS ( 'NONE', 3,
 ( #1768, #8318, #10174, #5465 ),
 .UNSPECIFIED., .F., .F.,
 ( 4, 4 ),
 ( 15.00000000000000000, 16.00000000000000000 ),
 .UNSPECIFIED. ) ;
#9506 = ORIENTED_EDGE ( 'NONE', *, *, #7327, .T. ) ;
#9507 = ORIENTED_EDGE ( 'NONE', *, *, #4177, .F. ) ;
#9508 = CARTESIAN_POINT ( 'NONE',  ( -0.1029712521515706164, 0.9810000000000003162, 0.2207086544064105205 ) ) ;
#9509 = ORIENTED_EDGE ( 'NONE', *, *, #1011, .T. ) ;
#9510 = CARTESIAN_POINT ( 'NONE',  ( -0.1512356340308023683, 0.9800000000000004263, 0.1976470643281151851 ) ) ;
#9511 = LINE ( 'NONE', #6184, #2481 ) ;
#9512 = ORIENTED_EDGE ( 'NONE', *, *, #11153, .T. ) ;
#9513 = EDGE_CURVE ( 'NONE', #10650, #8232, #10705, .T. ) ;
#9514 = SURFACE_STYLE_FILL_AREA ( #85 ) ;
#9515 = DIRECTION ( 'NONE',  ( -0.0000000000000000000, -1.000000000000000000, -0.0000000000000000000 ) ) ;
#9516 = FILL_AREA_STYLE ('',( #10431 ) ) ;
#9517 = APPLICATION_PROTOCOL_DEFINITION ( 'draft international standard', 'automotive_design', 1998, #2309 ) ;
#9518 = CARTESIAN_POINT ( 'NONE',  ( 0.0000000000000000000, 0.9800000000000004263, 0.0000000000000000000 ) ) ;
#9519 = CARTESIAN_POINT ( 'NONE',  ( -0.07643395685073957335, 0.9800000000000004263, 0.3127877832693019555 ) ) ;
#9520 = SURFACE_STYLE_USAGE ( .BOTH. , #5865 ) ;
#9521 = B_SPLINE_CURVE_WITH_KNOTS ( 'NONE', 3,
 ( #5049, #9956, #3167, #11751 ),
 .UNSPECIFIED., .F., .F.,
 ( 4, 4 ),
 ( 3.000000000000000000, 4.000000000000000000 ),
 .UNSPECIFIED. ) ;
#9522 = CARTESIAN_POINT ( 'NONE',  ( -0.2919442581832067951, 0.9810000000000003162, 0.2581003468908734111 ) ) ;
#9523 = CARTESIAN_POINT ( 'NONE',  ( 0.2249009493879411126, 0.9810000000000003162, 0.2902670444421400764 ) ) ;
#9524 = CARTESIAN_POINT ( 'NONE',  ( 0.04919997201009356641, 0.9810000000000003162, 0.3425237802703828272 ) ) ;
#9525 = SURFACE_SIDE_STYLE ('',( #3860 ) ) ;
#9526 = CARTESIAN_POINT ( 'NONE',  ( -0.2442181792996963863, 0.9800000000000004263, 0.2947532958043280193 ) ) ;
#9527 = PLANE ( 'NONE',  #5121 ) ;
#9528 = FILL_AREA_STYLE_COLOUR ( '', #376 ) ;
#9529 = EDGE_CURVE ( 'NONE', #8617, #3301, #11727, .T. ) ;
#9530 = CARTESIAN_POINT ( 'NONE',  ( -0.1022564371421887941, 0.9800000000000004263, 0.2243789629646361639 ) ) ;
#9531 = VERTEX_POINT ( 'NONE', #8081 ) ;
#9532 = SURFACE_STYLE_USAGE ( .BOTH. , #11449 ) ;
#9533 = FILL_AREA_STYLE ('',( #5876 ) ) ;
#9534 = COLOUR_RGB ( '',0.2235294117647058654, 0.2235294117647058654, 0.2235294117647058654 ) ;
#9535 = AXIS2_PLACEMENT_3D ( 'NONE', #3170, #11535, #7026 ) ;
#9536 = FACE_OUTER_BOUND ( 'NONE', #6109, .T. ) ;
#9537 = EDGE_LOOP ( 'NONE', ( #9232, #9718, #26, #6619 ) ) ;
#9538 = ORIENTED_EDGE ( 'NONE', *, *, #1349, .T. ) ;
#9539 = DIRECTION ( 'NONE',  ( -0.007092178509960773460, 0.0000000000000000000, 0.9999748501857348426 ) ) ;
#9540 = CARTESIAN_POINT ( 'NONE',  ( -0.2312104593905486283, 0.9810000000000003162, 0.2199810983942929177 ) ) ;
#9541 = EDGE_CURVE ( 'NONE', #1395, #732, #5294, .T. ) ;
#9542 = EDGE_CURVE ( 'NONE', #5468, #9293, #7836, .T. ) ;
#9543 = SURFACE_SIDE_STYLE ('',( #119 ) ) ;
#9544 = CARTESIAN_POINT ( 'NONE',  ( -0.5799999999999994049, 0.9999999999999995559, 0.0000000000000000000 ) ) ;
#9545 = PLANE ( 'NONE',  #217 ) ;
#9546 =( GEOMETRIC_REPRESENTATION_CONTEXT ( 3 ) GLOBAL_UNCERTAINTY_ASSIGNED_CONTEXT ( ( #9144 ) ) GLOBAL_UNIT_ASSIGNED_CONTEXT ( ( #7739, #4222, #7915 ) ) REPRESENTATION_CONTEXT ( 'NONE', 'WORKASPACE' ) );
#9547 = EDGE_LOOP ( 'NONE', ( #4120, #5631, #9306, #8759 ) ) ;
#9548 = CARTESIAN_POINT ( 'NONE',  ( -0.1248929121863773528, 0.9810000000000003162, 0.2420247191473610393 ) ) ;
#9549 = B_SPLINE_CURVE_WITH_KNOTS ( 'NONE', 3,
 ( #7452, #7277, #11049, #927 ),
 .UNSPECIFIED., .F., .F.,
 ( 4, 4 ),
 ( 33.00000000000000000, 34.00000000000000000 ),
 .UNSPECIFIED. ) ;
#9550 = CARTESIAN_POINT ( 'NONE',  ( -0.2141639342374535293, 0.9810000000000003162, 0.2593018577486319587 ) ) ;
#9551 = ORIENTED_EDGE ( 'NONE', *, *, #11683, .F. ) ;
#9552 = CARTESIAN_POINT ( 'NONE',  ( -0.1763723712847932723, 0.9810000000000003162, 0.3460799233489056936 ) ) ;
#9553 = ADVANCED_FACE ( 'NONE', ( #7169 ), #9664, .F. ) ;
#9554 = COLOUR_RGB ( '',0.2235294117647058654, 0.2235294117647058654, 0.2235294117647058654 ) ;
#9555 = MECHANICAL_DESIGN_GEOMETRIC_PRESENTATION_REPRESENTATION (  '', ( #2422 ), #7434 ) ;
#9556 =( NAMED_UNIT ( * ) PLANE_ANGLE_UNIT ( ) SI_UNIT ( $, .RADIAN. ) );
#9557 = B_SPLINE_SURFACE_WITH_KNOTS ( 'NONE', 3, 1, ( 
 ( #4536, #2717 ),
 ( #9969, #5391 ),
 ( #4, #9064 ),
 ( #11812, #5447 ) ),
 .UNSPECIFIED., .F., .F., .F.,
 ( 4, 4 ),
 ( 2, 2 ),
 ( 1.000000000000000000, 2.000000000000000000 ),
 ( 0.0000000000000000000, 1.000000000000000000 ),
 .UNSPECIFIED. ) ;
#9558 = AXIS2_PLACEMENT_3D ( 'NONE', #9710, #6215, #1566 ) ;
#9559 =( LENGTH_UNIT ( ) NAMED_UNIT ( * ) SI_UNIT ( .MILLI., .METRE. ) );
#9560 = EDGE_CURVE ( 'NONE', #1007, #7488, #11493, .T. ) ;
#9561 = CARTESIAN_POINT ( 'NONE',  ( -0.2246060417348193505, 0.9800000000000004263, 0.2142311431095073326 ) ) ;
#9562 =( NAMED_UNIT ( * ) SI_UNIT ( $, .STERADIAN. ) SOLID_ANGLE_UNIT ( ) );
#9563 = CARTESIAN_POINT ( 'NONE',  ( -0.1961842349277509723, 0.9800000000000004263, 0.3209845929408485232 ) ) ;
#9564 = ORIENTED_EDGE ( 'NONE', *, *, #6523, .F. ) ;
#9565 = ORIENTED_EDGE ( 'NONE', *, *, #5379, .F. ) ;
#9566 = PRESENTATION_LAYER_ASSIGNMENT (  '', '', ( #2041 ) ) ;
#9567 = COLOUR_RGB ( '',0.2235294117647058654, 0.2235294117647058654, 0.2235294117647058654 ) ;
#9568 =( LENGTH_UNIT ( ) NAMED_UNIT ( * ) SI_UNIT ( .MILLI., .METRE. ) );
#9569 = EDGE_CURVE ( 'NONE', #4736, #9293, #6858, .T. ) ;
#9570 = MECHANICAL_DESIGN_GEOMETRIC_PRESENTATION_REPRESENTATION (  '', ( #8614 ), #6304 ) ;
#9571 = ORIENTED_EDGE ( 'NONE', *, *, #795, .F. ) ;
#9572 = SURFACE_STYLE_USAGE ( .BOTH. , #6924 ) ;
#9573 = AXIS2_PLACEMENT_3D ( 'NONE', #2946, #6774, #7467 ) ;
#9574 = ORIENTED_EDGE ( 'NONE', *, *, #11883, .F. ) ;
#9575 = FACE_OUTER_BOUND ( 'NONE', #7082, .T. ) ;
#9576 = LINE ( 'NONE', #1314, #2783 ) ;
#9577 = VECTOR ( 'NONE', #10923, 1000.000000000000000 ) ;
#9578 = CARTESIAN_POINT ( 'NONE',  ( -0.1144412211968475201, 0.9810000000000003162, 0.3040699766448613506 ) ) ;
#9579 = CARTESIAN_POINT ( 'NONE',  ( -0.09660557314164537612, 0.9800000000000004263, 0.2522852538963212821 ) ) ;
#9580 = DIRECTION ( 'NONE',  ( -0.9999748501857348426, 0.0000000000000000000, -0.007092178509964769395 ) ) ;
#9581 = CARTESIAN_POINT ( 'NONE',  ( -0.1426932463513330973, 0.9810000000000003162, 0.2246900465209392683 ) ) ;
#9582 = EDGE_CURVE ( 'NONE', #1307, #10114, #2080, .T. ) ;
#9583 =( LENGTH_UNIT ( ) NAMED_UNIT ( * ) SI_UNIT ( .MILLI., .METRE. ) );
#9584 = PRESENTATION_LAYER_ASSIGNMENT (  '', '', ( #1855 ) ) ;
#9585 = VERTEX_POINT ( 'NONE', #9755 ) ;
#9586 = AXIS2_PLACEMENT_3D ( 'NONE', #11403, #6839, #2412 ) ;
#9587 = CARTESIAN_POINT ( 'NONE',  ( -0.09147336715208141678, 0.9810000000000003162, 0.2195424606302124049 ) ) ;
#9588 = CARTESIAN_POINT ( 'NONE',  ( -0.1573411102404881357, 0.9810000000000003162, 0.2081835649905804664 ) ) ;
#9589 = CARTESIAN_POINT ( 'NONE',  ( 0.1857090023169245818, 0.9800000000000004263, 0.3113179476557284553 ) ) ;
#9590 = CARTESIAN_POINT ( 'NONE',  ( 0.06285189649190150996, 0.9810000000000003162, 0.3545502998984561560 ) ) ;
#9591 = CARTESIAN_POINT ( 'NONE',  ( 0.07274796198588512341, 0.9810000000000003162, 0.2335160094338862014 ) ) ;
#9592 = ORIENTED_EDGE ( 'NONE', *, *, #9333, .T. ) ;
#9593 = SURFACE_STYLE_USAGE ( .BOTH. , #4159 ) ;
#9594 = FILL_AREA_STYLE ('',( #9528 ) ) ;
#9595 = VECTOR ( 'NONE', #11238, 1000.000000000000114 ) ;
#9596 = ORIENTED_EDGE ( 'NONE', *, *, #6706, .T. ) ;
#9597 = EDGE_CURVE ( 'NONE', #9366, #11425, #10881, .T. ) ;
#9598 = DIRECTION ( 'NONE',  ( -0.0000000000000000000, -1.000000000000000000, -0.0000000000000000000 ) ) ;
#9599 = CARTESIAN_POINT ( 'NONE',  ( -0.2699999999999994071, -0.9800000000000004263, 0.5300000000000001377 ) ) ;
#9600 = PRESENTATION_STYLE_ASSIGNMENT (( #7979 ) ) ;
#9601 = CARTESIAN_POINT ( 'NONE',  ( -0.1356237158666682430, 0.9800000000000004263, 0.2266637866773915377 ) ) ;
#9602 = VECTOR ( 'NONE', #98, 1000.000000000000000 ) ;
#9603 = VERTEX_POINT ( 'NONE', #5527 ) ;
#9604 = VERTEX_POINT ( 'NONE', #1817 ) ;
#9605 = UNCERTAINTY_MEASURE_WITH_UNIT (LENGTH_MEASURE( 1.000000000000000082E-05 ), #4531, 'distance_accuracy_value', 'NONE');
#9606 = CARTESIAN_POINT ( 'NONE',  ( -0.2312104593905486283, 0.9810000000000003162, 0.2199810983942929177 ) ) ;
#9607 = CARTESIAN_POINT ( 'NONE',  ( 0.1521060316840670834, 0.9800000000000004263, 0.3089105867101309411 ) ) ;
#9608 = MECHANICAL_DESIGN_GEOMETRIC_PRESENTATION_REPRESENTATION (  '', ( #8082 ), #4601 ) ;
#9609 = CARTESIAN_POINT ( 'NONE',  ( -0.09597104098580989950, 0.9800000000000004263, 0.2471168284930282122 ) ) ;
#9610 = COLOUR_RGB ( '',0.2235294117647058654, 0.2235294117647058654, 0.2235294117647058654 ) ;
#9611 = ORIENTED_EDGE ( 'NONE', *, *, #6314, .T. ) ;
#9612 = SURFACE_STYLE_FILL_AREA ( #4982 ) ;
#9613 = SURFACE_SIDE_STYLE ('',( #2367 ) ) ;
#9614 = CARTESIAN_POINT ( 'NONE',  ( -0.1410897765776967239, 0.9810000000000003162, 0.2441713755496451588 ) ) ;
#9615 = EDGE_LOOP ( 'NONE', ( #9197, #538, #5185, #2732 ) ) ;
#9616 = CARTESIAN_POINT ( 'NONE',  ( -0.1615075172667808645, 0.9810000000000003162, 0.2953399093373641482 ) ) ;
#9617 = DIRECTION ( 'NONE',  ( -0.9999748501857348426, -0.0000000000000000000, -0.007092178509964370409 ) ) ;
#9618 = EDGE_CURVE ( 'NONE', #6197, #688, #10852, .T. ) ;
#9619 = ORIENTED_EDGE ( 'NONE', *, *, #6280, .T. ) ;
#9620 = VECTOR ( 'NONE', #2006, 1000.000000000000000 ) ;
#9621 =( GEOMETRIC_REPRESENTATION_CONTEXT ( 3 ) GLOBAL_UNCERTAINTY_ASSIGNED_CONTEXT ( ( #2245 ) ) GLOBAL_UNIT_ASSIGNED_CONTEXT ( ( #3999, #7693, #5744 ) ) REPRESENTATION_CONTEXT ( 'NONE', 'WORKASPACE' ) );
#9622 = COLOUR_RGB ( '',0.2235294117647058654, 0.2235294117647058654, 0.2235294117647058654 ) ;
#9623 = FILL_AREA_STYLE ('',( #621 ) ) ;
#9624 = CARTESIAN_POINT ( 'NONE',  ( -0.1110602552199796422, 0.9800000000000004263, 0.3404863979962016729 ) ) ;
#9625 = SURFACE_SIDE_STYLE ('',( #7708 ) ) ;
#9626 = CARTESIAN_POINT ( 'NONE',  ( -0.07423503210791476681, 0.9800000000000004263, 0.2959588769480394621 ) ) ;
#9627 = CARTESIAN_POINT ( 'NONE',  ( -0.1906467391812632917, 0.9800000000000004263, 0.3062329384880760896 ) ) ;
#9628 = ORIENTED_EDGE ( 'NONE', *, *, #10740, .F. ) ;
#9629 = ORIENTED_EDGE ( 'NONE', *, *, #4401, .T. ) ;
#9630 = MECHANICAL_DESIGN_GEOMETRIC_PRESENTATION_REPRESENTATION (  '', ( #11365 ), #374 ) ;
#9631 = SURFACE_STYLE_FILL_AREA ( #10594 ) ;
#9632 = EDGE_LOOP ( 'NONE', ( #6294, #8313 ) ) ;
#9633 = STYLED_ITEM ( 'NONE', ( #2692 ), #2553 ) ;
#9634 = B_SPLINE_CURVE_WITH_KNOTS ( 'NONE', 3,
 ( #2526, #1731, #825, #11795 ),
 .UNSPECIFIED., .F., .F.,
 ( 4, 4 ),
 ( 6.000000000000000000, 7.000000000000000000 ),
 .UNSPECIFIED. ) ;
#9635 = ADVANCED_FACE ( 'NONE', ( #9993 ), #6317, .F. ) ;
#9636 = EDGE_CURVE ( 'NONE', #719, #9531, #4499, .T. ) ;
#9637 = MECHANICAL_DESIGN_GEOMETRIC_PRESENTATION_REPRESENTATION (  '', ( #4431 ), #11735 ) ;
#9638 = ORIENTED_EDGE ( 'NONE', *, *, #6172, .F. ) ;
#9639 = ORIENTED_EDGE ( 'NONE', *, *, #10301, .T. ) ;
#9640 =( NAMED_UNIT ( * ) SI_UNIT ( $, .STERADIAN. ) SOLID_ANGLE_UNIT ( ) );
#9641 = UNCERTAINTY_MEASURE_WITH_UNIT (LENGTH_MEASURE( 1.000000000000000082E-05 ), #5297, 'distance_accuracy_value', 'NONE');
#9642 = DIRECTION ( 'NONE',  ( -0.9999748501857348426, -0.0000000000000000000, -0.007092178509965165779 ) ) ;
#9643 = PRESENTATION_STYLE_ASSIGNMENT (( #10539 ) ) ;
#9644 = AXIS2_PLACEMENT_3D ( 'NONE', #4004, #2366, #10571 ) ;
#9645 = CARTESIAN_POINT ( 'NONE',  ( -0.08524098574380838123, 0.9800000000000004263, 0.3322212719277862769 ) ) ;
#9646 = CARTESIAN_POINT ( 'NONE',  ( 0.5800000000000001821, 0.9800000000000004263, 0.01999999999999999695 ) ) ;
#9647 = ORIENTED_EDGE ( 'NONE', *, *, #9907, .T. ) ;
#9648 = COLOUR_RGB ( '',0.2235294117647058654, 0.2235294117647058654, 0.2235294117647058654 ) ;
#9649 = DIRECTION ( 'NONE',  ( -0.0000000000000000000, -1.000000000000000000, -0.0000000000000000000 ) ) ;
#9650 = CARTESIAN_POINT ( 'NONE',  ( -0.2831783384289687788, 0.9810000000000003162, 0.2334676463382734657 ) ) ;
#9651 = MECHANICAL_DESIGN_GEOMETRIC_PRESENTATION_REPRESENTATION (  '', ( #2693 ), #10610 ) ;
#9652 =( LENGTH_UNIT ( ) NAMED_UNIT ( * ) SI_UNIT ( .MILLI., .METRE. ) );
#9653 = DIRECTION ( 'NONE',  ( -0.0000000000000000000, -1.000000000000000000, -0.0000000000000000000 ) ) ;
#9654 = SURFACE_SIDE_STYLE ('',( #1389 ) ) ;
#9655 = CARTESIAN_POINT ( 'NONE',  ( 0.06765124920874769632, 0.9810000000000003162, 0.2385409496262888840 ) ) ;
#9656 = ADVANCED_FACE ( 'NONE', ( #9085 ), #6873, .F. ) ;
#9657 = CARTESIAN_POINT ( 'NONE',  ( -0.07180022649168252280, 0.9800000000000004263, 0.2440389313270088789 ) ) ;
#9658 = CARTESIAN_POINT ( 'NONE',  ( -0.2129742397133229659, 0.9810000000000003162, 0.2949748889742561664 ) ) ;
#9659 = PLANE ( 'NONE',  #6329 ) ;
#9660 = VERTEX_POINT ( 'NONE', #3643 ) ;
#9661 = VECTOR ( 'NONE', #459, 1000.000000000000114 ) ;
#9662 = VECTOR ( 'NONE', #1406, 1000.000000000000000 ) ;
#9663 = CARTESIAN_POINT ( 'NONE',  ( -0.1248825883781272406, 0.9800000000000004263, 0.2405690946740485503 ) ) ;
#9664 = B_SPLINE_SURFACE_WITH_KNOTS ( 'NONE', 3, 1, ( 
 ( #4270, #7041 ),
 ( #1489, #9810 ),
 ( #1656, #6990 ),
 ( #9028, #8914 ) ),
 .UNSPECIFIED., .F., .F., .F.,
 ( 4, 4 ),
 ( 2, 2 ),
 ( 3.000000000000000000, 4.000000000000000000 ),
 ( 0.0000000000000000000, 1.000000000000000000 ),
 .UNSPECIFIED. ) ;
#9665 =( LENGTH_UNIT ( ) NAMED_UNIT ( * ) SI_UNIT ( .MILLI., .METRE. ) );
#9666 = FILL_AREA_STYLE ('',( #5088 ) ) ;
#9667 = ORIENTED_EDGE ( 'NONE', *, *, #10095, .T. ) ;
#9668 = ORIENTED_EDGE ( 'NONE', *, *, #6645, .F. ) ;
#9669 = CARTESIAN_POINT ( 'NONE',  ( -0.2635242728664949907, 0.9800000000000004263, 0.2258346540870750652 ) ) ;
#9670 = EDGE_CURVE ( 'NONE', #10045, #8215, #7335, .T. ) ;
#9671 = LINE ( 'NONE', #6173, #2910 ) ;
#9672 = FILL_AREA_STYLE_COLOUR ( '', #6939 ) ;
#9673 = VERTEX_POINT ( 'NONE', #8431 ) ;
#9674 = FILL_AREA_STYLE_COLOUR ( '', #5242 ) ;
#9675 = UNCERTAINTY_MEASURE_WITH_UNIT (LENGTH_MEASURE( 1.000000000000000082E-05 ), #3747, 'distance_accuracy_value', 'NONE');
#9676 = CARTESIAN_POINT ( 'NONE',  ( -0.05361791722322011705, 0.9810000000000003162, 0.2441678867532692254 ) ) ;
#9677 = ORIENTED_EDGE ( 'NONE', *, *, #8804, .T. ) ;
#9678 = CARTESIAN_POINT ( 'NONE',  ( -0.1059407673163522551, 0.9810000000000003162, 0.2948761867036693296 ) ) ;
#9679 = VECTOR ( 'NONE', #377, 1000.000000000000000 ) ;
#9680 =( LENGTH_UNIT ( ) NAMED_UNIT ( * ) SI_UNIT ( .MILLI., .METRE. ) );
#9681 = ORIENTED_EDGE ( 'NONE', *, *, #4304, .F. ) ;
#9682 = LINE ( 'NONE', #3459, #6475 ) ;
#9683 = CARTESIAN_POINT ( 'NONE',  ( -0.1420095865402139501, 0.9810000000000003162, 0.2290879829622765040 ) ) ;
#9684 = LINE ( 'NONE', #7824, #4087 ) ;
#9685 = PRESENTATION_LAYER_ASSIGNMENT (  '', '', ( #8530 ) ) ;
#9686 = EDGE_CURVE ( 'NONE', #3470, #455, #2012, .T. ) ;
#9687 = DIRECTION ( 'NONE',  ( -0.9999748501857348426, 0.0000000000000000000, -0.007092178509965098125 ) ) ;
#9688 = VERTEX_POINT ( 'NONE', #8542 ) ;
#9689 = VERTEX_POINT ( 'NONE', #5779 ) ;
#9690 = PLANE ( 'NONE',  #9769 ) ;
#9691 = ORIENTED_EDGE ( 'NONE', *, *, #11619, .T. ) ;
#9692 = CARTESIAN_POINT ( 'NONE',  ( -0.3817097946182765877, -1.034353464437637760, 0.5300000000000001377 ) ) ;
#9693 = VERTEX_POINT ( 'NONE', #3823 ) ;
#9694 = ORIENTED_EDGE ( 'NONE', *, *, #4614, .F. ) ;
#9695 = CARTESIAN_POINT ( 'NONE',  ( 0.04307265205478567199, 0.9800000000000004263, 0.2380051290754030546 ) ) ;
#9696 = LINE ( 'NONE', #1197, #6293 ) ;
#9697 = DIRECTION ( 'NONE',  ( 0.0000000000000000000, -1.000000000000000000, 0.0000000000000000000 ) ) ;
#9698 = ADVANCED_FACE ( 'NONE', ( #2078 ), #7947, .F. ) ;
#9699 = CARTESIAN_POINT ( 'NONE',  ( 0.008049363051064835003, 0.9800000000000004263, 0.2319726427754881526 ) ) ;
#9700 = VECTOR ( 'NONE', #11897, 1000.000000000000000 ) ;
#9701 = SURFACE_STYLE_FILL_AREA ( #3251 ) ;
#9702 = DIRECTION ( 'NONE',  ( -0.0000000000000000000, -1.000000000000000000, -0.0000000000000000000 ) ) ;
#9703 = LINE ( 'NONE', #6149, #1741 ) ;
#9704 = ORIENTED_EDGE ( 'NONE', *, *, #11878, .F. ) ;
#9705 = CARTESIAN_POINT ( 'NONE',  ( 0.1396949596590429665, 0.9800000000000004263, 0.3258133215997177090 ) ) ;
#9706 = ADVANCED_FACE ( 'NONE', ( #2923 ), #6854, .F. ) ;
#9707 = FILL_AREA_STYLE_COLOUR ( '', #11463 ) ;
#9708 = CARTESIAN_POINT ( 'NONE',  ( 0.1813122104065303664, 0.9810000000000003162, 0.2176567344499826251 ) ) ;
#9709 = CARTESIAN_POINT ( 'NONE',  ( -0.07648797249033079115, 0.9810000000000003162, 0.3204038184596204597 ) ) ;
#9710 = CARTESIAN_POINT ( 'NONE',  ( -0.05434685182712482854, 0.9810000000000003162, 0.3469453718815403986 ) ) ;
#9711 = LINE ( 'NONE', #1445, #11068 ) ;
#9712 = FILL_AREA_STYLE ('',( #2352 ) ) ;
#9713 = CARTESIAN_POINT ( 'NONE',  ( 0.2499999999999994171, -1.000000000000000444, -0.02000000000000000389 ) ) ;
#9714 = PRESENTATION_STYLE_ASSIGNMENT (( #2533 ) ) ;
#9715 = ADVANCED_FACE ( 'NONE', ( #5958 ), #8043, .F. ) ;
#9716 = DIRECTION ( 'NONE',  ( 0.0000000000000000000, -0.0000000000000000000, 1.000000000000000000 ) ) ;
#9717 = DIRECTION ( 'NONE',  ( 0.007092178510054866596, 0.0000000000000000000, -0.9999748501857341765 ) ) ;
#9718 = ORIENTED_EDGE ( 'NONE', *, *, #11854, .F. ) ;
#9719 = VERTEX_POINT ( 'NONE', #6126 ) ;
#9720 = UNCERTAINTY_MEASURE_WITH_UNIT (LENGTH_MEASURE( 1.000000000000000082E-05 ), #2311, 'distance_accuracy_value', 'NONE');
#9721 = CARTESIAN_POINT ( 'NONE',  ( 0.1660348399979919010, 0.9810000000000003162, 0.3328687438566483858 ) ) ;
#9722 =( NAMED_UNIT ( * ) PLANE_ANGLE_UNIT ( ) SI_UNIT ( $, .RADIAN. ) );
#9723 = CARTESIAN_POINT ( 'NONE',  ( 0.2101081641215258311, 0.9800000000000004263, 0.2352132453259013212 ) ) ;
#9724 = VERTEX_POINT ( 'NONE', #4258 ) ;
#9725 = PLANE ( 'NONE',  #9644 ) ;
#9726 = EDGE_CURVE ( 'NONE', #7989, #3608, #2555, .T. ) ;
#9727 = DIRECTION ( 'NONE',  ( -0.007092178509960132479, -0.0000000000000000000, 0.9999748501857348426 ) ) ;
#9728 = STYLED_ITEM ( 'NONE', ( #6202 ), #9553 ) ;
#9729 = EDGE_LOOP ( 'NONE', ( #9006, #11553, #8784, #8322, #7778, #11225, #7700, #10460, #5685, #1362 ) ) ;
#9730 = CARTESIAN_POINT ( 'NONE',  ( -0.1519029950726835665, 0.9810000000000003162, 0.2954080280364402289 ) ) ;
#9731 = EDGE_LOOP ( 'NONE', ( #5472, #11720, #7269, #1680 ) ) ;
#9732 = UNCERTAINTY_MEASURE_WITH_UNIT (LENGTH_MEASURE( 1.000000000000000082E-05 ), #11566, 'distance_accuracy_value', 'NONE');
#9733 = CARTESIAN_POINT ( 'NONE',  ( -0.5799999999999994049, -1.000000000000000444, 0.0000000000000000000 ) ) ;
#9734 = CARTESIAN_POINT ( 'NONE',  ( -0.1224614342200521788, 0.9810000000000003162, 0.2492164741168255149 ) ) ;
#9735 = CARTESIAN_POINT ( 'NONE',  ( -0.1027004626466781617, 0.9800000000000004263, 0.3474602526721866647 ) ) ;
#9736 = COLOUR_RGB ( '',0.2235294117647058654, 0.2235294117647058654, 0.2235294117647058654 ) ;
#9737 = AXIS2_PLACEMENT_3D ( 'NONE', #1419, #5101, #7157 ) ;
#9738 = FACE_OUTER_BOUND ( 'NONE', #3771, .T. ) ;
#9739 = CARTESIAN_POINT ( 'NONE',  ( -0.1406043819388396454, 0.9810000000000003162, 0.2307096144780721170 ) ) ;
#9740 = DIRECTION ( 'NONE',  ( -0.0000000000000000000, -1.000000000000000000, -0.0000000000000000000 ) ) ;
#9741 = CARTESIAN_POINT ( 'NONE',  ( -0.1313250672471208136, 0.9810000000000003162, 0.3242780088867004973 ) ) ;
#9742 = EDGE_LOOP ( 'NONE', ( #2124, #4083, #9668, #1721 ) ) ;
#9743 = ORIENTED_EDGE ( 'NONE', *, *, #6645, .T. ) ;
#9744 = CARTESIAN_POINT ( 'NONE',  ( -0.08683725237851296075, 0.9810000000000003162, 0.2274257113143270670 ) ) ;
#9745 = EDGE_CURVE ( 'NONE', #10512, #11186, #3232, .T. ) ;
#9746 = DIRECTION ( 'NONE',  ( -0.0000000000000000000, -1.000000000000000000, -0.0000000000000000000 ) ) ;
#9747 = VERTEX_POINT ( 'NONE', #9856 ) ;
#9748 = PRESENTATION_LAYER_ASSIGNMENT (  '', '', ( #8788 ) ) ;
#9749 = DIRECTION ( 'NONE',  ( -0.0000000000000000000, -1.000000000000000000, -0.0000000000000000000 ) ) ;
#9750 = VECTOR ( 'NONE', #3248, 1000.000000000000114 ) ;
#9751 = VECTOR ( 'NONE', #1210, 1000.000000000000000 ) ;
#9752 = ORIENTED_EDGE ( 'NONE', *, *, #1371, .F. ) ;
#9753 = VERTEX_POINT ( 'NONE', #2320 ) ;
#9754 = EDGE_CURVE ( 'NONE', #796, #7688, #6017, .T. ) ;
#9755 = CARTESIAN_POINT ( 'NONE',  ( -0.1262595874407420882, 0.9800000000000004263, 0.2386357279820021660 ) ) ;
#9756 =( NAMED_UNIT ( * ) SI_UNIT ( $, .STERADIAN. ) SOLID_ANGLE_UNIT ( ) );
#9757 = DIRECTION ( 'NONE',  ( -1.000000000000000000, -0.0000000000000000000, -0.0000000000000000000 ) ) ;
#9758 = CARTESIAN_POINT ( 'NONE',  ( -0.1471323806271166434, 0.9800000000000004263, 0.1981960580990772547 ) ) ;
#9759 = LINE ( 'NONE', #6995, #1418 ) ;
#9760 = DIRECTION ( 'NONE',  ( -0.0000000000000000000, -1.000000000000000000, -0.0000000000000000000 ) ) ;
#9761 = EDGE_LOOP ( 'NONE', ( #860, #2523, #5576, #1311, #854, #11015 ) ) ;
#9762 = CARTESIAN_POINT ( 'NONE',  ( 0.02988217082207585834, 0.9800000000000004263, 0.3138278063142558860 ) ) ;
#9763 = MECHANICAL_DESIGN_GEOMETRIC_PRESENTATION_REPRESENTATION (  '', ( #1294 ), #5337 ) ;
#9764 = EDGE_CURVE ( 'NONE', #11715, #5173, #9682, .T. ) ;
#9765 =( GEOMETRIC_REPRESENTATION_CONTEXT ( 3 ) GLOBAL_UNCERTAINTY_ASSIGNED_CONTEXT ( ( #9007 ) ) GLOBAL_UNIT_ASSIGNED_CONTEXT ( ( #3143, #7733, #4835 ) ) REPRESENTATION_CONTEXT ( 'NONE', 'WORKASPACE' ) );
#9766 =( NAMED_UNIT ( * ) SI_UNIT ( $, .STERADIAN. ) SOLID_ANGLE_UNIT ( ) );
#9767 = CARTESIAN_POINT ( 'NONE',  ( -0.1385436276972784042, 0.9800000000000004263, 0.2168691073937580316 ) ) ;
#9768 = CARTESIAN_POINT ( 'NONE',  ( -0.1200913414005839730, 0.9800000000000004263, 0.2357420853957250817 ) ) ;
#9769 = AXIS2_PLACEMENT_3D ( 'NONE', #10473, #450, #628 ) ;
#9770 = CARTESIAN_POINT ( 'NONE',  ( 0.6000000000000003109, 0.9999999999999995559, 0.5500000000000000444 ) ) ;
#9771 = COLOUR_RGB ( '',0.2235294117647058654, 0.2235294117647058654, 0.2235294117647058654 ) ;
#9772 = PLANE ( 'NONE',  #9958 ) ;
#9773 = LINE ( 'NONE', #2293, #10355 ) ;
#9774 = ADVANCED_FACE ( 'NONE', ( #7998 ), #7027, .T. ) ;
#9775 = FACE_OUTER_BOUND ( 'NONE', #9190, .T. ) ;
#9776 =( NAMED_UNIT ( * ) SI_UNIT ( $, .STERADIAN. ) SOLID_ANGLE_UNIT ( ) );
#9777 = FACE_OUTER_BOUND ( 'NONE', #6579, .T. ) ;
#9778 = EDGE_CURVE ( 'NONE', #6970, #11480, #8777, .T. ) ;
#9779 = ORIENTED_EDGE ( 'NONE', *, *, #3942, .F. ) ;
#9780 = ORIENTED_EDGE ( 'NONE', *, *, #5397, .T. ) ;
#9781 = CARTESIAN_POINT ( 'NONE',  ( -0.2909312565452122912, 0.9800000000000004263, 0.2545462710318336930 ) ) ;
#9782 = PRESENTATION_LAYER_ASSIGNMENT (  '', '', ( #1863 ) ) ;
#9783 =( NAMED_UNIT ( * ) PLANE_ANGLE_UNIT ( ) SI_UNIT ( $, .RADIAN. ) );
#9784 = ORIENTED_EDGE ( 'NONE', *, *, #607, .T. ) ;
#9785 = CARTESIAN_POINT ( 'NONE',  ( -0.1224614342200521788, 0.9800000000000004263, 0.2492164741168255149 ) ) ;
#9786 = VECTOR ( 'NONE', #3029, 1000.000000000000000 ) ;
#9787 = UNCERTAINTY_MEASURE_WITH_UNIT (LENGTH_MEASURE( 1.000000000000000082E-05 ), #2924, 'distance_accuracy_value', 'NONE');
#9788 = VECTOR ( 'NONE', #1319, 1000.000000000000000 ) ;
#9789 = CARTESIAN_POINT ( 'NONE',  ( 0.0000000000000000000, 0.0000000000000000000, 0.0000000000000000000 ) ) ;
#9790 = ORIENTED_EDGE ( 'NONE', *, *, #10215, .F. ) ;
#9791 = SURFACE_STYLE_FILL_AREA ( #1637 ) ;
#9792 = CARTESIAN_POINT ( 'NONE',  ( -0.1183255496279410762, 0.9810000000000003162, 0.2414994159896735326 ) ) ;
#9793 = DIRECTION ( 'NONE',  ( -0.9999748501857348426, 0.0000000000000000000, -0.007092178509963322636 ) ) ;
#9794 = EDGE_CURVE ( 'NONE', #7688, #4249, #9154, .T. ) ;
#9795 = CARTESIAN_POINT ( 'NONE',  ( 0.1473528750121374797, 0.9800000000000004263, 0.2145238108256276310 ) ) ;
#9796 = CARTESIAN_POINT ( 'NONE',  ( -0.1484167451370287383, 0.9800000000000004263, 0.2033598746594020568 ) ) ;
#9797 = SURFACE_STYLE_USAGE ( .BOTH. , #8133 ) ;
#9798 = LINE ( 'NONE', #1423, #10010 ) ;
#9799 = ORIENTED_EDGE ( 'NONE', *, *, #634, .T. ) ;
#9800 = ORIENTED_EDGE ( 'NONE', *, *, #7045, .F. ) ;
#9801 = CARTESIAN_POINT ( 'NONE',  ( -0.2031402075827740128, 0.9800000000000004263, 0.3286556553953842719 ) ) ;
#9802 = B_SPLINE_CURVE_WITH_KNOTS ( 'NONE', 3,
 ( #8608, #10589, #2323, #5104 ),
 .UNSPECIFIED., .F., .F.,
 ( 4, 4 ),
 ( 2.000000000000000000, 3.000000000000000000 ),
 .UNSPECIFIED. ) ;
#9803 = DIRECTION ( 'NONE',  ( -0.0000000000000000000, -1.000000000000000000, -0.0000000000000000000 ) ) ;
#9804 = CIRCLE ( 'NONE', #10759, 0.02000000000000000042 ) ;
#9805 = ORIENTED_EDGE ( 'NONE', *, *, #7045, .T. ) ;
#9806 = COLOUR_RGB ( '',0.2235294117647058654, 0.2235294117647058654, 0.2235294117647058654 ) ;
#9807 = FILL_AREA_STYLE ('',( #10700 ) ) ;
#9808 = ORIENTED_EDGE ( 'NONE', *, *, #9670, .F. ) ;
#9809 = ORIENTED_EDGE ( 'NONE', *, *, #8311, .T. ) ;
#9810 = CARTESIAN_POINT ( 'NONE',  ( -0.2662387320508122213, 0.9800000000000004263, 0.2475468891675274286 ) ) ;
#9811 = EDGE_CURVE ( 'NONE', #8298, #10747, #561, .T. ) ;
#9812 = SURFACE_SIDE_STYLE ('',( #2514 ) ) ;
#9813 = VECTOR ( 'NONE', #10474, 1000.000000000000000 ) ;
#9814 = STYLED_ITEM ( 'NONE', ( #4874 ), #4018 ) ;
#9815 = DIRECTION ( 'NONE',  ( -0.9999748501857349536, 0.0000000000000000000, -0.007092178509958829702 ) ) ;
#9816 = LINE ( 'NONE', #4277, #11421 ) ;
#9817 = VECTOR ( 'NONE', #4792, 1000.000000000000000 ) ;
#9818 = CARTESIAN_POINT ( 'NONE',  ( -0.1906467391812632917, 0.9800000000000004263, 0.3062329384880760896 ) ) ;
#9819 = VERTEX_POINT ( 'NONE', #11536 ) ;
#9820 = PRESENTATION_LAYER_ASSIGNMENT (  '', '', ( #11365 ) ) ;
#9821 = CARTESIAN_POINT ( 'NONE',  ( -0.1361515083795944714, 0.9810000000000003162, 0.2241125724212622294 ) ) ;
#9822 = CARTESIAN_POINT ( 'NONE',  ( 0.5800000000000001821, -0.9800000000000004263, 0.01999999999999999695 ) ) ;
#9823 = FILL_AREA_STYLE_COLOUR ( '', #8485 ) ;
#9824 = LINE ( 'NONE', #7182, #8799 ) ;
#9825 = MECHANICAL_DESIGN_GEOMETRIC_PRESENTATION_REPRESENTATION (  '', ( #11368 ), #10972 ) ;
#9826 = AXIS2_PLACEMENT_3D ( 'NONE', #9385, #5900, #5783 ) ;
#9827 = PLANE ( 'NONE',  #3199 ) ;
#9828 = B_SPLINE_SURFACE_WITH_KNOTS ( 'NONE', 3, 1, ( 
 ( #5251, #8924 ),
 ( #6042, #7056 ),
 ( #649, #1612 ),
 ( #9709, #11680 ) ),
 .UNSPECIFIED., .F., .F., .F.,
 ( 4, 4 ),
 ( 2, 2 ),
 ( 3.000000000000000000, 4.000000000000000000 ),
 ( 0.0000000000000000000, 1.000000000000000000 ),
 .UNSPECIFIED. ) ;
#9829 = PRESENTATION_STYLE_ASSIGNMENT (( #10843 ) ) ;
#9830 = CARTESIAN_POINT ( 'NONE',  ( -0.1962292172351242647, 0.9800000000000004263, 0.3273269567171492311 ) ) ;
#9831 = STYLED_ITEM ( 'NONE', ( #7063 ), #4472 ) ;
#9832 = EDGE_CURVE ( 'NONE', #4100, #2482, #2491, .T. ) ;
#9833 = DIRECTION ( 'NONE',  ( -0.007092178509950084961, -0.0000000000000000000, 0.9999748501857350647 ) ) ;
#9834 = VECTOR ( 'NONE', #11024, 1000.000000000000000 ) ;
#9835 = CARTESIAN_POINT ( 'NONE',  ( 0.01684555845657268944, 0.9800000000000004263, 0.2660165733965533796 ) ) ;
#9836 = ORIENTED_EDGE ( 'NONE', *, *, #8699, .F. ) ;
#9837 = UNCERTAINTY_MEASURE_WITH_UNIT (LENGTH_MEASURE( 1.000000000000000082E-05 ), #8422, 'distance_accuracy_value', 'NONE');
#9838 =( NAMED_UNIT ( * ) PLANE_ANGLE_UNIT ( ) SI_UNIT ( $, .RADIAN. ) );
#9839 = PRESENTATION_STYLE_ASSIGNMENT (( #663 ) ) ;
#9840 = UNCERTAINTY_MEASURE_WITH_UNIT (LENGTH_MEASURE( 1.000000000000000082E-05 ), #5934, 'distance_accuracy_value', 'NONE');
#9841 = CARTESIAN_POINT ( 'NONE',  ( 0.1521060316840670834, 0.9810000000000003162, 0.3089105867101309411 ) ) ;
#9842 = CARTESIAN_POINT ( 'NONE',  ( -0.1213867636525516047, 0.9800000000000004263, 0.2204740666201408517 ) ) ;
#9843 = MECHANICAL_DESIGN_GEOMETRIC_PRESENTATION_REPRESENTATION (  '', ( #6397 ), #8708 ) ;
#9844 = AXIS2_PLACEMENT_3D ( 'NONE', #7079, #10738, #2478 ) ;
#9845 = EDGE_CURVE ( 'NONE', #2243, #9689, #8729, .T. ) ;
#9846 = EDGE_CURVE ( 'NONE', #3951, #1453, #4394, .T. ) ;
#9847 = EDGE_LOOP ( 'NONE', ( #11461, #4322, #7554, #3242 ) ) ;
#9848 = CARTESIAN_POINT ( 'NONE',  ( -0.0006930060458002883922, 0.9810000000000003162, 0.2413097862533814253 ) ) ;
#9849 = DIRECTION ( 'NONE',  ( 0.0000000000000000000, 1.000000000000000000, -0.0000000000000000000 ) ) ;
#9850 = ORIENTED_EDGE ( 'NONE', *, *, #8134, .T. ) ;
#9851 = UNCERTAINTY_MEASURE_WITH_UNIT (LENGTH_MEASURE( 1.000000000000000082E-05 ), #4343, 'distance_accuracy_value', 'NONE');
#9852 = FILL_AREA_STYLE_COLOUR ( '', #9806 ) ;
#9853 = PRESENTATION_LAYER_ASSIGNMENT (  '', '', ( #10047 ) ) ;
#9854 = EDGE_CURVE ( 'NONE', #9863, #5469, #1073, .T. ) ;
#9855 = SURFACE_STYLE_FILL_AREA ( #800 ) ;
#9856 = CARTESIAN_POINT ( 'NONE',  ( -0.1262595874407420882, 0.9810000000000003162, 0.2386357279820021660 ) ) ;
#9857 = DIRECTION ( 'NONE',  ( -0.9999748501857348426, 0.0000000000000000000, -0.007092178509960774327 ) ) ;
#9858 = EDGE_CURVE ( 'NONE', #9689, #11107, #8840, .T. ) ;
#9859 = CARTESIAN_POINT ( 'NONE',  ( -0.1031837160412458904, 0.9810000000000003162, 0.2268418735301109546 ) ) ;
#9860 = B_SPLINE_CURVE_WITH_KNOTS ( 'NONE', 3,
 ( #3513, #7477, #6246, #5747 ),
 .UNSPECIFIED., .F., .F.,
 ( 4, 4 ),
 ( 3.000000000000000000, 4.000000000000000000 ),
 .UNSPECIFIED. ) ;
#9861 = FILL_AREA_STYLE_COLOUR ( '', #6371 ) ;
#9862 = EDGE_LOOP ( 'NONE', ( #11516, #11233, #11010, #4852, #6183, #4880, #9704 ) ) ;
#9863 = VERTEX_POINT ( 'NONE', #7092 ) ;
#9864 = DIRECTION ( 'NONE',  ( -0.9999748501857348426, 0.0000000000000000000, -0.007092178509964274132 ) ) ;
#9865 = MECHANICAL_DESIGN_GEOMETRIC_PRESENTATION_REPRESENTATION (  '', ( #5845 ), #10449 ) ;
#9866 = CARTESIAN_POINT ( 'NONE',  ( -0.2254477106681113119, 0.9810000000000003162, 0.3457318635279222896 ) ) ;
#9867 = ORIENTED_EDGE ( 'NONE', *, *, #1917, .F. ) ;
#9868 = ADVANCED_FACE ( 'NONE', ( #5225 ), #3309, .F. ) ;
#9869 = ORIENTED_EDGE ( 'NONE', *, *, #8403, .F. ) ;
#9870 = VERTEX_POINT ( 'NONE', #3737 ) ;
#9871 = CARTESIAN_POINT ( 'NONE',  ( -0.1181075522258395460, 0.9800000000000004263, 0.2162602038860722276 ) ) ;
#9872 = LINE ( 'NONE', #5353, #6104 ) ;
#9873 = SURFACE_STYLE_USAGE ( .BOTH. , #8193 ) ;
#9874 = CARTESIAN_POINT ( 'NONE',  ( -0.2661294102955976126, 0.9800000000000004263, 0.2321328657275964213 ) ) ;
#9875 = ORIENTED_EDGE ( 'NONE', *, *, #5594, .F. ) ;
#9876 = PLANE ( 'NONE',  #1747 ) ;
#9877 = LINE ( 'NONE', #7842, #7978 ) ;
#9878 = CARTESIAN_POINT ( 'NONE',  ( -0.07423503210791476681, 0.9810000000000003162, 0.2959588769480394621 ) ) ;
#9879 = EDGE_LOOP ( 'NONE', ( #2625, #646, #6447, #4611 ) ) ;
#9880 = EDGE_CURVE ( 'NONE', #4293, #2871, #7558, .T. ) ;
#9881 = DIRECTION ( 'NONE',  ( -0.3349296977015623900, 0.0000000000000000000, -0.9422431202176749787 ) ) ;
#9882 = CARTESIAN_POINT ( 'NONE',  ( -0.1512356340308023683, 0.9810000000000003162, 0.1976470643281151851 ) ) ;
#9883 = LINE ( 'NONE', #7793, #2308 ) ;
#9884 = CARTESIAN_POINT ( 'NONE',  ( 0.1807789363790551496, 0.9810000000000003162, 0.2418738492965728792 ) ) ;
#9885 = CARTESIAN_POINT ( 'NONE',  ( -0.09628212657266393970, 0.9800000000000004263, 0.2195083551922446807 ) ) ;
#9886 =( LENGTH_UNIT ( ) NAMED_UNIT ( * ) SI_UNIT ( .MILLI., .METRE. ) );
#9887 = CARTESIAN_POINT ( 'NONE',  ( -0.08764267869100149377, 0.9800000000000004263, 0.2456942039155791124 ) ) ;
#9888 = FILL_AREA_STYLE ('',( #2407 ) ) ;
#9889 = CARTESIAN_POINT ( 'NONE',  ( -0.2593277417024690279, 0.9810000000000003162, 0.2462181904892979667 ) ) ;
#9890 = CARTESIAN_POINT ( 'NONE',  ( -0.1262595874407420882, 0.9800000000000004263, 0.2386357279820021660 ) ) ;
#9891 = FILL_AREA_STYLE_COLOUR ( '', #7316 ) ;
#9892 = CARTESIAN_POINT ( 'NONE',  ( -0.08403495647966544024, 0.9800000000000004263, 0.2428083957821409733 ) ) ;
#9893 = FILL_AREA_STYLE_COLOUR ( '', #1873 ) ;
#9894 =( NAMED_UNIT ( * ) PLANE_ANGLE_UNIT ( ) SI_UNIT ( $, .RADIAN. ) );
#9895 = EDGE_LOOP ( 'NONE', ( #3147, #1560, #5284, #5157 ) ) ;
#9896 = SURFACE_STYLE_USAGE ( .BOTH. , #6054 ) ;
#9897 = LINE ( 'NONE', #10627, #10405 ) ;
#9898 = EDGE_CURVE ( 'NONE', #7014, #9000, #9860, .T. ) ;
#9899 = CARTESIAN_POINT ( 'NONE',  ( 0.06816912314175932464, 0.9800000000000004263, 0.2164927691375066743 ) ) ;
#9900 = LINE ( 'NONE', #5149, #1743 ) ;
#9901 =( LENGTH_UNIT ( ) NAMED_UNIT ( * ) SI_UNIT ( .MILLI., .METRE. ) );
#9902 = EDGE_LOOP ( 'NONE', ( #2228, #410, #10263, #1943, #11239, #1826, #8910, #11766, #3640, #10421, #4638, #1356 ) ) ;
#9903 = CARTESIAN_POINT ( 'NONE',  ( -0.2909312565452123467, 0.9810000000000003162, 0.2545462710318336930 ) ) ;
#9904 = DIRECTION ( 'NONE',  ( -0.0000000000000000000, -1.000000000000000000, -0.0000000000000000000 ) ) ;
#9905 = ORIENTED_EDGE ( 'NONE', *, *, #8854, .T. ) ;
#9906 = CARTESIAN_POINT ( 'NONE',  ( 0.1107144256405065003, 0.9810000000000003162, 0.2323392796703987184 ) ) ;
#9907 = EDGE_CURVE ( 'NONE', #6615, #1220, #9412, .T. ) ;
#9908 = SURFACE_STYLE_USAGE ( .BOTH. , #8064 ) ;
#9909 =( LENGTH_UNIT ( ) NAMED_UNIT ( * ) SI_UNIT ( .MILLI., .METRE. ) );
#9910 = CARTESIAN_POINT ( 'NONE',  ( -0.09590984541418960674, 0.9810000000000003162, 0.3007961149567175974 ) ) ;
#9911 = CARTESIAN_POINT ( 'NONE',  ( 0.04307265205478567199, 0.9810000000000003162, 0.2380051290754030546 ) ) ;
#9912 = CARTESIAN_POINT ( 'NONE',  ( -0.1004230800217317393, 0.9810000000000003162, 0.2224423706627196295 ) ) ;
#9913 = PLANE ( 'NONE',  #6761 ) ;
#9914 =( GEOMETRIC_REPRESENTATION_CONTEXT ( 3 ) GLOBAL_UNCERTAINTY_ASSIGNED_CONTEXT ( ( #10514 ) ) GLOBAL_UNIT_ASSIGNED_CONTEXT ( ( #144, #3842, #214 ) ) REPRESENTATION_CONTEXT ( 'NONE', 'WORKASPACE' ) );
#9915 = ORIENTED_EDGE ( 'NONE', *, *, #8625, .T. ) ;
#9916 = ORIENTED_EDGE ( 'NONE', *, *, #10978, .T. ) ;
#9917 = EDGE_CURVE ( 'NONE', #2195, #10872, #4828, .T. ) ;
#9918 = CARTESIAN_POINT ( 'NONE',  ( 0.1478835478460375497, 0.9810000000000003162, 0.3435851849483294029 ) ) ;
#9919 = ORIENTED_EDGE ( 'NONE', *, *, #3538, .T. ) ;
#9920 = CARTESIAN_POINT ( 'NONE',  ( -0.08827812681370542092, 0.9800000000000004263, 0.2143402074799433954 ) ) ;
#9921 = PRESENTATION_LAYER_ASSIGNMENT (  '', '', ( #7414 ) ) ;
#9922 = STYLED_ITEM ( 'NONE', ( #4546 ), #3753 ) ;
#9923 = EDGE_LOOP ( 'NONE', ( #3829, #4141, #477, #3042 ) ) ;
#9924 = ADVANCED_FACE ( 'NONE', ( #9010 ), #7841, .F. ) ;
#9925 = ORIENTED_EDGE ( 'NONE', *, *, #3874, .T. ) ;
#9926 = B_SPLINE_CURVE_WITH_KNOTS ( 'NONE', 3,
 ( #3541, #651, #7970, #6216 ),
 .UNSPECIFIED., .F., .F.,
 ( 4, 4 ),
 ( 3.000000000000000000, 4.000000000000000000 ),
 .UNSPECIFIED. ) ;
#9927 = EDGE_CURVE ( 'NONE', #3168, #6200, #9287, .T. ) ;
#9928 = AXIS2_PLACEMENT_3D ( 'NONE', #146, #9150, #11129 ) ;
#9929 = DIRECTION ( 'NONE',  ( 0.9999748501857348426, 0.0000000000000000000, 0.007092178509962492571 ) ) ;
#9930 = DIRECTION ( 'NONE',  ( -0.007092178509965773800, -0.0000000000000000000, 0.9999748501857348426 ) ) ;
#9931 = SURFACE_SIDE_STYLE ('',( #6262 ) ) ;
#9932 = FILL_AREA_STYLE ('',( #9994 ) ) ;
#9933 = CARTESIAN_POINT ( 'NONE',  ( -0.2583828538324782764, 0.9800000000000004263, 0.2211141067604965316 ) ) ;
#9934 = ORIENTED_EDGE ( 'NONE', *, *, #8476, .F. ) ;
#9935 = VECTOR ( 'NONE', #2052, 1000.000000000000227 ) ;
#9936 = DIRECTION ( 'NONE',  ( -0.9999748501857348426, -0.0000000000000000000, -0.007092178509964672251 ) ) ;
#9937 = AXIS2_PLACEMENT_3D ( 'NONE', #2230, #5931, #418 ) ;
#9938 = CARTESIAN_POINT ( 'NONE',  ( -0.2296132727278713537, 0.9810000000000003162, 0.3356424090299545693 ) ) ;
#9939 = MECHANICAL_DESIGN_GEOMETRIC_PRESENTATION_REPRESENTATION (  '', ( #3202 ), #1269 ) ;
#9940 = EDGE_LOOP ( 'NONE', ( #10942, #1062, #2838, #7117 ) ) ;
#9941 = CARTESIAN_POINT ( 'NONE',  ( 0.1466298830622249916, 0.9800000000000004263, 0.2654910417758425401 ) ) ;
#9942 = MECHANICAL_DESIGN_GEOMETRIC_PRESENTATION_REPRESENTATION (  '', ( #2041 ), #303 ) ;
#9943 =( NAMED_UNIT ( * ) SI_UNIT ( $, .STERADIAN. ) SOLID_ANGLE_UNIT ( ) );
#9944 = CARTESIAN_POINT ( 'NONE',  ( -0.2661852694723765844, 0.9800000000000004263, 0.2400088338596155779 ) ) ;
#9945 = COLOUR_RGB ( '',0.2235294117647058654, 0.2235294117647058654, 0.2235294117647058654 ) ;
#9946 = MECHANICAL_DESIGN_GEOMETRIC_PRESENTATION_REPRESENTATION (  '', ( #4167 ), #10899 ) ;
#9947 = CARTESIAN_POINT ( 'NONE',  ( -0.1004230800217317393, 0.9800000000000004263, 0.2224423706627196295 ) ) ;
#9948 = STYLED_ITEM ( 'NONE', ( #10445 ), #9250 ) ;
#9949 = CARTESIAN_POINT ( 'NONE',  ( -0.1507804757224739389, 0.9800000000000004263, 0.2031091588234313072 ) ) ;
#9950 = FILL_AREA_STYLE_COLOUR ( '', #4183 ) ;
#9951 = EDGE_CURVE ( 'NONE', #4973, #9116, #4670, .T. ) ;
#9952 = FACE_OUTER_BOUND ( 'NONE', #11821, .T. ) ;
#9953 = CARTESIAN_POINT ( 'NONE',  ( -0.05402736683254578953, 0.9800000000000004263, 0.3018989930937056032 ) ) ;
#9954 = CARTESIAN_POINT ( 'NONE',  ( -0.08854543622480952336, 0.9800000000000004263, 0.2300390510330524718 ) ) ;
#9955 = VECTOR ( 'NONE', #2187, 1000.000000000000000 ) ;
#9956 = CARTESIAN_POINT ( 'NONE',  ( -0.08985265769498364252, 0.9800000000000004263, 0.2200998419151681540 ) ) ;
#9957 = PRESENTATION_LAYER_ASSIGNMENT (  '', '', ( #5148 ) ) ;
#9958 = AXIS2_PLACEMENT_3D ( 'NONE', #7007, #7856, #5193 ) ;
#9959 = CARTESIAN_POINT ( 'NONE',  ( -0.08496510301447242341, 0.9810000000000003162, 0.3098158819495590577 ) ) ;
#9960 = CARTESIAN_POINT ( 'NONE',  ( -0.2200798139609348725, 0.9810000000000003162, 0.3145764125664764488 ) ) ;
#9961 = EDGE_LOOP ( 'NONE', ( #2759, #5718, #9422, #4869, #3246, #3355, #7389, #4060, #10857, #9267, #2519, #8852, #6938, #3200 ) ) ;
#9962 = DIRECTION ( 'NONE',  ( 0.0000000000000000000, -0.0000000000000000000, 1.000000000000000000 ) ) ;
#9963 = DIRECTION ( 'NONE',  ( -0.0000000000000000000, -1.000000000000000000, -0.0000000000000000000 ) ) ;
#9964 = AXIS2_PLACEMENT_3D ( 'NONE', #6585, #7464, #7402 ) ;
#9965 = LINE ( 'NONE', #3445, #4750 ) ;
#9966 = EDGE_CURVE ( 'NONE', #1550, #11000, #526, .T. ) ;
#9967 = CARTESIAN_POINT ( 'NONE',  ( -0.2293713139836433546, 0.9800000000000004263, 0.3363459793326300518 ) ) ;
#9968 = ORIENTED_EDGE ( 'NONE', *, *, #5873, .T. ) ;
#9969 = CARTESIAN_POINT ( 'NONE',  ( -0.08720301305736080644, 0.9810000000000003162, 0.2973226010925588136 ) ) ;
#9970 = LINE ( 'NONE', #1753, #3426 ) ;
#9971 = VECTOR ( 'NONE', #11038, 1000.000000000000114 ) ;
#9972 =( NAMED_UNIT ( * ) PLANE_ANGLE_UNIT ( ) SI_UNIT ( $, .RADIAN. ) );
#9973 = ORIENTED_EDGE ( 'NONE', *, *, #7891, .F. ) ;
#9974 = UNCERTAINTY_MEASURE_WITH_UNIT (LENGTH_MEASURE( 1.000000000000000082E-05 ), #1989, 'distance_accuracy_value', 'NONE');
#9975 = PLANE ( 'NONE',  #4033 ) ;
#9976 = PLANE ( 'NONE',  #2996 ) ;
#9977 = SURFACE_SIDE_STYLE ('',( #4730 ) ) ;
#9978 = B_SPLINE_CURVE_WITH_KNOTS ( 'NONE', 3,
 ( #1123, #7584, #2990, #260 ),
 .UNSPECIFIED., .F., .F.,
 ( 4, 4 ),
 ( 5.000000000000000000, 6.000000000000000000 ),
 .UNSPECIFIED. ) ;
#9979 = AXIS2_PLACEMENT_3D ( 'NONE', #9161, #3606, #4520 ) ;
#9980 = CARTESIAN_POINT ( 'NONE',  ( 0.1417074885652207239, 0.9810000000000003162, 0.3478794537793541419 ) ) ;
#9981 = FACE_OUTER_BOUND ( 'NONE', #1187, .T. ) ;
#9982 = ORIENTED_EDGE ( 'NONE', *, *, #7054, .T. ) ;
#9983 = EDGE_CURVE ( 'NONE', #10411, #4918, #3021, .T. ) ;
#9984 = DIRECTION ( 'NONE',  ( 0.0000000000000000000, 1.000000000000000000, 0.0000000000000000000 ) ) ;
#9985 = SURFACE_SIDE_STYLE ('',( #3520 ) ) ;
#9986 = ORIENTED_EDGE ( 'NONE', *, *, #7140, .F. ) ;
#9987 = CARTESIAN_POINT ( 'NONE',  ( -0.1426932463513330973, 0.9810000000000003162, 0.2246900465209392683 ) ) ;
#9988 = UNCERTAINTY_MEASURE_WITH_UNIT (LENGTH_MEASURE( 1.000000000000000082E-05 ), #126, 'distance_accuracy_value', 'NONE');
#9989 = VERTEX_POINT ( 'NONE', #2349 ) ;
#9990 = VECTOR ( 'NONE', #8923, 1000.000000000000000 ) ;
#9991 = EDGE_LOOP ( 'NONE', ( #8821, #10300, #3697, #3872, #4802, #684, #10241, #5232, #127, #7384, #11895, #4300 ) ) ;
#9992 = VECTOR ( 'NONE', #3607, 1000.000000000000000 ) ;
#9993 = FACE_OUTER_BOUND ( 'NONE', #1513, .T. ) ;
#9994 = FILL_AREA_STYLE_COLOUR ( '', #1748 ) ;
#9995 = CARTESIAN_POINT ( 'NONE',  ( -0.1496370464395735400, 0.9810000000000003162, 0.1976584020818183962 ) ) ;
#9996 = ORIENTED_EDGE ( 'NONE', *, *, #4107, .F. ) ;
#9997 = LINE ( 'NONE', #2574, #3304 ) ;
#9998 = FILL_AREA_STYLE_COLOUR ( '', #10654 ) ;
#9999 = ADVANCED_FACE ( 'NONE', ( #465 ), #9527, .F. ) ;
#10000 = EDGE_CURVE ( 'NONE', #5440, #1266, #286, .T. ) ;
#10001 = ORIENTED_EDGE ( 'NONE', *, *, #10631, .T. ) ;
#10002 =( LENGTH_UNIT ( ) NAMED_UNIT ( * ) SI_UNIT ( .MILLI., .METRE. ) );
#10003 = ORIENTED_EDGE ( 'NONE', *, *, #629, .T. ) ;
#10004 = PLANE ( 'NONE',  #5322 ) ;
#10005 = CARTESIAN_POINT ( 'NONE',  ( 0.5800000000000001821, -0.9800000000000004263, 0.5300000000000001377 ) ) ;
#10006 = VECTOR ( 'NONE', #3174, 1000.000000000000114 ) ;
#10007 = CARTESIAN_POINT ( 'NONE',  ( -0.1279438937094599937, 0.9810000000000003162, 0.2140588837051433935 ) ) ;
#10008 = COLOUR_RGB ( '',0.2235294117647058654, 0.2235294117647058654, 0.2235294117647058654 ) ;
#10009 =( NAMED_UNIT ( * ) PLANE_ANGLE_UNIT ( ) SI_UNIT ( $, .RADIAN. ) );
#10010 = VECTOR ( 'NONE', #8782, 1000.000000000000000 ) ;
#10011 = DIRECTION ( 'NONE',  ( -0.0000000000000000000, -1.000000000000000000, -0.0000000000000000000 ) ) ;
#10012 = SURFACE_SIDE_STYLE ('',( #7234 ) ) ;
#10013 = CARTESIAN_POINT ( 'NONE',  ( -0.2514703083717731436, 0.9800000000000004263, 0.2947018611167986912 ) ) ;
#10014 = PRESENTATION_LAYER_ASSIGNMENT (  '', '', ( #5019 ) ) ;
#10015 = VECTOR ( 'NONE', #10027, 1000.000000000000000 ) ;
#10016 = CARTESIAN_POINT ( 'NONE',  ( -0.1635385772153754580, 0.9800000000000004263, 0.2206950029482555309 ) ) ;
#10017 = STYLED_ITEM ( 'NONE', ( #4282 ), #2442 ) ;
#10018 = CARTESIAN_POINT ( 'NONE',  ( 0.01684555845657268944, 0.9800000000000004263, 0.2660165733965533796 ) ) ;
#10019 = EDGE_CURVE ( 'NONE', #328, #6241, #9711, .T. ) ;
#10020 = PRESENTATION_LAYER_ASSIGNMENT (  '', '', ( #4440 ) ) ;
#10021 = ORIENTED_EDGE ( 'NONE', *, *, #7420, .F. ) ;
#10022 =( NAMED_UNIT ( * ) PLANE_ANGLE_UNIT ( ) SI_UNIT ( $, .RADIAN. ) );
#10023 = FILL_AREA_STYLE ('',( #7366 ) ) ;
#10024 = MECHANICAL_DESIGN_GEOMETRIC_PRESENTATION_REPRESENTATION (  '', ( #11917 ), #4238 ) ;
#10025 = CARTESIAN_POINT ( 'NONE',  ( -0.09597104098580989950, 0.9810000000000003162, 0.2471168284930282122 ) ) ;
#10026 = PRESENTATION_LAYER_ASSIGNMENT (  '', '', ( #3284 ) ) ;
#10027 = DIRECTION ( 'NONE',  ( -0.0000000000000000000, -1.000000000000000000, -0.0000000000000000000 ) ) ;
#10028 = ORIENTED_EDGE ( 'NONE', *, *, #1939, .T. ) ;
#10029 = CARTESIAN_POINT ( 'NONE',  ( -0.1495073765154116274, 0.9810000000000003162, 0.3241490534604413720 ) ) ;
#10030 = B_SPLINE_SURFACE_WITH_KNOTS ( 'NONE', 3, 1, ( 
 ( #11207, #11390 ),
 ( #5018, #2222 ),
 ( #1259, #2104 ),
 ( #10487, #10378 ) ),
 .UNSPECIFIED., .F., .F., .F.,
 ( 4, 4 ),
 ( 2, 2 ),
 ( 9.000000000000000000, 10.00000000000000000 ),
 ( 0.0000000000000000000, 1.000000000000000000 ),
 .UNSPECIFIED. ) ;
#10031 = CARTESIAN_POINT ( 'NONE',  ( 0.1756206855218711838, 0.9810000000000003162, 0.2555744928868387000 ) ) ;
#10032 = ORIENTED_EDGE ( 'NONE', *, *, #5108, .F. ) ;
#10033 = ADVANCED_FACE ( 'NONE', ( #8704, #4901 ), #6886, .T. ) ;
#10034 = ORIENTED_EDGE ( 'NONE', *, *, #838, .T. ) ;
#10035 = FACE_OUTER_BOUND ( 'NONE', #7940, .T. ) ;
#10036 = B_SPLINE_CURVE_WITH_KNOTS ( 'NONE', 3,
 ( #4486, #117, #8358, #10931 ),
 .UNSPECIFIED., .F., .F.,
 ( 4, 4 ),
 ( 22.00000000000000000, 23.00000000000000000 ),
 .UNSPECIFIED. ) ;
#10037 = AXIS2_PLACEMENT_3D ( 'NONE', #10377, #2103, #5809 ) ;
#10038 =( GEOMETRIC_REPRESENTATION_CONTEXT ( 3 ) GLOBAL_UNCERTAINTY_ASSIGNED_CONTEXT ( ( #4607 ) ) GLOBAL_UNIT_ASSIGNED_CONTEXT ( ( #3384, #9783, #3218 ) ) REPRESENTATION_CONTEXT ( 'NONE', 'WORKASPACE' ) );
#10039 = CARTESIAN_POINT ( 'NONE',  ( -0.08863871572542110500, 0.9800000000000004263, 0.2212002248946726146 ) ) ;
#10040 = DIRECTION ( 'NONE',  ( -0.0000000000000000000, -1.000000000000000000, -0.0000000000000000000 ) ) ;
#10041 = VERTEX_POINT ( 'NONE', #10552 ) ;
#10042 = CARTESIAN_POINT ( 'NONE',  ( -0.1143966075969112678, 0.9800000000000004263, 0.2977795994568313565 ) ) ;
#10043 = FACE_OUTER_BOUND ( 'NONE', #9742, .T. ) ;
#10044 = VECTOR ( 'NONE', #6616, 1000.000000000000000 ) ;
#10045 = VERTEX_POINT ( 'NONE', #2290 ) ;
#10046 = FILL_AREA_STYLE_COLOUR ( '', #10370 ) ;
#10047 = STYLED_ITEM ( 'NONE', ( #6788 ), #11164 ) ;
#10048 = VERTEX_POINT ( 'NONE', #5990 ) ;
#10049 = SURFACE_STYLE_USAGE ( .BOTH. , #810 ) ;
#10050 = EDGE_CURVE ( 'NONE', #11275, #11715, #9634, .T. ) ;
#10051 = PLANE ( 'NONE',  #4557 ) ;
#10052 = CARTESIAN_POINT ( 'NONE',  ( -0.2004257483988036159, 0.9800000000000004263, 0.3069434203149294382 ) ) ;
#10053 = ORIENTED_EDGE ( 'NONE', *, *, #9597, .T. ) ;
#10054 =( NAMED_UNIT ( * ) PLANE_ANGLE_UNIT ( ) SI_UNIT ( $, .RADIAN. ) );
#10055 =( NAMED_UNIT ( * ) PLANE_ANGLE_UNIT ( ) SI_UNIT ( $, .RADIAN. ) );
#10056 = ORIENTED_EDGE ( 'NONE', *, *, #9951, .T. ) ;
#10057 = FACE_OUTER_BOUND ( 'NONE', #10186, .T. ) ;
#10058 = ORIENTED_EDGE ( 'NONE', *, *, #7566, .F. ) ;
#10059 = MECHANICAL_DESIGN_GEOMETRIC_PRESENTATION_REPRESENTATION (  '', ( #1405 ), #5076 ) ;
#10060 = CARTESIAN_POINT ( 'NONE',  ( -0.1633696208034960129, 0.9800000000000004263, 0.2206962012474259494 ) ) ;
#10061 = SURFACE_STYLE_USAGE ( .BOTH. , #5477 ) ;
#10062 = SURFACE_STYLE_FILL_AREA ( #8331 ) ;
#10063 = EDGE_CURVE ( 'NONE', #1496, #2243, #9926, .T. ) ;
#10064 = DIRECTION ( 'NONE',  ( 0.007092178509963170847, -0.0000000000000000000, -0.9999748501857348426 ) ) ;
#10065 = DIRECTION ( 'NONE',  ( -0.9376516173647782004, 0.0000000000000000000, -0.3475765303544178786 ) ) ;
#10066 = CARTESIAN_POINT ( 'NONE',  ( -0.08882898268744554571, 0.9800000000000004263, 0.3359910364165828445 ) ) ;
#10067 = DIRECTION ( 'NONE',  ( -0.007092178509962435325, 0.0000000000000000000, 0.9999748501857348426 ) ) ;
#10068 = LINE ( 'NONE', #10013, #6496 ) ;
#10069 = CARTESIAN_POINT ( 'NONE',  ( -0.08333582197976331651, 0.9810000000000003162, 0.3146624333022755016 ) ) ;
#10070 = ADVANCED_FACE ( 'NONE', ( #11568 ), #5057, .T. ) ;
#10071 = LINE ( 'NONE', #716, #2079 ) ;
#10072 = LINE ( 'NONE', #9960, #11515 ) ;
#10073 = ORIENTED_EDGE ( 'NONE', *, *, #8238, .F. ) ;
#10074 = PRESENTATION_STYLE_ASSIGNMENT (( #8169 ) ) ;
#10075 = CARTESIAN_POINT ( 'NONE',  ( -0.1224614342200521788, 0.9810000000000003162, 0.2492164741168255149 ) ) ;
#10076 = FACE_OUTER_BOUND ( 'NONE', #1711, .T. ) ;
#10077 = PRODUCT_DEFINITION_CONTEXT ( 'detailed design', #2309, 'design' ) ;
#10078 = SURFACE_STYLE_USAGE ( .BOTH. , #6415 ) ;
#10079 = PRESENTATION_STYLE_ASSIGNMENT (( #967 ) ) ;
#10080 = LINE ( 'NONE', #8401, #11748 ) ;
#10081 = EDGE_CURVE ( 'NONE', #6312, #4435, #1150, .T. ) ;
#10082 = EDGE_LOOP ( 'NONE', ( #8180, #11723, #10885, #2190 ) ) ;
#10083 = CARTESIAN_POINT ( 'NONE',  ( -0.1324238690058055501, 0.9810000000000003162, 0.2354726564968886993 ) ) ;
#10084 =( GEOMETRIC_REPRESENTATION_CONTEXT ( 3 ) GLOBAL_UNCERTAINTY_ASSIGNED_CONTEXT ( ( #7703 ) ) GLOBAL_UNIT_ASSIGNED_CONTEXT ( ( #9315, #11313, #4934 ) ) REPRESENTATION_CONTEXT ( 'NONE', 'WORKASPACE' ) );
#10085 = CARTESIAN_POINT ( 'NONE',  ( 0.5800000000000001821, -1.000000000000000444, 0.5300000000000001377 ) ) ;
#10086 = CARTESIAN_POINT ( 'NONE',  ( -0.3022296708210212568, 0.9800000000000004263, 0.2275877205213638343 ) ) ;
#10087 = SURFACE_SIDE_STYLE ('',( #3802 ) ) ;
#10088 = ORIENTED_EDGE ( 'NONE', *, *, #953, .F. ) ;
#10089 = ORIENTED_EDGE ( 'NONE', *, *, #8817, .F. ) ;
#10090 = DIRECTION ( 'NONE',  ( 0.007092178509959435988, 0.0000000000000000000, -0.9999748501857349536 ) ) ;
#10091 = CARTESIAN_POINT ( 'NONE',  ( -0.1626110226560525951, 0.9810000000000003162, 0.2236909606880192469 ) ) ;
#10092 =( NAMED_UNIT ( * ) SI_UNIT ( $, .STERADIAN. ) SOLID_ANGLE_UNIT ( ) );
#10093 = CARTESIAN_POINT ( 'NONE',  ( -0.07419584504895446186, 0.9800000000000004263, 0.2152979059030083742 ) ) ;
#10094 = CARTESIAN_POINT ( 'NONE',  ( 0.05991642631702527588, 0.9810000000000003162, 0.2587304362004613778 ) ) ;
#10095 = EDGE_CURVE ( 'NONE', #298, #3499, #10662, .T. ) ;
#10096 = VERTEX_POINT ( 'NONE', #7003 ) ;
#10097 = CARTESIAN_POINT ( 'NONE',  ( -0.1096997404403955850, 0.9810000000000003162, 0.2476173354953388750 ) ) ;
#10098 = ORIENTED_EDGE ( 'NONE', *, *, #10863, .T. ) ;
#10099 = SURFACE_SIDE_STYLE ('',( #4688 ) ) ;
#10100 = B_SPLINE_CURVE_WITH_KNOTS ( 'NONE', 3,
 ( #2192, #3928, #5942, #9486 ),
 .UNSPECIFIED., .F., .F.,
 ( 4, 4 ),
 ( 4.000000000000000000, 5.000000000000000000 ),
 .UNSPECIFIED. ) ;
#10101 = ORIENTED_EDGE ( 'NONE', *, *, #1562, .F. ) ;
#10102 = DIRECTION ( 'NONE',  ( -0.9999748501857348426, -0.0000000000000000000, -0.007092178509963973157 ) ) ;
#10103 = FACE_OUTER_BOUND ( 'NONE', #8770, .T. ) ;
#10104 = DIRECTION ( 'NONE',  ( -0.0000000000000000000, -1.000000000000000000, -0.0000000000000000000 ) ) ;
#10105 = CARTESIAN_POINT ( 'NONE',  ( 0.04106010932227360799, 0.9810000000000003162, 0.2159390019685702433 ) ) ;
#10106 = ADVANCED_FACE ( 'NONE', ( #3316 ), #4461, .F. ) ;
#10107 = ORIENTED_EDGE ( 'NONE', *, *, #7068, .F. ) ;
#10108 = ORIENTED_EDGE ( 'NONE', *, *, #3377, .F. ) ;
#10109 = DIRECTION ( 'NONE',  ( -0.9999748501857348426, 0.0000000000000000000, -0.007092178509962490836 ) ) ;
#10110 = UNCERTAINTY_MEASURE_WITH_UNIT (LENGTH_MEASURE( 1.000000000000000082E-05 ), #8538, 'distance_accuracy_value', 'NONE');
#10111 = ORIENTED_EDGE ( 'NONE', *, *, #7820, .F. ) ;
#10112 = LINE ( 'NONE', #4346, #8999 ) ;
#10113 = FACE_OUTER_BOUND ( 'NONE', #4172, .T. ) ;
#10114 = VERTEX_POINT ( 'NONE', #6517 ) ;
#10115 = LINE ( 'NONE', #4579, #8790 ) ;
#10116 = B_SPLINE_CURVE_WITH_KNOTS ( 'NONE', 3,
 ( #9548, #11293, #6058, #11360 ),
 .UNSPECIFIED., .F., .F.,
 ( 4, 4 ),
 ( 12.00000000000000000, 13.00000000000000000 ),
 .UNSPECIFIED. ) ;
#10117 = CARTESIAN_POINT ( 'NONE',  ( -0.04778354505049949713, 0.9800000000000004263, 0.3469919211955224680 ) ) ;
#10118 = PLANE ( 'NONE',  #1651 ) ;
#10119 = CARTESIAN_POINT ( 'NONE',  ( -0.1385436276972784042, 0.9800000000000004263, 0.2168691073937580316 ) ) ;
#10120 = VECTOR ( 'NONE', #3458, 1000.000000000000000 ) ;
#10121 = CARTESIAN_POINT ( 'NONE',  ( -0.08683725237851296075, 0.9800000000000004263, 0.2274257113143270670 ) ) ;
#10122 = STYLED_ITEM ( 'NONE', ( #8065 ), #9868 ) ;
#10123 = B_SPLINE_SURFACE_WITH_KNOTS ( 'NONE', 3, 1, ( 
 ( #3431, #11797 ),
 ( #11744, #9887 ),
 ( #7005, #5371 ),
 ( #1615, #8036 ) ),
 .UNSPECIFIED., .F., .F., .F.,
 ( 4, 4 ),
 ( 2, 2 ),
 ( 12.00000000000000000, 13.00000000000000000 ),
 ( 0.0000000000000000000, 1.000000000000000000 ),
 .UNSPECIFIED. ) ;
#10124 = STYLED_ITEM ( 'NONE', ( #10074 ), #8755 ) ;
#10125 = CARTESIAN_POINT ( 'NONE',  ( -0.1961842349277509723, 0.9810000000000003162, 0.3209845929408485232 ) ) ;
#10126 = B_SPLINE_CURVE_WITH_KNOTS ( 'NONE', 3,
 ( #11669, #5181, #6993, #5244 ),
 .UNSPECIFIED., .F., .F.,
 ( 4, 4 ),
 ( 2.000000000000000000, 3.000000000000000000 ),
 .UNSPECIFIED. ) ;
#10127 = LINE ( 'NONE', #6341, #7853 ) ;
#10128 = DIRECTION ( 'NONE',  ( 0.007092178509948729274, -0.0000000000000000000, -0.9999748501857349536 ) ) ;
#10129 = CARTESIAN_POINT ( 'NONE',  ( -0.08397118691812412161, 0.9810000000000003162, 0.3401066420994613426 ) ) ;
#10130 = EDGE_CURVE ( 'NONE', #6608, #4021, #6583, .T. ) ;
#10131 =( GEOMETRIC_REPRESENTATION_CONTEXT ( 3 ) GLOBAL_UNCERTAINTY_ASSIGNED_CONTEXT ( ( #10218 ) ) GLOBAL_UNIT_ASSIGNED_CONTEXT ( ( #1065, #8448, #6452 ) ) REPRESENTATION_CONTEXT ( 'NONE', 'WORKASPACE' ) );
#10132 = CARTESIAN_POINT ( 'NONE',  ( -0.08826680385442121912, 0.9810000000000003162, 0.3062052100787246989 ) ) ;
#10133 = CARTESIAN_POINT ( 'NONE',  ( 0.04484162001813838533, 0.9800000000000004263, 0.2944125876853339041 ) ) ;
#10134 = ORIENTED_EDGE ( 'NONE', *, *, #6731, .F. ) ;
#10135 = AXIS2_PLACEMENT_3D ( 'NONE', #11063, #2807, #5545 ) ;
#10136 = CARTESIAN_POINT ( 'NONE',  ( -0.08036022082143226553, 0.9810000000000003162, 0.2249761669736695668 ) ) ;
#10137 =( LENGTH_UNIT ( ) NAMED_UNIT ( * ) SI_UNIT ( .MILLI., .METRE. ) );
#10138 = CARTESIAN_POINT ( 'NONE',  ( -0.08397118691812412161, 0.9810000000000003162, 0.3401066420994613426 ) ) ;
#10139 = LINE ( 'NONE', #164, #2730 ) ;
#10140 = B_SPLINE_CURVE_WITH_KNOTS ( 'NONE', 3,
 ( #9053, #5674, #7539, #8698 ),
 .UNSPECIFIED., .F., .F.,
 ( 4, 4 ),
 ( 16.00000000000000000, 17.00000000000000000 ),
 .UNSPECIFIED. ) ;
#10141 = CARTESIAN_POINT ( 'NONE',  ( -0.1008707769358664214, 0.9810000000000003162, 0.2470820778170456922 ) ) ;
#10142 = CARTESIAN_POINT ( 'NONE',  ( -0.2499999999999994171, -1.000000000000000444, 0.02000000000000000042 ) ) ;
#10143 = ADVANCED_FACE ( 'NONE', ( #9324 ), #7527, .F. ) ;
#10144 = LINE ( 'NONE', #9168, #4452 ) ;
#10145 = VECTOR ( 'NONE', #2810, 999.9999999999998863 ) ;
#10146 = ORIENTED_EDGE ( 'NONE', *, *, #10534, .F. ) ;
#10147 =( GEOMETRIC_REPRESENTATION_CONTEXT ( 3 ) GLOBAL_UNCERTAINTY_ASSIGNED_CONTEXT ( ( #9787 ) ) GLOBAL_UNIT_ASSIGNED_CONTEXT ( ( #2924, #5651, #2737 ) ) REPRESENTATION_CONTEXT ( 'NONE', 'WORKASPACE' ) );
#10148 = LINE ( 'NONE', #10273, #388 ) ;
#10149 = EDGE_CURVE ( 'NONE', #6011, #8297, #9151, .T. ) ;
#10150 = CARTESIAN_POINT ( 'NONE',  ( -0.1636733368827423263, 0.9810000000000003162, 0.2213699068282206084 ) ) ;
#10151 = CARTESIAN_POINT ( 'NONE',  ( -0.2150426304200010186, 0.9810000000000003162, 0.2200957664073498465 ) ) ;
#10152 = LINE ( 'NONE', #1934, #9338 ) ;
#10153 = EDGE_LOOP ( 'NONE', ( #3764, #9752, #11055, #9639 ) ) ;
#10154 = ORIENTED_EDGE ( 'NONE', *, *, #3220, .T. ) ;
#10155 = SURFACE_STYLE_USAGE ( .BOTH. , #6480 ) ;
#10156 = VECTOR ( 'NONE', #7085, 1000.000000000000000 ) ;
#10157 = MECHANICAL_DESIGN_GEOMETRIC_PRESENTATION_REPRESENTATION (  '', ( #1296 ), #317 ) ;
#10158 = CARTESIAN_POINT ( 'NONE',  ( 0.06816912314175932464, 0.9810000000000003162, 0.2164927691375066743 ) ) ;
#10159 = COLOUR_RGB ( '',0.2235294117647058654, 0.2235294117647058654, 0.2235294117647058654 ) ;
#10160 = FACE_OUTER_BOUND ( 'NONE', #8662, .T. ) ;
#10161 = CARTESIAN_POINT ( 'NONE',  ( -0.2141639342374535571, 0.9800000000000004263, 0.2593018577486320142 ) ) ;
#10162 = LINE ( 'NONE', #5642, #3131 ) ;
#10163 = VERTEX_POINT ( 'NONE', #5478 ) ;
#10164 = PRESENTATION_LAYER_ASSIGNMENT (  '', '', ( #6891 ) ) ;
#10165 = B_SPLINE_CURVE_WITH_KNOTS ( 'NONE', 3,
 ( #1081, #2112, #11336, #102 ),
 .UNSPECIFIED., .F., .F.,
 ( 4, 4 ),
 ( 4.000000000000000000, 5.000000000000000000 ),
 .UNSPECIFIED. ) ;
#10166 =( LENGTH_UNIT ( ) NAMED_UNIT ( * ) SI_UNIT ( .MILLI., .METRE. ) );
#10167 = CARTESIAN_POINT ( 'NONE',  ( -0.1810518865645341369, 0.9800000000000004263, 0.2508545032507597528 ) ) ;
#10168 = ORIENTED_EDGE ( 'NONE', *, *, #28, .F. ) ;
#10169 = ORIENTED_EDGE ( 'NONE', *, *, #7869, .T. ) ;
#10170 = EDGE_CURVE ( 'NONE', #9390, #9863, #11908, .T. ) ;
#10171 = SURFACE_STYLE_USAGE ( .BOTH. , #8367 ) ;
#10172 =( GEOMETRIC_REPRESENTATION_CONTEXT ( 3 ) GLOBAL_UNCERTAINTY_ASSIGNED_CONTEXT ( ( #1652 ) ) GLOBAL_UNIT_ASSIGNED_CONTEXT ( ( #10414, #8723, #6678 ) ) REPRESENTATION_CONTEXT ( 'NONE', 'WORKASPACE' ) );
#10173 = CARTESIAN_POINT ( 'NONE',  ( 0.05044595173453347153, 0.9800000000000004263, 0.3197577475172901362 ) ) ;
#10174 = CARTESIAN_POINT ( 'NONE',  ( 0.1357852520302346155, 0.9810000000000003162, 0.2654141277823162670 ) ) ;
#10175 = CARTESIAN_POINT ( 'NONE',  ( 0.1589589138169000826, 0.9810000000000003162, 0.3111282264814766996 ) ) ;
#10176 = ORIENTED_EDGE ( 'NONE', *, *, #9754, .F. ) ;
#10177 = EDGE_LOOP ( 'NONE', ( #5001, #5113, #680, #5638 ) ) ;
#10178 = CARTESIAN_POINT ( 'NONE',  ( -0.09180021817302808085, 0.9810000000000003162, 0.2143152275510540883 ) ) ;
#10179 = SURFACE_STYLE_FILL_AREA ( #9266 ) ;
#10180 = ORIENTED_EDGE ( 'NONE', *, *, #5648, .T. ) ;
#10181 = STYLED_ITEM ( 'NONE', ( #11803 ), #7929 ) ;
#10182 =( NAMED_UNIT ( * ) PLANE_ANGLE_UNIT ( ) SI_UNIT ( $, .RADIAN. ) );
#10183 = MECHANICAL_DESIGN_GEOMETRIC_PRESENTATION_REPRESENTATION (  '', ( #5564 ), #2846 ) ;
#10184 = MECHANICAL_DESIGN_GEOMETRIC_PRESENTATION_REPRESENTATION (  '', ( #2465 ), #4016 ) ;
#10185 = SURFACE_SIDE_STYLE ('',( #11058 ) ) ;
#10186 = EDGE_LOOP ( 'NONE', ( #8087, #313, #11810, #11525 ) ) ;
#10187 = EDGE_CURVE ( 'NONE', #6315, #6312, #1905, .T. ) ;
#10188 = DIRECTION ( 'NONE',  ( -0.0000000000000000000, -1.000000000000000000, -0.0000000000000000000 ) ) ;
#10189 = LINE ( 'NONE', #6450, #9328 ) ;
#10190 = B_SPLINE_CURVE_WITH_KNOTS ( 'NONE', 3,
 ( #5223, #618, #557, #4255 ),
 .UNSPECIFIED., .F., .F.,
 ( 4, 4 ),
 ( 2.000000000000000000, 3.000000000000000000 ),
 .UNSPECIFIED. ) ;
#10191 = CARTESIAN_POINT ( 'NONE',  ( -0.04742294917664123532, 0.9810000000000003162, 0.2961490378089223219 ) ) ;
#10192 = PLANE ( 'NONE',  #6038 ) ;
#10193 = FILL_AREA_STYLE_COLOUR ( '', #4575 ) ;
#10194 = FILL_AREA_STYLE ('',( #7356 ) ) ;
#10195 = FACE_OUTER_BOUND ( 'NONE', #10531, .T. ) ;
#10196 = CARTESIAN_POINT ( 'NONE',  ( -0.2501071236542328213, 0.9800000000000004263, 0.2216147094205622448 ) ) ;
#10197 =( LENGTH_UNIT ( ) NAMED_UNIT ( * ) SI_UNIT ( .MILLI., .METRE. ) );
#10198 = COLOUR_RGB ( '',0.2235294117647058654, 0.2235294117647058654, 0.2235294117647058654 ) ;
#10199 = AXIS2_PLACEMENT_3D ( 'NONE', #1024, #4715, #4596 ) ;
#10200 = MECHANICAL_DESIGN_GEOMETRIC_PRESENTATION_REPRESENTATION (  '', ( #3449 ), #4418 ) ;
#10201 = LINE ( 'NONE', #892, #3253 ) ;
#10202 = ORIENTED_EDGE ( 'NONE', *, *, #532, .T. ) ;
#10203 = DIRECTION ( 'NONE',  ( 0.0000000000000000000, 1.000000000000000000, 0.0000000000000000000 ) ) ;
#10204 = LINE ( 'NONE', #4525, #6220 ) ;
#10205 = VECTOR ( 'NONE', #11287, 1000.000000000000000 ) ;
#10206 = CARTESIAN_POINT ( 'NONE',  ( -0.1286046035131483412, 0.9810000000000003162, 0.2192531180488545839 ) ) ;
#10207 = DIRECTION ( 'NONE',  ( 1.000000000000000000, 0.0000000000000000000, 0.0000000000000000000 ) ) ;
#10208 = EDGE_CURVE ( 'NONE', #3865, #10048, #1134, .T. ) ;
#10209 = FILL_AREA_STYLE_COLOUR ( '', #6023 ) ;
#10210 = CARTESIAN_POINT ( 'NONE',  ( -0.1004230800217317393, 0.9810000000000003162, 0.2224423706627196295 ) ) ;
#10211 = EDGE_LOOP ( 'NONE', ( #8853, #8735, #11546, #4163 ) ) ;
#10212 =( GEOMETRIC_REPRESENTATION_CONTEXT ( 3 ) GLOBAL_UNCERTAINTY_ASSIGNED_CONTEXT ( ( #196 ) ) GLOBAL_UNIT_ASSIGNED_CONTEXT ( ( #8572, #3913, #354 ) ) REPRESENTATION_CONTEXT ( 'NONE', 'WORKASPACE' ) );
#10213 = CARTESIAN_POINT ( 'NONE',  ( -0.08342466306684383215, 0.9800000000000004263, 0.2172340361602148329 ) ) ;
#10214 = CARTESIAN_POINT ( 'NONE',  ( -0.1519441059519627546, 0.9810000000000003162, 0.3012045326352056351 ) ) ;
#10215 = EDGE_CURVE ( 'NONE', #696, #6970, #3847, .T. ) ;
#10216 = ORIENTED_EDGE ( 'NONE', *, *, #6998, .T. ) ;
#10217 = ORIENTED_EDGE ( 'NONE', *, *, #5873, .F. ) ;
#10218 = UNCERTAINTY_MEASURE_WITH_UNIT (LENGTH_MEASURE( 1.000000000000000082E-05 ), #1065, 'distance_accuracy_value', 'NONE');
#10219 = PRESENTATION_LAYER_ASSIGNMENT (  '', '', ( #7132 ) ) ;
#10220 = FILL_AREA_STYLE ('',( #11815 ) ) ;
#10221 = PRESENTATION_LAYER_ASSIGNMENT (  '', '', ( #6566 ) ) ;
#10222 = EDGE_CURVE ( 'NONE', #5062, #6200, #7355, .T. ) ;
#10223 =( GEOMETRIC_REPRESENTATION_CONTEXT ( 3 ) GLOBAL_UNCERTAINTY_ASSIGNED_CONTEXT ( ( #10565 ) ) GLOBAL_UNIT_ASSIGNED_CONTEXT ( ( #3094, #9417, #10556 ) ) REPRESENTATION_CONTEXT ( 'NONE', 'WORKASPACE' ) );
#10224 = FILL_AREA_STYLE ('',( #6551 ) ) ;
#10225 = ORIENTED_EDGE ( 'NONE', *, *, #11192, .T. ) ;
#10226 = PRESENTATION_LAYER_ASSIGNMENT (  '', '', ( #8686 ) ) ;
#10227 = CARTESIAN_POINT ( 'NONE',  ( -0.2500447509421145353, 0.9810000000000003162, 0.2632162624336042422 ) ) ;
#10228 = ORIENTED_EDGE ( 'NONE', *, *, #6700, .F. ) ;
#10229 = SURFACE_STYLE_USAGE ( .BOTH. , #10099 ) ;
#10230 = EDGE_CURVE ( 'NONE', #4811, #4315, #6642, .T. ) ;
#10231 = AXIS2_PLACEMENT_3D ( 'NONE', #3026, #6893, #6726 ) ;
#10232 = ORIENTED_EDGE ( 'NONE', *, *, #7084, .F. ) ;
#10233 =( LENGTH_UNIT ( ) NAMED_UNIT ( * ) SI_UNIT ( .MILLI., .METRE. ) );
#10234 = B_SPLINE_SURFACE_WITH_KNOTS ( 'NONE', 3, 1, ( 
 ( #5808, #1204 ),
 ( #4892, #6589 ),
 ( #7534, #3727 ),
 ( #277, #3970 ) ),
 .UNSPECIFIED., .F., .F., .F.,
 ( 4, 4 ),
 ( 2, 2 ),
 ( 34.00000000000000000, 35.00000000000000000 ),
 ( 0.0000000000000000000, 1.000000000000000000 ),
 .UNSPECIFIED. ) ;
#10235 = CARTESIAN_POINT ( 'NONE',  ( -0.2537452636489530011, 0.9810000000000003162, 0.2251241722602221051 ) ) ;
#10236 = DIRECTION ( 'NONE',  ( 0.9999748501857349536, -0.0000000000000000000, 0.007092178509954478148 ) ) ;
#10237 = CARTESIAN_POINT ( 'NONE',  ( -0.3002429360482282150, 0.9800000000000004263, 0.2333466181219198132 ) ) ;
#10238 = DIRECTION ( 'NONE',  ( -1.000000000000000000, 0.0000000000000000000, 0.0000000000000000000 ) ) ;
#10239 = B_SPLINE_CURVE_WITH_KNOTS ( 'NONE', 3,
 ( #8827, #4242, #9842, #431 ),
 .UNSPECIFIED., .F., .F.,
 ( 4, 4 ),
 ( 0.0000000000000000000, 1.000000000000000000 ),
 .UNSPECIFIED. ) ;
#10240 = ORIENTED_EDGE ( 'NONE', *, *, #8589, .T. ) ;
#10241 = ORIENTED_EDGE ( 'NONE', *, *, #2564, .F. ) ;
#10242 = AXIS2_PLACEMENT_3D ( 'NONE', #4451, #6324, #5768 ) ;
#10243 = CARTESIAN_POINT ( 'NONE',  ( -0.1643392080106935715, 0.9810000000000003162, 0.2236267145774515075 ) ) ;
#10244 = EDGE_CURVE ( 'NONE', #5074, #4542, #2028, .T. ) ;
#10245 = UNCERTAINTY_MEASURE_WITH_UNIT (LENGTH_MEASURE( 1.000000000000000082E-05 ), #3718, 'distance_accuracy_value', 'NONE');
#10246 = EDGE_LOOP ( 'NONE', ( #10154, #2334, #8615, #1947 ) ) ;
#10247 = LINE ( 'NONE', #1060, #2452 ) ;
#10248 = FILL_AREA_STYLE ('',( #1191 ) ) ;
#10249 = ORIENTED_EDGE ( 'NONE', *, *, #9403, .T. ) ;
#10250 = PRESENTATION_STYLE_ASSIGNMENT (( #4818 ) ) ;
#10251 = DIRECTION ( 'NONE',  ( 0.9999748501857340655, 0.0000000000000000000, 0.007092178510054864861 ) ) ;
#10252 =( GEOMETRIC_REPRESENTATION_CONTEXT ( 3 ) GLOBAL_UNCERTAINTY_ASSIGNED_CONTEXT ( ( #3132 ) ) GLOBAL_UNIT_ASSIGNED_CONTEXT ( ( #8256, #2015, #1122 ) ) REPRESENTATION_CONTEXT ( 'NONE', 'WORKASPACE' ) );
#10253 = DIRECTION ( 'NONE',  ( -0.007092178509962561092, -0.0000000000000000000, 0.9999748501857348426 ) ) ;
#10254 = PRESENTATION_STYLE_ASSIGNMENT (( #7463 ) ) ;
#10255 = DIRECTION ( 'NONE',  ( -0.0000000000000000000, -1.000000000000000000, -0.0000000000000000000 ) ) ;
#10256 = PRESENTATION_STYLE_ASSIGNMENT (( #9461 ) ) ;
#10257 = CARTESIAN_POINT ( 'NONE',  ( 0.3817097946182765877, 0.9999999999999995559, 0.5500000000000000444 ) ) ;
#10258 = EDGE_CURVE ( 'NONE', #7350, #160, #5730, .T. ) ;
#10259 =( NAMED_UNIT ( * ) SI_UNIT ( $, .STERADIAN. ) SOLID_ANGLE_UNIT ( ) );
#10260 = VECTOR ( 'NONE', #2914, 1000.000000000000000 ) ;
#10261 = CARTESIAN_POINT ( 'NONE',  ( -0.04778354505049949713, 0.9810000000000003162, 0.3469919211955224680 ) ) ;
#10262 = CARTESIAN_POINT ( 'NONE',  ( -0.1945389971430924458, 0.9810000000000003162, 0.2594410448062806629 ) ) ;
#10263 = ORIENTED_EDGE ( 'NONE', *, *, #3874, .F. ) ;
#10264 = FILL_AREA_STYLE_COLOUR ( '', #4548 ) ;
#10265 = CARTESIAN_POINT ( 'NONE',  ( -0.1200913414005839730, 0.9800000000000004263, 0.2357420853957250817 ) ) ;
#10266 = SURFACE_SIDE_STYLE ('',( #6783 ) ) ;
#10267 =( NAMED_UNIT ( * ) SI_UNIT ( $, .STERADIAN. ) SOLID_ANGLE_UNIT ( ) );
#10268 = EDGE_LOOP ( 'NONE', ( #10634, #7347, #7008, #847 ) ) ;
#10269 = CARTESIAN_POINT ( 'NONE',  ( -0.08769494268015995408, 0.9800000000000004263, 0.2512306833957839713 ) ) ;
#10270 = VECTOR ( 'NONE', #3736, 1000.000000000000000 ) ;
#10271 = FILL_AREA_STYLE ('',( #9115 ) ) ;
#10272 = VERTEX_POINT ( 'NONE', #10962 ) ;
#10273 = CARTESIAN_POINT ( 'NONE',  ( -0.2314884647984113697, 0.9810000000000003162, 0.2591789859950905939 ) ) ;
#10274 = SURFACE_STYLE_FILL_AREA ( #9533 ) ;
#10275 = LINE ( 'NONE', #8407, #3811 ) ;
#10276 = EDGE_CURVE ( 'NONE', #7174, #4249, #2694, .T. ) ;
#10277 = EDGE_LOOP ( 'NONE', ( #7281, #604, #4492, #285, #1594, #7240 ) ) ;
#10278 = ORIENTED_EDGE ( 'NONE', *, *, #7204, .F. ) ;
#10279 = LINE ( 'NONE', #1102, #5190 ) ;
#10280 = CARTESIAN_POINT ( 'NONE',  ( -0.1601822152078898887, 0.9810000000000003162, 0.2147660436838172704 ) ) ;
#10281 = DIRECTION ( 'NONE',  ( -0.0000000000000000000, -1.000000000000000000, -0.0000000000000000000 ) ) ;
#10282 = CARTESIAN_POINT ( 'NONE',  ( 0.0000000000000000000, 0.9810000000000003162, 0.0000000000000000000 ) ) ;
#10283 = ORIENTED_EDGE ( 'NONE', *, *, #8826, .T. ) ;
#10284 = B_SPLINE_CURVE_WITH_KNOTS ( 'NONE', 3,
 ( #3969, #9462, #3905, #151 ),
 .UNSPECIFIED., .F., .F.,
 ( 4, 4 ),
 ( 9.000000000000000000, 10.00000000000000000 ),
 .UNSPECIFIED. ) ;
#10285 = LINE ( 'NONE', #10409, #8848 ) ;
#10286 = ORIENTED_EDGE ( 'NONE', *, *, #11170, .T. ) ;
#10287 = LINE ( 'NONE', #9552, #11111 ) ;
#10288 = B_SPLINE_CURVE_WITH_KNOTS ( 'NONE', 3,
 ( #3990, #9481, #3096, #3923 ),
 .UNSPECIFIED., .F., .F.,
 ( 4, 4 ),
 ( 1.000000000000000000, 2.000000000000000000 ),
 .UNSPECIFIED. ) ;
#10289 = ADVANCED_FACE ( 'NONE', ( #6451 ), #10118, .F. ) ;
#10290 = ORIENTED_EDGE ( 'NONE', *, *, #1552, .T. ) ;
#10291 = CARTESIAN_POINT ( 'NONE',  ( -0.09242979192425743173, 0.9800000000000004263, 0.3397347154340394915 ) ) ;
#10292 =( LENGTH_UNIT ( ) NAMED_UNIT ( * ) SI_UNIT ( .MILLI., .METRE. ) );
#10293 =( LENGTH_UNIT ( ) NAMED_UNIT ( * ) SI_UNIT ( .MILLI., .METRE. ) );
#10294 = CARTESIAN_POINT ( 'NONE',  ( -0.08033717660658878934, 0.9810000000000003162, 0.2217270052029412519 ) ) ;
#10295 = EDGE_CURVE ( 'NONE', #440, #4435, #8502, .T. ) ;
#10296 = EDGE_LOOP ( 'NONE', ( #798, #8785, #1928, #10450 ) ) ;
#10297 = ORIENTED_EDGE ( 'NONE', *, *, #2698, .T. ) ;
#10298 = CARTESIAN_POINT ( 'NONE',  ( -0.09597104098580989950, 0.9810000000000003162, 0.2471168284930282122 ) ) ;
#10299 = SURFACE_STYLE_FILL_AREA ( #265 ) ;
#10300 = ORIENTED_EDGE ( 'NONE', *, *, #575, .F. ) ;
#10301 = EDGE_CURVE ( 'NONE', #874, #6487, #9696, .T. ) ;
#10302 = CARTESIAN_POINT ( 'NONE',  ( 0.1658271787583907586, 0.9810000000000003162, 0.3111769386675978244 ) ) ;
#10303 = VERTEX_POINT ( 'NONE', #3004 ) ;
#10304 =( LENGTH_UNIT ( ) NAMED_UNIT ( * ) SI_UNIT ( .MILLI., .METRE. ) );
#10305 =( NAMED_UNIT ( * ) PLANE_ANGLE_UNIT ( ) SI_UNIT ( $, .RADIAN. ) );
#10306 = DIRECTION ( 'NONE',  ( 0.9999748501857348426, 0.0000000000000000000, 0.007092178509965684462 ) ) ;
#10307 = FACE_OUTER_BOUND ( 'NONE', #4139, .T. ) ;
#10308 = CARTESIAN_POINT ( 'NONE',  ( -0.1004322965474254703, 0.9800000000000004263, 0.2164115577089509856 ) ) ;
#10309 = FACE_BOUND ( 'NONE', #9902, .T. ) ;
#10310 = SURFACE_STYLE_FILL_AREA ( #11137 ) ;
#10311 = COLOUR_RGB ( '',0.2235294117647058654, 0.2235294117647058654, 0.2235294117647058654 ) ;
#10312 = CARTESIAN_POINT ( 'NONE',  ( -0.1411336527627564397, 0.9810000000000003162, 0.2503577795607858647 ) ) ;
#10313 = DIRECTION ( 'NONE',  ( -0.0000000000000000000, -1.000000000000000000, -0.0000000000000000000 ) ) ;
#10314 = CARTESIAN_POINT ( 'NONE',  ( 0.06150595553267604321, 0.9800000000000004263, 0.2384973650103970610 ) ) ;
#10315 = VERTEX_POINT ( 'NONE', #4888 ) ;
#10316 = SURFACE_STYLE_USAGE ( .BOTH. , #7411 ) ;
#10317 = CARTESIAN_POINT ( 'NONE',  ( -0.3022296708210212568, 0.9810000000000003162, 0.2275877205213638343 ) ) ;
#10318 = MECHANICAL_DESIGN_GEOMETRIC_PRESENTATION_REPRESENTATION (  '', ( #8778 ), #7819 ) ;
#10319 = ORIENTED_EDGE ( 'NONE', *, *, #6811, .F. ) ;
#10320 = EDGE_CURVE ( 'NONE', #1811, #868, #3960, .T. ) ;
#10321 = VECTOR ( 'NONE', #4778, 1000.000000000000000 ) ;
#10322 =( NAMED_UNIT ( * ) PLANE_ANGLE_UNIT ( ) SI_UNIT ( $, .RADIAN. ) );
#10323 = CARTESIAN_POINT ( 'NONE',  ( 0.008049363051064835003, 0.9810000000000003162, 0.2319726427754881526 ) ) ;
#10324 = CARTESIAN_POINT ( 'NONE',  ( -0.1312837720141229458, 0.9800000000000004263, 0.3184555109937997064 ) ) ;
#10325 = ORIENTED_EDGE ( 'NONE', *, *, #2767, .T. ) ;
#10326 = AXIS2_PLACEMENT_3D ( 'NONE', #5254, #3490, #9042 ) ;
#10327 = STYLED_ITEM ( 'NONE', ( #6721 ), #10033 ) ;
#10328 = B_SPLINE_SURFACE_WITH_KNOTS ( 'NONE', 3, 1, ( 
 ( #1582, #11705 ),
 ( #4182, #2427 ),
 ( #3336, #8720 ),
 ( #10681, #1463 ) ),
 .UNSPECIFIED., .F., .F., .F.,
 ( 4, 4 ),
 ( 2, 2 ),
 ( 4.000000000000000000, 5.000000000000000000 ),
 ( 0.0000000000000000000, 1.000000000000000000 ),
 .UNSPECIFIED. ) ;
#10329 = VECTOR ( 'NONE', #8633, 1000.000000000000114 ) ;
#10330 = SURFACE_SIDE_STYLE ('',( #1097 ) ) ;
#10331 =( NAMED_UNIT ( * ) PLANE_ANGLE_UNIT ( ) SI_UNIT ( $, .RADIAN. ) );
#10332 = ORIENTED_EDGE ( 'NONE', *, *, #4953, .F. ) ;
#10333 = ORIENTED_EDGE ( 'NONE', *, *, #9898, .F. ) ;
#10334 = UNCERTAINTY_MEASURE_WITH_UNIT (LENGTH_MEASURE( 1.000000000000000082E-05 ), #1088, 'distance_accuracy_value', 'NONE');
#10335 = LINE ( 'NONE', #2246, #9041 ) ;
#10336 = LINE ( 'NONE', #6796, #3838 ) ;
#10337 = EDGE_CURVE ( 'NONE', #1054, #1655, #992, .T. ) ;
#10338 = COLOUR_RGB ( '',0.2235294117647058654, 0.2235294117647058654, 0.2235294117647058654 ) ;
#10339 = AXIS2_PLACEMENT_3D ( 'NONE', #8447, #2877, #9274 ) ;
#10340 = FILL_AREA_STYLE ('',( #7625 ) ) ;
#10341 = VECTOR ( 'NONE', #2460, 999.9999999999998863 ) ;
#10342 = FILL_AREA_STYLE_COLOUR ( '', #10824 ) ;
#10343 = ORIENTED_EDGE ( 'NONE', *, *, #2379, .T. ) ;
#10344 = CARTESIAN_POINT ( 'NONE',  ( -0.1314404726750542929, 0.9810000000000003162, 0.3405498110341374507 ) ) ;
#10345 = FACE_OUTER_BOUND ( 'NONE', #11249, .T. ) ;
#10346 = FACE_OUTER_BOUND ( 'NONE', #8071, .T. ) ;
#10347 = ORIENTED_EDGE ( 'NONE', *, *, #10864, .F. ) ;
#10348 = DIRECTION ( 'NONE',  ( 0.007092178509964201273, 0.0000000000000000000, -0.9999748501857348426 ) ) ;
#10349 = MECHANICAL_DESIGN_GEOMETRIC_PRESENTATION_REPRESENTATION (  '', ( #4373 ), #5529 ) ;
#10350 =( NAMED_UNIT ( * ) PLANE_ANGLE_UNIT ( ) SI_UNIT ( $, .RADIAN. ) );
#10351 = VECTOR ( 'NONE', #9857, 1000.000000000000000 ) ;
#10352 = UNCERTAINTY_MEASURE_WITH_UNIT (LENGTH_MEASURE( 1.000000000000000082E-05 ), #4448, 'distance_accuracy_value', 'NONE');
#10353 = ORIENTED_EDGE ( 'NONE', *, *, #2818, .F. ) ;
#10354 = CARTESIAN_POINT ( 'NONE',  ( -0.1507804757224739389, 0.9810000000000003162, 0.2031091588234313072 ) ) ;
#10355 = VECTOR ( 'NONE', #7743, 1000.000000000000114 ) ;
#10356 = CARTESIAN_POINT ( 'NONE',  ( -0.1032049167189015987, 0.9810000000000003162, 0.2298311023591409763 ) ) ;
#10357 = FILL_AREA_STYLE_COLOUR ( '', #11483 ) ;
#10358 = COLOUR_RGB ( '',0.2235294117647058654, 0.2235294117647058654, 0.2235294117647058654 ) ;
#10359 = CARTESIAN_POINT ( 'NONE',  ( 0.1658271787583907586, 0.9810000000000003162, 0.3111769386675978244 ) ) ;
#10360 = PRESENTATION_LAYER_ASSIGNMENT (  '', '', ( #3986 ) ) ;
#10361 = EDGE_CURVE ( 'NONE', #4772, #6494, #403, .T. ) ;
#10362 = FILL_AREA_STYLE_COLOUR ( '', #1720 ) ;
#10363 = VERTEX_POINT ( 'NONE', #1372 ) ;
#10364 = VERTEX_POINT ( 'NONE', #3900 ) ;
#10365 = SURFACE_STYLE_USAGE ( .BOTH. , #5601 ) ;
#10366 = LINE ( 'NONE', #3410, #6756 ) ;
#10367 = ORIENTED_EDGE ( 'NONE', *, *, #9907, .F. ) ;
#10368 = FILL_AREA_STYLE ('',( #11014 ) ) ;
#10369 = ORIENTED_EDGE ( 'NONE', *, *, #10534, .T. ) ;
#10370 = COLOUR_RGB ( '',0.2235294117647058654, 0.2235294117647058654, 0.2235294117647058654 ) ;
#10371 = DIRECTION ( 'NONE',  ( -0.007092178509963351259, -0.0000000000000000000, 0.9999748501857348426 ) ) ;
#10372 = CARTESIAN_POINT ( 'NONE',  ( 0.1394001497256229516, 0.9810000000000003162, 0.2144674072597157755 ) ) ;
#10373 = AXIS2_PLACEMENT_3D ( 'NONE', #2813, #6647, #4767 ) ;
#10374 = CARTESIAN_POINT ( 'NONE',  ( -0.2385904339955741971, 0.9800000000000004263, 0.2141319608088242399 ) ) ;
#10375 = EDGE_CURVE ( 'NONE', #1402, #1849, #7838, .T. ) ;
#10376 = DIRECTION ( 'NONE',  ( 0.007092178509965683594, 0.0000000000000000000, -0.9999748501857348426 ) ) ;
#10377 = CARTESIAN_POINT ( 'NONE',  ( -0.5999999999999994227, -1.000000000000000444, 0.5500000000000000444 ) ) ;
#10378 = CARTESIAN_POINT ( 'NONE',  ( -0.08882898268744554571, 0.9800000000000004263, 0.3359910364165828445 ) ) ;
#10379 = FILL_AREA_STYLE_COLOUR ( '', #8428 ) ;
#10380 = CARTESIAN_POINT ( 'NONE',  ( 0.2250111927590992544, 0.9800000000000004263, 0.2747230760545777972 ) ) ;
#10381 = CARTESIAN_POINT ( 'NONE',  ( -0.05345531724329093126, 0.9800000000000004263, 0.2212418012999091965 ) ) ;
#10382 = FACE_OUTER_BOUND ( 'NONE', #8896, .T. ) ;
#10383 = LINE ( 'NONE', #3260, #8417 ) ;
#10384 = VECTOR ( 'NONE', #9204, 1000.000000000000000 ) ;
#10385 = ORIENTED_EDGE ( 'NONE', *, *, #7483, .F. ) ;
#10386 = DIRECTION ( 'NONE',  ( -1.000000000000000000, 0.0000000000000000000, 0.0000000000000000000 ) ) ;
#10387 = EDGE_CURVE ( 'NONE', #6199, #6615, #10538, .T. ) ;
#10388 = PRESENTATION_STYLE_ASSIGNMENT (( #6724 ) ) ;
#10389 = CARTESIAN_POINT ( 'NONE',  ( -0.1952843293647865686, 0.9810000000000003162, 0.3022228729883505438 ) ) ;
#10390 = ORIENTED_EDGE ( 'NONE', *, *, #4278, .F. ) ;
#10391 = SURFACE_STYLE_FILL_AREA ( #7859 ) ;
#10392 = VECTOR ( 'NONE', #7761, 1000.000000000000227 ) ;
#10393 = EDGE_CURVE ( 'NONE', #9819, #9724, #11432, .T. ) ;
#10394 = PRESENTATION_STYLE_ASSIGNMENT (( #4849 ) ) ;
#10395 = CARTESIAN_POINT ( 'NONE',  ( -0.1411336527627564119, 0.9810000000000003162, 0.2503577795607858092 ) ) ;
#10396 = ORIENTED_EDGE ( 'NONE', *, *, #8966, .T. ) ;
#10397 = ORIENTED_EDGE ( 'NONE', *, *, #4925, .T. ) ;
#10398 = CARTESIAN_POINT ( 'NONE',  ( 0.1107400636383502335, 0.9800000000000004263, 0.2287244026595042501 ) ) ;
#10399 =( LENGTH_UNIT ( ) NAMED_UNIT ( * ) SI_UNIT ( .MILLI., .METRE. ) );
#10400 = COLOUR_RGB ( '',0.2235294117647058654, 0.2235294117647058654, 0.2235294117647058654 ) ;
#10401 = STYLED_ITEM ( 'NONE', ( #7028 ), #4119 ) ;
#10402 = AXIS2_PLACEMENT_3D ( 'NONE', #8345, #11029, #9112 ) ;
#10403 = VECTOR ( 'NONE', #370, 1000.000000000000000 ) ;
#10404 = SURFACE_SIDE_STYLE ('',( #1286 ) ) ;
#10405 = VECTOR ( 'NONE', #2303, 1000.000000000000000 ) ;
#10406 = ORIENTED_EDGE ( 'NONE', *, *, #7710, .T. ) ;
#10407 =( NAMED_UNIT ( * ) SI_UNIT ( $, .STERADIAN. ) SOLID_ANGLE_UNIT ( ) );
#10408 = ADVANCED_FACE ( 'NONE', ( #5860 ), #6768, .F. ) ;
#10409 = CARTESIAN_POINT ( 'NONE',  ( -0.1943822964821611265, 0.9810000000000003162, 0.2373467447659422525 ) ) ;
#10410 = CARTESIAN_POINT ( 'NONE',  ( -0.1643392080106935715, 0.9800000000000004263, 0.2236267145774515075 ) ) ;
#10411 = VERTEX_POINT ( 'NONE', #3420 ) ;
#10412 = B_SPLINE_CURVE_WITH_KNOTS ( 'NONE', 3,
 ( #8309, #9251, #4493, #986 ),
 .UNSPECIFIED., .F., .F.,
 ( 4, 4 ),
 ( 14.00000000000000000, 15.00000000000000000 ),
 .UNSPECIFIED. ) ;
#10413 = COLOUR_RGB ( '',0.2235294117647058654, 0.2235294117647058654, 0.2235294117647058654 ) ;
#10414 =( LENGTH_UNIT ( ) NAMED_UNIT ( * ) SI_UNIT ( .MILLI., .METRE. ) );
#10415 =( NAMED_UNIT ( * ) PLANE_ANGLE_UNIT ( ) SI_UNIT ( $, .RADIAN. ) );
#10416 = VERTEX_POINT ( 'NONE', #11609 ) ;
#10417 = FILL_AREA_STYLE_COLOUR ( '', #8971 ) ;
#10418 = CARTESIAN_POINT ( 'NONE',  ( -0.09590984541418960674, 0.9810000000000003162, 0.3007961149567175974 ) ) ;
#10419 = PRESENTATION_LAYER_ASSIGNMENT (  '', '', ( #11371 ) ) ;
#10420 = SURFACE_SIDE_STYLE ('',( #11372 ) ) ;
#10421 = ORIENTED_EDGE ( 'NONE', *, *, #10888, .F. ) ;
#10422 = ORIENTED_EDGE ( 'NONE', *, *, #9917, .T. ) ;
#10423 = CARTESIAN_POINT ( 'NONE',  ( -0.09249217796259767699, 0.9800000000000004263, 0.2367436611642649014 ) ) ;
#10424 = VERTEX_POINT ( 'NONE', #2569 ) ;
#10425 = DIRECTION ( 'NONE',  ( 0.9999748501857348426, 0.0000000000000000000, 0.007092178509963209011 ) ) ;
#10426 = DIRECTION ( 'NONE',  ( -0.0000000000000000000, -1.000000000000000000, -0.0000000000000000000 ) ) ;
#10427 = ORIENTED_EDGE ( 'NONE', *, *, #11450, .F. ) ;
#10428 = EDGE_CURVE ( 'NONE', #2871, #11373, #8084, .T. ) ;
#10429 = CARTESIAN_POINT ( 'NONE',  ( 0.04307265205478567199, 0.9810000000000003162, 0.2380051290754030546 ) ) ;
#10430 = FACE_OUTER_BOUND ( 'NONE', #10153, .T. ) ;
#10431 = FILL_AREA_STYLE_COLOUR ( '', #11473 ) ;
#10432 = COLOUR_RGB ( '',0.2235294117647058654, 0.2235294117647058654, 0.2235294117647058654 ) ;
#10433 = B_SPLINE_CURVE_WITH_KNOTS ( 'NONE', 3,
 ( #8161, #11850, #8386, #41 ),
 .UNSPECIFIED., .F., .F.,
 ( 4, 4 ),
 ( 15.00000000000000000, 16.00000000000000000 ),
 .UNSPECIFIED. ) ;
#10434 = CARTESIAN_POINT ( 'NONE',  ( -0.1094687452308125419, 0.9800000000000004263, 0.2150477379066758343 ) ) ;
#10435 = AXIS2_PLACEMENT_3D ( 'NONE', #3795, #7679, #7478 ) ;
#10436 = FACE_OUTER_BOUND ( 'NONE', #1192, .T. ) ;
#10437 = DIRECTION ( 'NONE',  ( -0.9999748501857348426, -0.0000000000000000000, -0.007092178509965165779 ) ) ;
#10438 = SURFACE_SIDE_STYLE ('',( #10310 ) ) ;
#10439 = CARTESIAN_POINT ( 'NONE',  ( -0.1314404726750542929, 0.9810000000000003162, 0.3405498110341374507 ) ) ;
#10440 = SURFACE_SIDE_STYLE ('',( #5812 ) ) ;
#10441 = VECTOR ( 'NONE', #2253, 1000.000000000000000 ) ;
#10442 = FILL_AREA_STYLE_COLOUR ( '', #7290 ) ;
#10443 = EDGE_CURVE ( 'NONE', #3882, #8168, #7110, .T. ) ;
#10444 = PLANE ( 'NONE',  #4957 ) ;
#10445 = PRESENTATION_STYLE_ASSIGNMENT (( #355 ) ) ;
#10446 = ORIENTED_EDGE ( 'NONE', *, *, #462, .T. ) ;
#10447 = SURFACE_STYLE_USAGE ( .BOTH. , #4049 ) ;
#10448 = CARTESIAN_POINT ( 'NONE',  ( -0.1643392080106935715, 0.9800000000000004263, 0.2236267145774515075 ) ) ;
#10449 =( GEOMETRIC_REPRESENTATION_CONTEXT ( 3 ) GLOBAL_UNCERTAINTY_ASSIGNED_CONTEXT ( ( #4527 ) ) GLOBAL_UNIT_ASSIGNED_CONTEXT ( ( #10867, #7029, #10693 ) ) REPRESENTATION_CONTEXT ( 'NONE', 'WORKASPACE' ) );
#10450 = ORIENTED_EDGE ( 'NONE', *, *, #1309, .T. ) ;
#10451 = EDGE_CURVE ( 'NONE', #1705, #8636, #709, .T. ) ;
#10452 = FACE_OUTER_BOUND ( 'NONE', #8922, .T. ) ;
#10453 = ORIENTED_EDGE ( 'NONE', *, *, #7484, .F. ) ;
#10454 = EDGE_LOOP ( 'NONE', ( #3164, #4687, #6652, #2385 ) ) ;
#10455 = UNCERTAINTY_MEASURE_WITH_UNIT (LENGTH_MEASURE( 1.000000000000000082E-05 ), #5403, 'distance_accuracy_value', 'NONE');
#10456 =( NAMED_UNIT ( * ) SI_UNIT ( $, .STERADIAN. ) SOLID_ANGLE_UNIT ( ) );
#10457 = DIRECTION ( 'NONE',  ( 0.9999748501857348426, 0.0000000000000000000, 0.007092178509963859533 ) ) ;
#10458 = EDGE_CURVE ( 'NONE', #3741, #11186, #1657, .T. ) ;
#10459 = CARTESIAN_POINT ( 'NONE',  ( 0.2101081641215258311, 0.9810000000000003162, 0.2352132453259013212 ) ) ;
#10460 = ORIENTED_EDGE ( 'NONE', *, *, #10509, .T. ) ;
#10461 = CARTESIAN_POINT ( 'NONE',  ( 0.2022323288433300892, 0.9810000000000003162, 0.2752845485394986857 ) ) ;
#10462 = PRESENTATION_STYLE_ASSIGNMENT (( #3166 ) ) ;
#10463 =( LENGTH_UNIT ( ) NAMED_UNIT ( * ) SI_UNIT ( .MILLI., .METRE. ) );
#10464 = VERTEX_POINT ( 'NONE', #6080 ) ;
#10465 = UNCERTAINTY_MEASURE_WITH_UNIT (LENGTH_MEASURE( 1.000000000000000082E-05 ), #6968, 'distance_accuracy_value', 'NONE');
#10466 =( NAMED_UNIT ( * ) SI_UNIT ( $, .STERADIAN. ) SOLID_ANGLE_UNIT ( ) );
#10467 = EDGE_CURVE ( 'NONE', #5028, #732, #4271, .T. ) ;
#10468 = LINE ( 'NONE', #9561, #5925 ) ;
#10469 =( NAMED_UNIT ( * ) PLANE_ANGLE_UNIT ( ) SI_UNIT ( $, .RADIAN. ) );
#10470 = DIRECTION ( 'NONE',  ( 1.000000000000000000, 0.0000000000000000000, 0.0000000000000000000 ) ) ;
#10471 = ORIENTED_EDGE ( 'NONE', *, *, #4516, .F. ) ;
#10472 = ORIENTED_EDGE ( 'NONE', *, *, #607, .F. ) ;
#10473 = CARTESIAN_POINT ( 'NONE',  ( 0.0000000000000000000, 0.0000000000000000000, 0.0000000000000000000 ) ) ;
#10474 = DIRECTION ( 'NONE',  ( -0.0000000000000000000, -1.000000000000000000, -0.0000000000000000000 ) ) ;
#10475 = ORIENTED_EDGE ( 'NONE', *, *, #6477, .F. ) ;
#10476 = CARTESIAN_POINT ( 'NONE',  ( -0.08968388737709657998, 0.9800000000000004263, 0.2311227500013562364 ) ) ;
#10477 = ORIENTED_EDGE ( 'NONE', *, *, #7204, .T. ) ;
#10478 =( NAMED_UNIT ( * ) PLANE_ANGLE_UNIT ( ) SI_UNIT ( $, .RADIAN. ) );
#10479 = ADVANCED_FACE ( 'NONE', ( #8144 ), #3529, .F. ) ;
#10480 = UNCERTAINTY_MEASURE_WITH_UNIT (LENGTH_MEASURE( 1.000000000000000082E-05 ), #4598, 'distance_accuracy_value', 'NONE');
#10481 = LINE ( 'NONE', #10434, #11066 ) ;
#10482 = LINE ( 'NONE', #1376, #5135 ) ;
#10483 = CARTESIAN_POINT ( 'NONE',  ( -0.1268544847074608295, 0.9800000000000004263, 0.2455460728015328442 ) ) ;
#10484 = CARTESIAN_POINT ( 'NONE',  ( -0.2254477106681113119, 0.9810000000000003162, 0.3457318635279222896 ) ) ;
#10485 = DIRECTION ( 'NONE',  ( 0.0000000000000000000, 0.0000000000000000000, -1.000000000000000000 ) ) ;
#10486 = EDGE_LOOP ( 'NONE', ( #19, #4749, #2359, #10232, #2774, #332, #2448 ) ) ;
#10487 = CARTESIAN_POINT ( 'NONE',  ( -0.08882898268744554571, 0.9810000000000003162, 0.3359910364165828445 ) ) ;
#10488 = CARTESIAN_POINT ( 'NONE',  ( -0.04721149546124459029, 0.9810000000000003162, 0.2663347294017247013 ) ) ;
#10489 = CARTESIAN_POINT ( 'NONE',  ( -0.2535694000644493906, 0.9810000000000003162, 0.2626356297533611883 ) ) ;
#10490 =( NAMED_UNIT ( * ) SI_UNIT ( $, .STERADIAN. ) SOLID_ANGLE_UNIT ( ) );
#10491 = CARTESIAN_POINT ( 'NONE',  ( -0.2499999999999994171, -1.000000000000000444, 0.5300000000000001377 ) ) ;
#10492 = DIRECTION ( 'NONE',  ( -1.000000000000000000, 0.0000000000000000000, 0.0000000000000000000 ) ) ;
#10493 = ORIENTED_EDGE ( 'NONE', *, *, #11153, .F. ) ;
#10494 = CARTESIAN_POINT ( 'NONE',  ( 0.04307265205478567199, 0.9800000000000004263, 0.2380051290754030546 ) ) ;
#10495 = LINE ( 'NONE', #5872, #4647 ) ;
#10496 = EDGE_CURVE ( 'NONE', #5028, #6051, #1433, .T. ) ;
#10497 = CARTESIAN_POINT ( 'NONE',  ( -0.2501144111377446855, 0.9810000000000003162, 0.2574612134344180792 ) ) ;
#10498 = DIRECTION ( 'NONE',  ( 0.9999748501857348426, -0.0000000000000000000, 0.007092178509964963684 ) ) ;
#10499 = MECHANICAL_DESIGN_GEOMETRIC_PRESENTATION_REPRESENTATION (  '', ( #7414 ), #10874 ) ;
#10500 = COLOUR_RGB ( '',0.2235294117647058654, 0.2235294117647058654, 0.2235294117647058654 ) ;
#10501 =( NAMED_UNIT ( * ) SI_UNIT ( $, .STERADIAN. ) SOLID_ANGLE_UNIT ( ) );
#10502 = VERTEX_POINT ( 'NONE', #5116 ) ;
#10503 = STYLED_ITEM ( 'NONE', ( #4807 ), #9698 ) ;
#10504 = ORIENTED_EDGE ( 'NONE', *, *, #7588, .T. ) ;
#10505 = DIRECTION ( 'NONE',  ( 0.2455530343989367759, -0.0000000000000000000, 0.9693831581461864744 ) ) ;
#10506 = CARTESIAN_POINT ( 'NONE',  ( 0.2197914174653515518, 0.9810000000000003162, 0.2461270851575140806 ) ) ;
#10507 = DIRECTION ( 'NONE',  ( 0.9999748501857348426, -0.0000000000000000000, 0.007092178509963351259 ) ) ;
#10508 = VECTOR ( 'NONE', #10386, 1000.000000000000000 ) ;
#10509 = EDGE_CURVE ( 'NONE', #5092, #4266, #10767, .T. ) ;
#10510 = ADVANCED_FACE ( 'NONE', ( #514 ), #5295, .F. ) ;
#10511 = VECTOR ( 'NONE', #11475, 1000.000000000000000 ) ;
#10512 = VERTEX_POINT ( 'NONE', #4325 ) ;
#10513 = CARTESIAN_POINT ( 'NONE',  ( 0.1933899851099938894, 0.9810000000000003162, 0.2477473868847924199 ) ) ;
#10514 = UNCERTAINTY_MEASURE_WITH_UNIT (LENGTH_MEASURE( 1.000000000000000082E-05 ), #144, 'distance_accuracy_value', 'NONE');
#10515 = CARTESIAN_POINT ( 'NONE',  ( -0.2129742397133229659, 0.9810000000000003162, 0.2949748889742561664 ) ) ;
#10516 = CARTESIAN_POINT ( 'NONE',  ( 0.2499999999999993616, -0.9799999999999995381, 0.01999999999999999695 ) ) ;
#10517 = EDGE_LOOP ( 'NONE', ( #25, #2847, #5939, #5791, #1186, #569, #11257, #8803 ) ) ;
#10518 = LINE ( 'NONE', #8663, #7866 ) ;
#10519 = CARTESIAN_POINT ( 'NONE',  ( -0.2810581327235270876, 0.9800000000000004263, 0.2277378766252798892 ) ) ;
#10520 = ORIENTED_EDGE ( 'NONE', *, *, #8359, .T. ) ;
#10521 = STYLED_ITEM ( 'NONE', ( #755 ), #3580 ) ;
#10522 = COLOUR_RGB ( '',0.2235294117647058654, 0.2235294117647058654, 0.2235294117647058654 ) ;
#10523 = B_SPLINE_SURFACE_WITH_KNOTS ( 'NONE', 3, 1, ( 
 ( #6181, #7153 ),
 ( #9678, #5332 ),
 ( #6122, #5098 ),
 ( #2550, #11528 ) ),
 .UNSPECIFIED., .F., .F., .F.,
 ( 4, 4 ),
 ( 2, 2 ),
 ( 0.0000000000000000000, 1.000000000000000000 ),
 ( 0.0000000000000000000, 1.000000000000000000 ),
 .UNSPECIFIED. ) ;
#10524 = VECTOR ( 'NONE', #4157, 1000.000000000000114 ) ;
#10525 = SURFACE_STYLE_USAGE ( .BOTH. , #4078 ) ;
#10526 = CARTESIAN_POINT ( 'NONE',  ( -0.1361515083795944714, 0.9810000000000003162, 0.2241125724212622294 ) ) ;
#10527 = CARTESIAN_POINT ( 'NONE',  ( -0.2150015195407217472, 0.9810000000000003162, 0.2142992618085834133 ) ) ;
#10528 = EDGE_LOOP ( 'NONE', ( #11280, #1540, #5587, #4696 ) ) ;
#10529 = EDGE_LOOP ( 'NONE', ( #11699, #5276, #1467, #9353 ) ) ;
#10530 = STYLED_ITEM ( 'NONE', ( #6750 ), #3649 ) ;
#10531 = EDGE_LOOP ( 'NONE', ( #4909, #1169, #10332, #5831 ) ) ;
#10532 = B_SPLINE_CURVE_WITH_KNOTS ( 'NONE', 3,
 ( #5442, #3862, #4718, #8399 ),
 .UNSPECIFIED., .F., .F.,
 ( 4, 4 ),
 ( 2.000000000000000000, 3.000000000000000000 ),
 .UNSPECIFIED. ) ;
#10533 =( NAMED_UNIT ( * ) SI_UNIT ( $, .STERADIAN. ) SOLID_ANGLE_UNIT ( ) );
#10534 = EDGE_CURVE ( 'NONE', #7586, #7813, #3762, .T. ) ;
#10535 = PRESENTATION_LAYER_ASSIGNMENT (  '', '', ( #11305 ) ) ;
#10536 = EDGE_LOOP ( 'NONE', ( #11445, #10493, #8480, #3060 ) ) ;
#10537 = ORIENTED_EDGE ( 'NONE', *, *, #8466, .F. ) ;
#10538 = LINE ( 'NONE', #7657, #7249 ) ;
#10539 = SURFACE_STYLE_USAGE ( .BOTH. , #11434 ) ;
#10540 = SURFACE_STYLE_USAGE ( .BOTH. , #6875 ) ;
#10541 = SURFACE_STYLE_FILL_AREA ( #3192 ) ;
#10542 = ORIENTED_EDGE ( 'NONE', *, *, #7406, .F. ) ;
#10543 =( GEOMETRIC_REPRESENTATION_CONTEXT ( 3 ) GLOBAL_UNCERTAINTY_ASSIGNED_CONTEXT ( ( #9988 ) ) GLOBAL_UNIT_ASSIGNED_CONTEXT ( ( #126, #3819, #7268 ) ) REPRESENTATION_CONTEXT ( 'NONE', 'WORKASPACE' ) );
#10544 = ADVANCED_FACE ( 'NONE', ( #10103 ), #10051, .F. ) ;
#10545 = CARTESIAN_POINT ( 'NONE',  ( 0.1417074885652207239, 0.9810000000000003162, 0.3478794537793541419 ) ) ;
#10546 = CARTESIAN_POINT ( 'NONE',  ( -0.2249666376086776054, 0.9810000000000003162, 0.2650740264961071180 ) ) ;
#10547 = CARTESIAN_POINT ( 'NONE',  ( -0.04778354505049949713, 0.9810000000000003162, 0.3469919211955224680 ) ) ;
#10548 = CARTESIAN_POINT ( 'NONE',  ( 0.1815788118333163392, 0.9810000000000003162, 0.3329789872522592731 ) ) ;
#10549 = FACE_OUTER_BOUND ( 'NONE', #8290, .T. ) ;
#10550 = CARTESIAN_POINT ( 'NONE',  ( -0.1334531839170124967, 0.9800000000000004263, 0.2284988029813187493 ) ) ;
#10551 = VERTEX_POINT ( 'NONE', #8316 ) ;
#10552 = CARTESIAN_POINT ( 'NONE',  ( -0.2391311463533324078, 0.9810000000000003162, 0.3086964867495653464 ) ) ;
#10553 = VECTOR ( 'NONE', #5522, 1000.000000000000114 ) ;
#10554 =( LENGTH_UNIT ( ) NAMED_UNIT ( * ) SI_UNIT ( .MILLI., .METRE. ) );
#10555 = DIRECTION ( 'NONE',  ( -0.0000000000000000000, 0.0000000000000000000, -1.000000000000000000 ) ) ;
#10556 =( NAMED_UNIT ( * ) SI_UNIT ( $, .STERADIAN. ) SOLID_ANGLE_UNIT ( ) );
#10557 = SURFACE_STYLE_USAGE ( .BOTH. , #3207 ) ;
#10558 = SURFACE_STYLE_USAGE ( .BOTH. , #6050 ) ;
#10559 = VECTOR ( 'NONE', #1573, 1000.000000000000000 ) ;
#10560 = DIRECTION ( 'NONE',  ( -0.0000000000000000000, -1.000000000000000000, -0.0000000000000000000 ) ) ;
#10561 = B_SPLINE_CURVE_WITH_KNOTS ( 'NONE', 3,
 ( #8338, #8627, #344, #4827 ),
 .UNSPECIFIED., .F., .F.,
 ( 4, 4 ),
 ( 12.00000000000000000, 13.00000000000000000 ),
 .UNSPECIFIED. ) ;
#10562 = PRESENTATION_LAYER_ASSIGNMENT (  '', '', ( #5564 ) ) ;
#10563 = ORIENTED_EDGE ( 'NONE', *, *, #10276, .T. ) ;
#10564 = VERTEX_POINT ( 'NONE', #4501 ) ;
#10565 = UNCERTAINTY_MEASURE_WITH_UNIT (LENGTH_MEASURE( 1.000000000000000082E-05 ), #3094, 'distance_accuracy_value', 'NONE');
#10566 = CARTESIAN_POINT ( 'NONE',  ( 0.1631429411473474811, 0.9810000000000003162, 0.3328482334779345742 ) ) ;
#10567 = CARTESIAN_POINT ( 'NONE',  ( 0.2077289880150376966, 0.9810000000000003162, 0.3158121704912326133 ) ) ;
#10568 = ADVANCED_FACE ( 'NONE', ( #8368 ), #11182, .F. ) ;
#10569 = DIRECTION ( 'NONE',  ( 0.0000000000000000000, -1.000000000000000000, 0.0000000000000000000 ) ) ;
#10570 = ORIENTED_EDGE ( 'NONE', *, *, #7214, .T. ) ;
#10571 = DIRECTION ( 'NONE',  ( -0.3451999324343007491, 0.0000000000000000000, 0.9385291719746137185 ) ) ;
#10572 = CARTESIAN_POINT ( 'NONE',  ( 0.1471528985507288279, 0.9810000000000003162, 0.2427198625404619614 ) ) ;
#10573 = CARTESIAN_POINT ( 'NONE',  ( 0.2499999999999994171, 0.9999999999999995559, -0.02000000000000000389 ) ) ;
#10574 = VERTEX_POINT ( 'NONE', #6499 ) ;
#10575 = PRESENTATION_STYLE_ASSIGNMENT (( #11590 ) ) ;
#10576 = PRESENTATION_STYLE_ASSIGNMENT (( #1295 ) ) ;
#10577 = ORIENTED_EDGE ( 'NONE', *, *, #5212, .T. ) ;
#10578 = UNCERTAINTY_MEASURE_WITH_UNIT (LENGTH_MEASURE( 1.000000000000000082E-05 ), #88, 'distance_accuracy_value', 'NONE');
#10579 =( GEOMETRIC_REPRESENTATION_CONTEXT ( 3 ) GLOBAL_UNCERTAINTY_ASSIGNED_CONTEXT ( ( #6227 ) ) GLOBAL_UNIT_ASSIGNED_CONTEXT ( ( #10293, #6683, #5781 ) ) REPRESENTATION_CONTEXT ( 'NONE', 'WORKASPACE' ) );
#10580 = VECTOR ( 'NONE', #4645, 1000.000000000000114 ) ;
#10581 = B_SPLINE_CURVE_WITH_KNOTS ( 'NONE', 3,
 ( #6238, #3621, #2549, #9903 ),
 .UNSPECIFIED., .F., .F.,
 ( 4, 4 ),
 ( 3.000000000000000000, 4.000000000000000000 ),
 .UNSPECIFIED. ) ;
#10582 = EDGE_CURVE ( 'NONE', #7586, #5084, #1575, .T. ) ;
#10583 = CARTESIAN_POINT ( 'NONE',  ( 0.06006257676284807584, 0.9810000000000003162, 0.2381256276848210951 ) ) ;
#10584 = CARTESIAN_POINT ( 'NONE',  ( -0.1094687452308125419, 0.9810000000000003162, 0.2150477379066758343 ) ) ;
#10585 = MECHANICAL_DESIGN_GEOMETRIC_PRESENTATION_REPRESENTATION (  '', ( #5793 ), #165 ) ;
#10586 = PRESENTATION_LAYER_ASSIGNMENT (  '', '', ( #4431 ) ) ;
#10587 = PLANE ( 'NONE',  #7655 ) ;
#10588 = FACE_OUTER_BOUND ( 'NONE', #9632, .T. ) ;
#10589 = CARTESIAN_POINT ( 'NONE',  ( -0.08681088979673344530, 0.9800000000000004263, 0.2237086702488154111 ) ) ;
#10590 = DIRECTION ( 'NONE',  ( 0.007092178509965098125, 0.0000000000000000000, -0.9999748501857348426 ) ) ;
#10591 = VERTEX_POINT ( 'NONE', #1954 ) ;
#10592 = ORIENTED_EDGE ( 'NONE', *, *, #11208, .F. ) ;
#10593 =( GEOMETRIC_REPRESENTATION_CONTEXT ( 3 ) GLOBAL_UNCERTAINTY_ASSIGNED_CONTEXT ( ( #540 ) ) GLOBAL_UNIT_ASSIGNED_CONTEXT ( ( #8151, #2799, #8374 ) ) REPRESENTATION_CONTEXT ( 'NONE', 'WORKASPACE' ) );
#10594 = FILL_AREA_STYLE ('',( #5107 ) ) ;
#10595 = ADVANCED_FACE ( 'NONE', ( #4745 ), #1887, .F. ) ;
#10596 =( LENGTH_UNIT ( ) NAMED_UNIT ( * ) SI_UNIT ( .MILLI., .METRE. ) );
#10597 = VERTEX_POINT ( 'NONE', #9258 ) ;
#10598 = VECTOR ( 'NONE', #37, 1000.000000000000000 ) ;
#10599 = EDGE_LOOP ( 'NONE', ( #2381, #6235, #248, #5171 ) ) ;
#10600 = ORIENTED_EDGE ( 'NONE', *, *, #11491, .F. ) ;
#10601 = VECTOR ( 'NONE', #5673, 1000.000000000000114 ) ;
#10602 = COLOUR_RGB ( '',0.2235294117647058654, 0.2235294117647058654, 0.2235294117647058654 ) ;
#10603 = FACE_OUTER_BOUND ( 'NONE', #1598, .T. ) ;
#10604 = EDGE_CURVE ( 'NONE', #6988, #10741, #995, .T. ) ;
#10605 = COLOUR_RGB ( '',0.2235294117647058654, 0.2235294117647058654, 0.2235294117647058654 ) ;
#10606 = FILL_AREA_STYLE_COLOUR ( '', #5567 ) ;
#10607 = CARTESIAN_POINT ( 'NONE',  ( -0.1248825883781272406, 0.9810000000000003162, 0.2405690946740485503 ) ) ;
#10608 = ORIENTED_EDGE ( 'NONE', *, *, #1131, .T. ) ;
#10609 = LINE ( 'NONE', #10488, #535 ) ;
#10610 =( GEOMETRIC_REPRESENTATION_CONTEXT ( 3 ) GLOBAL_UNCERTAINTY_ASSIGNED_CONTEXT ( ( #1624 ) ) GLOBAL_UNIT_ASSIGNED_CONTEXT ( ( #8163, #10619, #5197 ) ) REPRESENTATION_CONTEXT ( 'NONE', 'WORKASPACE' ) );
#10611 = CARTESIAN_POINT ( 'NONE',  ( -0.08407883266472754302, 0.9810000000000003162, 0.2489947997936306223 ) ) ;
#10612 = DIRECTION ( 'NONE',  ( 0.007092178509968394100, 0.0000000000000000000, -0.9999748501857347316 ) ) ;
#10613 = CARTESIAN_POINT ( 'NONE',  ( -0.005479512633501676215, 0.9800000000000004263, 0.2535670442278914472 ) ) ;
#10614 = PRESENTATION_LAYER_ASSIGNMENT (  '', '', ( #11188 ) ) ;
#10615 = DIRECTION ( 'NONE',  ( -0.0000000000000000000, -1.000000000000000000, -0.0000000000000000000 ) ) ;
#10616 = EDGE_CURVE ( 'NONE', #9719, #262, #4930, .T. ) ;
#10617 = DIRECTION ( 'NONE',  ( -0.0000000000000000000, 0.0000000000000000000, -1.000000000000000000 ) ) ;
#10618 = PLANE ( 'NONE',  #5154 ) ;
#10619 =( NAMED_UNIT ( * ) PLANE_ANGLE_UNIT ( ) SI_UNIT ( $, .RADIAN. ) );
#10620 = STYLED_ITEM ( 'NONE', ( #7233 ), #4622 ) ;
#10621 = LINE ( 'NONE', #2355, #6699 ) ;
#10622 = PRODUCT ( 'R0508', 'R0508', '', ( #5228 ) ) ;
#10623 = CARTESIAN_POINT ( 'NONE',  ( -0.5799999999999994049, 0.9800000000000004263, 0.5300000000000001377 ) ) ;
#10624 = PRESENTATION_STYLE_ASSIGNMENT (( #4232 ) ) ;
#10625 = ORIENTED_EDGE ( 'NONE', *, *, #10948, .T. ) ;
#10626 = ORIENTED_EDGE ( 'NONE', *, *, #7362, .F. ) ;
#10627 = CARTESIAN_POINT ( 'NONE',  ( 0.07098665811640676726, 0.9810000000000003162, 0.2779687662479400911 ) ) ;
#10628 = ADVANCED_FACE ( 'NONE', ( #3944 ), #294, .F. ) ;
#10629 = CARTESIAN_POINT ( 'NONE',  ( -0.07648797249033079115, 0.9810000000000003162, 0.3204038184596204597 ) ) ;
#10630 = VERTEX_POINT ( 'NONE', #5059 ) ;
#10631 = EDGE_CURVE ( 'NONE', #440, #3932, #8637, .T. ) ;
#10632 = UNCERTAINTY_MEASURE_WITH_UNIT (LENGTH_MEASURE( 1.000000000000000082E-05 ), #6733, 'distance_accuracy_value', 'NONE');
#10633 = CARTESIAN_POINT ( 'NONE',  ( -0.1248929121863773528, 0.9800000000000004263, 0.2420247191473610393 ) ) ;
#10634 = ORIENTED_EDGE ( 'NONE', *, *, #11413, .T. ) ;
#10635 = DIRECTION ( 'NONE',  ( 1.000000000000000000, 0.0000000000000000000, 0.0000000000000000000 ) ) ;
#10636 = ORIENTED_EDGE ( 'NONE', *, *, #1618, .T. ) ;
#10637 = CARTESIAN_POINT ( 'NONE',  ( -0.1942609917352297322, 0.9800000000000004263, 0.2202431572054830144 ) ) ;
#10638 = FILL_AREA_STYLE ('',( #5056 ) ) ;
#10639 = CARTESIAN_POINT ( 'NONE',  ( -0.07339973933240424853, 0.9800000000000004263, 0.2661489930300927065 ) ) ;
#10640 = CARTESIAN_POINT ( 'NONE',  ( -0.1420095865402139501, 0.9800000000000004263, 0.2290879829622765040 ) ) ;
#10641 = CARTESIAN_POINT ( 'NONE',  ( -0.1004322965474254703, 0.9810000000000003162, 0.2164115577089509856 ) ) ;
#10642 = ORIENTED_EDGE ( 'NONE', *, *, #6185, .F. ) ;
#10643 = ORIENTED_EDGE ( 'NONE', *, *, #11045, .F. ) ;
#10644 = CARTESIAN_POINT ( 'NONE',  ( -0.2030867450043408462, 0.9800000000000004263, 0.3211176000878182557 ) ) ;
#10645 = EDGE_CURVE ( 'NONE', #11107, #5427, #2149, .T. ) ;
#10646 =( NAMED_UNIT ( * ) PLANE_ANGLE_UNIT ( ) SI_UNIT ( $, .RADIAN. ) );
#10647 = ORIENTED_EDGE ( 'NONE', *, *, #2211, .T. ) ;
#10648 = CARTESIAN_POINT ( 'NONE',  ( -0.2142054138241698269, 0.9810000000000003162, 0.2651503489356676901 ) ) ;
#10649 = VERTEX_POINT ( 'NONE', #5847 ) ;
#10650 = VERTEX_POINT ( 'NONE', #7580 ) ;
#10651 = CARTESIAN_POINT ( 'NONE',  ( 0.1332087075751947625, 0.9810000000000003162, 0.2209306122946781414 ) ) ;
#10652 = EDGE_CURVE ( 'NONE', #5647, #936, #9382, .T. ) ;
#10653 = LINE ( 'NONE', #2572, #8224 ) ;
#10654 = COLOUR_RGB ( '',0.2235294117647058654, 0.2235294117647058654, 0.2235294117647058654 ) ;
#10655 = CARTESIAN_POINT ( 'NONE',  ( -0.1032049167189015987, 0.9800000000000004263, 0.2298311023591409763 ) ) ;
#10656 = CARTESIAN_POINT ( 'NONE',  ( -0.1943822964821611265, 0.9800000000000004263, 0.2373467447659422525 ) ) ;
#10657 = ADVANCED_FACE ( 'NONE', ( #4873 ), #8543, .F. ) ;
#10658 = VERTEX_POINT ( 'NONE', #7822 ) ;
#10659 = DIRECTION ( 'NONE',  ( -0.0000000000000000000, -1.000000000000000000, -0.0000000000000000000 ) ) ;
#10660 = CARTESIAN_POINT ( 'NONE',  ( -0.1200913414005839730, 0.9810000000000003162, 0.2357420853957250817 ) ) ;
#10661 = FILL_AREA_STYLE_COLOUR ( '', #1080 ) ;
#10662 = LINE ( 'NONE', #6156, #686 ) ;
#10663 = CARTESIAN_POINT ( 'NONE',  ( 0.09802132204498795187, 0.9810000000000003162, 0.3399779926670717933 ) ) ;
#10664 =( LENGTH_UNIT ( ) NAMED_UNIT ( * ) SI_UNIT ( .MILLI., .METRE. ) );
#10665 = CARTESIAN_POINT ( 'NONE',  ( -0.2391311463533324355, 0.9800000000000004263, 0.3086964867495653464 ) ) ;
#10666 = SURFACE_STYLE_FILL_AREA ( #4225 ) ;
#10667 = DIRECTION ( 'NONE',  ( 1.000000000000000000, 0.0000000000000000000, -0.0000000000000000000 ) ) ;
#10668 = B_SPLINE_CURVE_WITH_KNOTS ( 'NONE', 3,
 ( #288, #3982, #7678, #3088 ),
 .UNSPECIFIED., .F., .F.,
 ( 4, 4 ),
 ( 8.000000000000000000, 9.000000000000000000 ),
 .UNSPECIFIED. ) ;
#10669 = CARTESIAN_POINT ( 'NONE',  ( -0.1821273962964968796, 0.9800000000000004263, 0.3401903212825928002 ) ) ;
#10670 = ORIENTED_EDGE ( 'NONE', *, *, #11322, .T. ) ;
#10671 = EDGE_CURVE ( 'NONE', #8297, #9416, #1119, .T. ) ;
#10672 = EDGE_LOOP ( 'NONE', ( #11430, #961, #204, #8554 ) ) ;
#10673 = UNCERTAINTY_MEASURE_WITH_UNIT (LENGTH_MEASURE( 1.000000000000000082E-05 ), #769, 'distance_accuracy_value', 'NONE');
#10674 = CARTESIAN_POINT ( 'NONE',  ( -0.2635242728664949907, 0.9810000000000003162, 0.2258346540870750652 ) ) ;
#10675 = CARTESIAN_POINT ( 'NONE',  ( -0.1744495898468786665, 0.9810000000000003162, 0.2509013290953184261 ) ) ;
#10676 = CARTESIAN_POINT ( 'NONE',  ( -0.1870085991865436392, 0.9800000000000004263, 0.3027234756487630629 ) ) ;
#10677 = CARTESIAN_POINT ( 'NONE',  ( -0.1004230800217317393, 0.9800000000000004263, 0.2224423706627196295 ) ) ;
#10678 = VERTEX_POINT ( 'NONE', #7707 ) ;
#10679 = DIRECTION ( 'NONE',  ( -0.0000000000000000000, -1.000000000000000000, -0.0000000000000000000 ) ) ;
#10680 = PRESENTATION_LAYER_ASSIGNMENT (  '', '', ( #2403 ) ) ;
#10681 = CARTESIAN_POINT ( 'NONE',  ( -0.2538087766958543878, 0.9810000000000003162, 0.2542376756705261309 ) ) ;
#10682 = FILL_AREA_STYLE ('',( #6906 ) ) ;
#10683 = VERTEX_POINT ( 'NONE', #7639 ) ;
#10684 = EDGE_CURVE ( 'NONE', #3882, #3617, #11370, .T. ) ;
#10685 = UNCERTAINTY_MEASURE_WITH_UNIT (LENGTH_MEASURE( 1.000000000000000082E-05 ), #8469, 'distance_accuracy_value', 'NONE');
#10686 = PRESENTATION_STYLE_ASSIGNMENT (( #6243 ) ) ;
#10687 = CARTESIAN_POINT ( 'NONE',  ( -0.1003002224825731981, 0.9810000000000003162, 0.2949161914606361345 ) ) ;
#10688 = DIRECTION ( 'NONE',  ( -0.007092178509954477281, -0.0000000000000000000, 0.9999748501857349536 ) ) ;
#10689 = VECTOR ( 'NONE', #10688, 1000.000000000000000 ) ;
#10690 = SURFACE_STYLE_USAGE ( .BOTH. , #7880 ) ;
#10691 = FILL_AREA_STYLE_COLOUR ( '', #11141 ) ;
#10692 = DIRECTION ( 'NONE',  ( 0.0000000000000000000, 0.0000000000000000000, 1.000000000000000000 ) ) ;
#10693 =( NAMED_UNIT ( * ) SI_UNIT ( $, .STERADIAN. ) SOLID_ANGLE_UNIT ( ) );
#10694 = LINE ( 'NONE', #7031, #2506 ) ;
#10695 = ORIENTED_EDGE ( 'NONE', *, *, #2294, .F. ) ;
#10696 = ORIENTED_EDGE ( 'NONE', *, *, #6373, .F. ) ;
#10697 = CARTESIAN_POINT ( 'NONE',  ( -0.2662387320508122213, 0.9800000000000004263, 0.2475468891675274286 ) ) ;
#10698 = EDGE_LOOP ( 'NONE', ( #9986, #2371, #10733, #11103, #2867, #9253, #47 ) ) ;
#10699 = VECTOR ( 'NONE', #1374, 1000.000000000000000 ) ;
#10700 = FILL_AREA_STYLE_COLOUR ( '', #512 ) ;
#10701 = VECTOR ( 'NONE', #2941, 1000.000000000000000 ) ;
#10702 = UNCERTAINTY_MEASURE_WITH_UNIT (LENGTH_MEASURE( 1.000000000000000082E-05 ), #11722, 'distance_accuracy_value', 'NONE');
#10703 = EDGE_LOOP ( 'NONE', ( #11414, #4205, #8247, #7787 ) ) ;
#10704 = EDGE_LOOP ( 'NONE', ( #984, #11436, #1770, #3892, #9283, #10406, #7053, #7454, #8525, #2262, #9677, #9592, #2423, #11351, #2085 ) ) ;
#10705 = LINE ( 'NONE', #9871, #2406 ) ;
#10706 = EDGE_CURVE ( 'NONE', #10658, #6760, #10468, .T. ) ;
#10707 = DIRECTION ( 'NONE',  ( 0.0000000000000000000, 0.0000000000000000000, 1.000000000000000000 ) ) ;
#10708 = STYLED_ITEM ( 'NONE', ( #7292 ), #1650 ) ;
#10709 = PRESENTATION_STYLE_ASSIGNMENT (( #2515 ) ) ;
#10710 = PRESENTATION_LAYER_ASSIGNMENT (  '', '', ( #880 ) ) ;
#10711 = DIRECTION ( 'NONE',  ( 0.3625544875035015546, -0.0000000000000000000, -0.9319625762824778059 ) ) ;
#10712 =( GEOMETRIC_REPRESENTATION_CONTEXT ( 3 ) GLOBAL_UNCERTAINTY_ASSIGNED_CONTEXT ( ( #8229 ) ) GLOBAL_UNIT_ASSIGNED_CONTEXT ( ( #10292, #2203, #3173 ) ) REPRESENTATION_CONTEXT ( 'NONE', 'WORKASPACE' ) );
#10713 = B_SPLINE_SURFACE_WITH_KNOTS ( 'NONE', 3, 1, ( 
 ( #9037, #11195 ),
 ( #6581, #1008 ),
 ( #9271, #11259 ),
 ( #9456, #2025 ) ),
 .UNSPECIFIED., .F., .F., .F.,
 ( 4, 4 ),
 ( 2, 2 ),
 ( 35.00000000000000000, 36.00000000000000000 ),
 ( 0.0000000000000000000, 1.000000000000000000 ),
 .UNSPECIFIED. ) ;
#10714 = CARTESIAN_POINT ( 'NONE',  ( -0.5999999999999994227, -1.000000000000000444, 0.02000000000000005246 ) ) ;
#10715 = CARTESIAN_POINT ( 'NONE',  ( -0.2927117971955626730, 0.9810000000000003162, 0.2545336428020995578 ) ) ;
#10716 = ORIENTED_EDGE ( 'NONE', *, *, #6658, .F. ) ;
#10717 = CARTESIAN_POINT ( 'NONE',  ( 0.1577257532260294970, 0.9810000000000003162, 0.3320868017686833262 ) ) ;
#10718 = FILL_AREA_STYLE ('',( #11503 ) ) ;
#10719 = CARTESIAN_POINT ( 'NONE',  ( 0.08015459118996955123, 0.9800000000000004263, 0.3615416285025069842 ) ) ;
#10720 = EDGE_CURVE ( 'NONE', #4092, #7813, #4079, .T. ) ;
#10721 = EDGE_CURVE ( 'NONE', #1808, #492, #5319, .T. ) ;
#10722 = CARTESIAN_POINT ( 'NONE',  ( -0.08288195124660147073, 0.9800000000000004263, 0.3019802867017373771 ) ) ;
#10723 = FILL_AREA_STYLE_COLOUR ( '', #2064 ) ;
#10724 = MECHANICAL_DESIGN_GEOMETRIC_PRESENTATION_REPRESENTATION (  '', ( #1855 ), #3033 ) ;
#10725 = CARTESIAN_POINT ( 'NONE',  ( -0.1904708755964152622, 0.9800000000000004263, 0.3437443959815647543 ) ) ;
#10726 = MECHANICAL_DESIGN_GEOMETRIC_PRESENTATION_REPRESENTATION (  '', ( #4578 ), #721 ) ;
#10727 =( LENGTH_UNIT ( ) NAMED_UNIT ( * ) SI_UNIT ( .MILLI., .METRE. ) );
#10728 = CARTESIAN_POINT ( 'NONE',  ( -0.08682324149588735440, 0.9810000000000003162, 0.2254502209576159932 ) ) ;
#10729 = ADVANCED_FACE ( 'NONE', ( #499 ), #7748, .F. ) ;
#10730 = SURFACE_SIDE_STYLE ('',( #8709 ) ) ;
#10731 = CARTESIAN_POINT ( 'NONE',  ( -0.1383858290365907184, 0.9800000000000004263, 0.2459321912224008977 ) ) ;
#10732 = CARTESIAN_POINT ( 'NONE',  ( 0.01673531508541209814, 0.9800000000000004263, 0.2815605417844621594 ) ) ;
#10733 = ORIENTED_EDGE ( 'NONE', *, *, #3496, .F. ) ;
#10734 = ORIENTED_EDGE ( 'NONE', *, *, #1950, .T. ) ;
#10735 =( NAMED_UNIT ( * ) PLANE_ANGLE_UNIT ( ) SI_UNIT ( $, .RADIAN. ) );
#10736 = FILL_AREA_STYLE ('',( #7076 ) ) ;
#10737 = STYLED_ITEM ( 'NONE', ( #7504 ), #7226 ) ;
#10738 = DIRECTION ( 'NONE',  ( 0.0000000000000000000, -1.000000000000000000, 0.0000000000000000000 ) ) ;
#10739 = PRESENTATION_STYLE_ASSIGNMENT (( #11585 ) ) ;
#10740 = EDGE_CURVE ( 'NONE', #1724, #6001, #1640, .T. ) ;
#10741 = VERTEX_POINT ( 'NONE', #622 ) ;
#10742 = CARTESIAN_POINT ( 'NONE',  ( -0.005479512633501676215, 0.9810000000000003162, 0.2535670442278914472 ) ) ;
#10743 =( GEOMETRIC_REPRESENTATION_CONTEXT ( 3 ) GLOBAL_UNCERTAINTY_ASSIGNED_CONTEXT ( ( #5950 ) ) GLOBAL_UNIT_ASSIGNED_CONTEXT ( ( #9665, #1398, #3439 ) ) REPRESENTATION_CONTEXT ( 'NONE', 'WORKASPACE' ) );
#10744 = COLOUR_RGB ( '',0.2235294117647058654, 0.2235294117647058654, 0.2235294117647058654 ) ;
#10745 = VECTOR ( 'NONE', #7357, 1000.000000000000000 ) ;
#10746 = CARTESIAN_POINT ( 'NONE',  ( -0.1406043819388396454, 0.9810000000000003162, 0.2307096144780721170 ) ) ;
#10747 = VERTEX_POINT ( 'NONE', #1475 ) ;
#10748 = DIRECTION ( 'NONE',  ( 0.8873869422626031733, 0.0000000000000000000, -0.4610253948556710113 ) ) ;
#10749 = B_SPLINE_CURVE_WITH_KNOTS ( 'NONE', 3,
 ( #3743, #9173, #10031, #10924 ),
 .UNSPECIFIED., .F., .F.,
 ( 4, 4 ),
 ( 16.00000000000000000, 17.00000000000000000 ),
 .UNSPECIFIED. ) ;
#10750 = CARTESIAN_POINT ( 'NONE',  ( -0.1027004626466781617, 0.9800000000000004263, 0.3474602526721866647 ) ) ;
#10751 = STYLED_ITEM ( 'NONE', ( #9467 ), #7964 ) ;
#10752 =( LENGTH_UNIT ( ) NAMED_UNIT ( * ) SI_UNIT ( .MILLI., .METRE. ) );
#10753 = CARTESIAN_POINT ( 'NONE',  ( -0.2179596082558399595, 0.9810000000000003162, 0.3088466428534814567 ) ) ;
#10754 = EDGE_CURVE ( 'NONE', #2795, #6866, #4309, .T. ) ;
#10755 = ORIENTED_EDGE ( 'NONE', *, *, #4352, .T. ) ;
#10756 = EDGE_LOOP ( 'NONE', ( #4151, #8352, #6794, #9506 ) ) ;
#10757 = CARTESIAN_POINT ( 'NONE',  ( -0.05357662199022229788, 0.9810000000000003162, 0.2383453888603684345 ) ) ;
#10758 = CARTESIAN_POINT ( 'NONE',  ( 0.02988217082207585834, 0.9810000000000003162, 0.3138278063142558860 ) ) ;
#10759 = AXIS2_PLACEMENT_3D ( 'NONE', #11361, #11173, #7499 ) ;
#10760 = VERTEX_POINT ( 'NONE', #563 ) ;
#10761 = VECTOR ( 'NONE', #1791, 1000.000000000000000 ) ;
#10762 =( GEOMETRIC_REPRESENTATION_CONTEXT ( 3 ) GLOBAL_UNCERTAINTY_ASSIGNED_CONTEXT ( ( #3712 ) ) GLOBAL_UNIT_ASSIGNED_CONTEXT ( ( #4940, #7996, #4363 ) ) REPRESENTATION_CONTEXT ( 'NONE', 'WORKASPACE' ) );
#10763 =( LENGTH_UNIT ( ) NAMED_UNIT ( * ) SI_UNIT ( .MILLI., .METRE. ) );
#10764 = EDGE_LOOP ( 'NONE', ( #11894, #10146, #3818, #10297 ) ) ;
#10765 = ORIENTED_EDGE ( 'NONE', *, *, #2933, .F. ) ;
#10766 = CARTESIAN_POINT ( 'NONE',  ( -0.1961842349277509723, 0.9810000000000003162, 0.3209845929408485232 ) ) ;
#10767 = LINE ( 'NONE', #8794, #695 ) ;
#10768 = MECHANICAL_DESIGN_GEOMETRIC_PRESENTATION_REPRESENTATION (  '', ( #6364 ), #4625 ) ;
#10769 = SURFACE_STYLE_FILL_AREA ( #5180 ) ;
#10770 = CARTESIAN_POINT ( 'NONE',  ( -0.2760727641810146182, 0.9810000000000003162, 0.2138661227464017933 ) ) ;
#10771 = ORIENTED_EDGE ( 'NONE', *, *, #11424, .F. ) ;
#10772 = PRESENTATION_STYLE_ASSIGNMENT (( #7114 ) ) ;
#10773 = AXIS2_PLACEMENT_3D ( 'NONE', #6722, #3263, #5991 ) ;
#10774 = CARTESIAN_POINT ( 'NONE',  ( -0.07427614298719398267, 0.9810000000000003162, 0.3017553815468048684 ) ) ;
#10775 = VERTEX_POINT ( 'NONE', #739 ) ;
#10776 = EDGE_CURVE ( 'NONE', #3255, #6980, #6127, .T. ) ;
#10777 =( GEOMETRIC_REPRESENTATION_CONTEXT ( 3 ) GLOBAL_UNCERTAINTY_ASSIGNED_CONTEXT ( ( #4295 ) ) GLOBAL_UNIT_ASSIGNED_CONTEXT ( ( #10463, #11296, #6743 ) ) REPRESENTATION_CONTEXT ( 'NONE', 'WORKASPACE' ) );
#10778 = AXIS2_PLACEMENT_3D ( 'NONE', #11635, #6174, #5387 ) ;
#10779 = CARTESIAN_POINT ( 'NONE',  ( -0.1744495898468786665, 0.9800000000000004263, 0.2509013290953184261 ) ) ;
#10780 = DIRECTION ( 'NONE',  ( 0.007092178509961899295, 0.0000000000000000000, -0.9999748501857348426 ) ) ;
#10781 = DIRECTION ( 'NONE',  ( -0.007092178509965004450, 0.0000000000000000000, 0.9999748501857348426 ) ) ;
#10782 = DIRECTION ( 'NONE',  ( -0.0000000000000000000, -1.000000000000000000, -0.0000000000000000000 ) ) ;
#10783 =( GEOMETRIC_REPRESENTATION_CONTEXT ( 3 ) GLOBAL_UNCERTAINTY_ASSIGNED_CONTEXT ( ( #3327 ) ) GLOBAL_UNIT_ASSIGNED_CONTEXT ( ( #112, #9233, #2716 ) ) REPRESENTATION_CONTEXT ( 'NONE', 'WORKASPACE' ) );
#10784 = SURFACE_STYLE_FILL_AREA ( #8034 ) ;
#10785 = CARTESIAN_POINT ( 'NONE',  ( -0.1536917246690985839, 0.9800000000000004263, 0.2030885112069311660 ) ) ;
#10786 = SURFACE_STYLE_USAGE ( .BOTH. , #7972 ) ;
#10787 = B_SPLINE_SURFACE_WITH_KNOTS ( 'NONE', 3, 1, ( 
 ( #10847, #2888 ),
 ( #2040, #6591 ),
 ( #3670, #8275 ),
 ( #10129, #1916 ) ),
 .UNSPECIFIED., .F., .F., .F.,
 ( 4, 4 ),
 ( 2, 2 ),
 ( 4.000000000000000000, 5.000000000000000000 ),
 ( 0.0000000000000000000, 1.000000000000000000 ),
 .UNSPECIFIED. ) ;
#10788 = FACE_OUTER_BOUND ( 'NONE', #11406, .T. ) ;
#10789 = DIRECTION ( 'NONE',  ( -0.9999748501857348426, -0.0000000000000000000, -0.007092178509961517656 ) ) ;
#10790 = SURFACE_STYLE_FILL_AREA ( #7921 ) ;
#10791 = DIRECTION ( 'NONE',  ( -0.0000000000000000000, 0.0000000000000000000, 1.000000000000000000 ) ) ;
#10792 = EDGE_CURVE ( 'NONE', #3471, #11171, #4432, .T. ) ;
#10793 = CARTESIAN_POINT ( 'NONE',  ( -0.1107081413576303519, 0.9800000000000004263, 0.3018349226340950597 ) ) ;
#10794 = VECTOR ( 'NONE', #10128, 1000.000000000000114 ) ;
#10795 = CARTESIAN_POINT ( 'NONE',  ( -0.1318807768746755316, 0.9810000000000003162, 0.2468621438305867999 ) ) ;
#10796 = CARTESIAN_POINT ( 'NONE',  ( -0.09348784744999619201, 0.9810000000000003162, 0.2195281732170089595 ) ) ;
#10797 = VERTEX_POINT ( 'NONE', #3233 ) ;
#10798 = UNCERTAINTY_MEASURE_WITH_UNIT (LENGTH_MEASURE( 1.000000000000000082E-05 ), #9235, 'distance_accuracy_value', 'NONE');
#10799 = DIRECTION ( 'NONE',  ( -0.9999748501857348426, -0.0000000000000000000, -0.007092178509962600991 ) ) ;
#10800 = UNCERTAINTY_MEASURE_WITH_UNIT (LENGTH_MEASURE( 1.000000000000000082E-05 ), #11667, 'distance_accuracy_value', 'NONE');
#10801 = LINE ( 'NONE', #7985, #7248 ) ;
#10802 = ADVANCED_FACE ( 'NONE', ( #9738 ), #10587, .F. ) ;
#10803 = CARTESIAN_POINT ( 'NONE',  ( 0.09822897624322909915, 0.9810000000000003162, 0.3616698184917169212 ) ) ;
#10804 = COLOUR_RGB ( '',0.2235294117647058654, 0.2235294117647058654, 0.2235294117647058654 ) ;
#10805 = DIRECTION ( 'NONE',  ( -0.9999748501857348426, 0.0000000000000000000, -0.007092178509964889091 ) ) ;
#10806 =( GEOMETRIC_REPRESENTATION_CONTEXT ( 3 ) GLOBAL_UNCERTAINTY_ASSIGNED_CONTEXT ( ( #1930 ) ) GLOBAL_UNIT_ASSIGNED_CONTEXT ( ( #8532, #7494, #5883 ) ) REPRESENTATION_CONTEXT ( 'NONE', 'WORKASPACE' ) );
#10807 = VERTEX_POINT ( 'NONE', #9127 ) ;
#10808 = ADVANCED_FACE ( 'NONE', ( #2842 ), #1871, .F. ) ;
#10809 = LINE ( 'NONE', #9730, #904 ) ;
#10810 = SURFACE_SIDE_STYLE ('',( #7154 ) ) ;
#10811 = ORIENTED_EDGE ( 'NONE', *, *, #1818, .F. ) ;
#10812 = UNCERTAINTY_MEASURE_WITH_UNIT (LENGTH_MEASURE( 1.000000000000000082E-05 ), #4959, 'distance_accuracy_value', 'NONE');
#10813 = CARTESIAN_POINT ( 'NONE',  ( 0.2077289880150376966, 0.9810000000000003162, 0.3158121704912326133 ) ) ;
#10814 = COLOUR_RGB ( '',0.2235294117647058654, 0.2235294117647058654, 0.2235294117647058654 ) ;
#10815 = ADVANCED_FACE ( 'NONE', ( #7207 ), #850, .F. ) ;
#10816 = CARTESIAN_POINT ( 'NONE',  ( -0.2385904339955741971, 0.9800000000000004263, 0.2141319608088242399 ) ) ;
#10817 = CARTESIAN_POINT ( 'NONE',  ( -0.1075612086555313152, 0.9800000000000004263, 0.3474257785267819698 ) ) ;
#10818 = CARTESIAN_POINT ( 'NONE',  ( -0.1810518865645341369, 0.9810000000000003162, 0.2508545032507597528 ) ) ;
#10819 = SURFACE_STYLE_FILL_AREA ( #4368 ) ;
#10820 = LINE ( 'NONE', #1642, #6212 ) ;
#10821 = VERTEX_POINT ( 'NONE', #11042 ) ;
#10822 = ORIENTED_EDGE ( 'NONE', *, *, #3037, .T. ) ;
#10823 = B_SPLINE_CURVE_WITH_KNOTS ( 'NONE', 3,
 ( #6087, #586, #4279, #8091 ),
 .UNSPECIFIED., .F., .F.,
 ( 4, 4 ),
 ( 21.00000000000000000, 22.00000000000000000 ),
 .UNSPECIFIED. ) ;
#10824 = COLOUR_RGB ( '',0.2235294117647058654, 0.2235294117647058654, 0.2235294117647058654 ) ;
#10825 = SURFACE_STYLE_FILL_AREA ( #9020 ) ;
#10826 = VERTEX_POINT ( 'NONE', #4618 ) ;
#10827 = CARTESIAN_POINT ( 'NONE',  ( -0.08549066877845580559, 0.9800000000000004263, 0.2153217773887567965 ) ) ;
#10828 = VERTEX_POINT ( 'NONE', #8305 ) ;
#10829 = ORIENTED_EDGE ( 'NONE', *, *, #4043, .T. ) ;
#10830 = EDGE_CURVE ( 'NONE', #7221, #9688, #3694, .T. ) ;
#10831 =( NAMED_UNIT ( * ) SI_UNIT ( $, .STERADIAN. ) SOLID_ANGLE_UNIT ( ) );
#10832 = ORIENTED_EDGE ( 'NONE', *, *, #2617, .F. ) ;
#10833 = FILL_AREA_STYLE ('',( #11835 ) ) ;
#10834 = PRESENTATION_STYLE_ASSIGNMENT (( #2632 ) ) ;
#10835 = ORIENTED_EDGE ( 'NONE', *, *, #7002, .F. ) ;
#10836 = PRESENTATION_STYLE_ASSIGNMENT (( #10954 ) ) ;
#10837 = ADVANCED_FACE ( 'NONE', ( #10160 ), #2067, .F. ) ;
#10838 = CARTESIAN_POINT ( 'NONE',  ( -0.1426932463513330973, 0.9800000000000004263, 0.2246900465209392683 ) ) ;
#10839 = CARTESIAN_POINT ( 'NONE',  ( -0.1642756972842778773, 0.9810000000000003162, 0.2091741664913350507 ) ) ;
#10840 = PRESENTATION_LAYER_ASSIGNMENT (  '', '', ( #11610 ) ) ;
#10841 = LINE ( 'NONE', #777, #1824 ) ;
#10842 = SURFACE_STYLE_FILL_AREA ( #8873 ) ;
#10843 = SURFACE_STYLE_USAGE ( .BOTH. , #1448 ) ;
#10844 = CARTESIAN_POINT ( 'NONE',  ( -0.2637209782843918382, 0.9810000000000003162, 0.2535694989610192684 ) ) ;
#10845 = FACE_OUTER_BOUND ( 'NONE', #10454, .T. ) ;
#10846 = B_SPLINE_CURVE_WITH_KNOTS ( 'NONE', 3,
 ( #9510, #4938, #8616, #4090 ),
 .UNSPECIFIED., .F., .F.,
 ( 4, 4 ),
 ( 1.000000000000000000, 2.000000000000000000 ),
 .UNSPECIFIED. ) ;
#10847 = CARTESIAN_POINT ( 'NONE',  ( -0.1027004626466781617, 0.9810000000000003162, 0.3474602526721866647 ) ) ;
#10848 = DIRECTION ( 'NONE',  ( -0.0000000000000000000, -1.000000000000000000, -0.0000000000000000000 ) ) ;
#10849 = CARTESIAN_POINT ( 'NONE',  ( -0.1744495898468786665, 0.9810000000000003162, 0.2509013290953184261 ) ) ;
#10850 = ORIENTED_EDGE ( 'NONE', *, *, #2782, .T. ) ;
#10851 = DIRECTION ( 'NONE',  ( -0.007092178509963351259, -0.0000000000000000000, 0.9999748501857348426 ) ) ;
#10852 = B_SPLINE_CURVE_WITH_KNOTS ( 'NONE', 3,
 ( #923, #8143, #4445, #1886 ),
 .UNSPECIFIED., .F., .F.,
 ( 4, 4 ),
 ( 0.0000000000000000000, 1.000000000000000000 ),
 .UNSPECIFIED. ) ;
#10853 = CARTESIAN_POINT ( 'NONE',  ( -0.2501144111377446855, 0.9800000000000004263, 0.2574612134344180792 ) ) ;
#10854 = EDGE_CURVE ( 'NONE', #10678, #5851, #5837, .T. ) ;
#10855 = SURFACE_SIDE_STYLE ('',( #11867 ) ) ;
#10856 = CARTESIAN_POINT ( 'NONE',  ( -0.2466353585394710501, 0.9810000000000003162, 0.2140749033328748219 ) ) ;
#10857 = ORIENTED_EDGE ( 'NONE', *, *, #2379, .F. ) ;
#10858 = CARTESIAN_POINT ( 'NONE',  ( -0.1313250672471208136, 0.9800000000000004263, 0.3242780088867004973 ) ) ;
#10859 =( NAMED_UNIT ( * ) SI_UNIT ( $, .STERADIAN. ) SOLID_ANGLE_UNIT ( ) );
#10860 = VERTEX_POINT ( 'NONE', #2970 ) ;
#10861 = LINE ( 'NONE', #10637, #9418 ) ;
#10862 = CARTESIAN_POINT ( 'NONE',  ( -0.2535694000644493906, 0.9810000000000003162, 0.2626356297533611883 ) ) ;
#10863 = EDGE_CURVE ( 'NONE', #10683, #10564, #8066, .T. ) ;
#10864 = EDGE_CURVE ( 'NONE', #8215, #6001, #11356, .T. ) ;
#10865 =( NAMED_UNIT ( * ) PLANE_ANGLE_UNIT ( ) SI_UNIT ( $, .RADIAN. ) );
#10866 = CARTESIAN_POINT ( 'NONE',  ( -0.2592827593950957632, 0.9800000000000004263, 0.2398758267129963151 ) ) ;
#10867 =( LENGTH_UNIT ( ) NAMED_UNIT ( * ) SI_UNIT ( .MILLI., .METRE. ) );
#10868 = SURFACE_STYLE_FILL_AREA ( #2615 ) ;
#10869 = VECTOR ( 'NONE', #3146, 1000.000000000000000 ) ;
#10870 = ORIENTED_EDGE ( 'NONE', *, *, #10467, .F. ) ;
#10871 = B_SPLINE_CURVE_WITH_KNOTS ( 'NONE', 3,
 ( #7283, #9269, #6694, #1006, #6511, #6637 ),
 .UNSPECIFIED., .F., .F.,
 ( 4, 2, 4 ),
 ( 2.000000000000000000, 3.000000000000000000, 4.000000000000000000 ),
 .UNSPECIFIED. ) ;
#10872 = VERTEX_POINT ( 'NONE', #4000 ) ;
#10873 = CARTESIAN_POINT ( 'NONE',  ( -0.1944046177862706892, 0.9810000000000003162, 0.3321229041344889166 ) ) ;
#10874 =( GEOMETRIC_REPRESENTATION_CONTEXT ( 3 ) GLOBAL_UNCERTAINTY_ASSIGNED_CONTEXT ( ( #3339 ) ) GLOBAL_UNIT_ASSIGNED_CONTEXT ( ( #9463, #8339, #2884 ) ) REPRESENTATION_CONTEXT ( 'NONE', 'WORKASPACE' ) );
#10875 = MECHANICAL_DESIGN_GEOMETRIC_PRESENTATION_REPRESENTATION (  '', ( #4339 ), #6670 ) ;
#10876 = ORIENTED_EDGE ( 'NONE', *, *, #11397, .T. ) ;
#10877 = VERTEX_POINT ( 'NONE', #245 ) ;
#10878 = VECTOR ( 'NONE', #10102, 1000.000000000000000 ) ;
#10879 = CARTESIAN_POINT ( 'NONE',  ( -0.1573411102404881079, 0.9800000000000004263, 0.2081835649905804664 ) ) ;
#10880 = B_SPLINE_SURFACE_WITH_KNOTS ( 'NONE', 3, 1, ( 
 ( #3848, #11433 ),
 ( #1135, #340 ),
 ( #11200, #5912 ),
 ( #7782, #5011 ) ),
 .UNSPECIFIED., .F., .F., .F.,
 ( 4, 4 ),
 ( 2, 2 ),
 ( 1.000000000000000000, 2.000000000000000000 ),
 ( 0.0000000000000000000, 1.000000000000000000 ),
 .UNSPECIFIED. ) ;
#10881 = LINE ( 'NONE', #6437, #10878 ) ;
#10882 = DIRECTION ( 'NONE',  ( 0.0000000000000000000, 0.0000000000000000000, -1.000000000000000000 ) ) ;
#10883 =( NAMED_UNIT ( * ) PLANE_ANGLE_UNIT ( ) SI_UNIT ( $, .RADIAN. ) );
#10884 = LINE ( 'NONE', #7113, #7247 ) ;
#10885 = ORIENTED_EDGE ( 'NONE', *, *, #5921, .F. ) ;
#10886 = CARTESIAN_POINT ( 'NONE',  ( -0.1361515083795944714, 0.9800000000000004263, 0.2241125724212622294 ) ) ;
#10887 = AXIS2_PLACEMENT_3D ( 'NONE', #7528, #5802, #3133 ) ;
#10888 = EDGE_CURVE ( 'NONE', #11662, #2669, #5697, .T. ) ;
#10889 = VECTOR ( 'NONE', #11505, 1000.000000000000000 ) ;
#10890 = FILL_AREA_STYLE_COLOUR ( '', #3456 ) ;
#10891 = COLOUR_RGB ( '',0.2235294117647058654, 0.2235294117647058654, 0.2235294117647058654 ) ;
#10892 = EDGE_LOOP ( 'NONE', ( #11882, #11080, #8055, #1749 ) ) ;
#10893 = DIRECTION ( 'NONE',  ( 0.9422431202176750897, 0.0000000000000000000, -0.3349296977015624455 ) ) ;
#10894 = VECTOR ( 'NONE', #10255, 1000.000000000000000 ) ;
#10895 =( NAMED_UNIT ( * ) PLANE_ANGLE_UNIT ( ) SI_UNIT ( $, .RADIAN. ) );
#10896 = FILL_AREA_STYLE_COLOUR ( '', #5401 ) ;
#10897 = CARTESIAN_POINT ( 'NONE',  ( 0.04919997201009356641, 0.9800000000000004263, 0.3425237802703828272 ) ) ;
#10898 =( GEOMETRIC_REPRESENTATION_CONTEXT ( 3 ) GLOBAL_UNCERTAINTY_ASSIGNED_CONTEXT ( ( #907 ) ) GLOBAL_UNIT_ASSIGNED_CONTEXT ( ( #3552, #1517, #4353 ) ) REPRESENTATION_CONTEXT ( 'NONE', 'WORKASPACE' ) );
#10899 =( GEOMETRIC_REPRESENTATION_CONTEXT ( 3 ) GLOBAL_UNCERTAINTY_ASSIGNED_CONTEXT ( ( #8326 ) ) GLOBAL_UNIT_ASSIGNED_CONTEXT ( ( #5367, #8101, #2582 ) ) REPRESENTATION_CONTEXT ( 'NONE', 'WORKASPACE' ) );
#10900 = COLOUR_RGB ( '',0.2235294117647058654, 0.2235294117647058654, 0.2235294117647058654 ) ;
#10901 = CARTESIAN_POINT ( 'NONE',  ( -0.1248929121863773528, 0.9810000000000003162, 0.2420247191473610393 ) ) ;
#10902 = SURFACE_STYLE_USAGE ( .BOTH. , #11914 ) ;
#10903 = CARTESIAN_POINT ( 'NONE',  ( -0.07175893125868469669, 0.9800000000000004263, 0.2382164334341081158 ) ) ;
#10904 = ADVANCED_FACE ( 'NONE', ( #11167 ), #5245, .F. ) ;
#10905 = SURFACE_STYLE_FILL_AREA ( #1842 ) ;
#10906 = VECTOR ( 'NONE', #9727, 1000.000000000000114 ) ;
#10907 = DIRECTION ( 'NONE',  ( 0.3349296977015623900, 0.0000000000000000000, 0.9422431202176750897 ) ) ;
#10908 = PRESENTATION_LAYER_ASSIGNMENT (  '', '', ( #6493 ) ) ;
#10909 = VECTOR ( 'NONE', #5257, 1000.000000000000000 ) ;
#10910 = CARTESIAN_POINT ( 'NONE',  ( -0.2385925549333033358, 0.9800000000000004263, 0.2199287419381709685 ) ) ;
#10911 = CARTESIAN_POINT ( 'NONE',  ( -0.1618681131406391194, 0.9800000000000004263, 0.3461827927239643499 ) ) ;
#10912 = VERTEX_POINT ( 'NONE', #8718 ) ;
#10913 = MECHANICAL_DESIGN_GEOMETRIC_PRESENTATION_REPRESENTATION (  '', ( #11860 ), #4570 ) ;
#10914 =( LENGTH_UNIT ( ) NAMED_UNIT ( * ) SI_UNIT ( .MILLI., .METRE. ) );
#10915 = CARTESIAN_POINT ( 'NONE',  ( -0.3817097946182765877, -1.000000000000000444, 0.5500000000000000444 ) ) ;
#10916 = STYLED_ITEM ( 'NONE', ( #8160 ), #1479 ) ;
#10917 = CARTESIAN_POINT ( 'NONE',  ( 0.1521060316840670834, 0.9800000000000004263, 0.3089105867101309411 ) ) ;
#10918 =( GEOMETRIC_REPRESENTATION_CONTEXT ( 3 ) GLOBAL_UNCERTAINTY_ASSIGNED_CONTEXT ( ( #10702 ) ) GLOBAL_UNIT_ASSIGNED_CONTEXT ( ( #11722, #9022, #751 ) ) REPRESENTATION_CONTEXT ( 'NONE', 'WORKASPACE' ) );
#10919 = CARTESIAN_POINT ( 'NONE',  ( -0.1248929121863773528, 0.9800000000000004263, 0.2420247191473610393 ) ) ;
#10920 = CARTESIAN_POINT ( 'NONE',  ( -0.1907102522281630685, 0.9810000000000003162, 0.3353464418983808093 ) ) ;
#10921 = EDGE_LOOP ( 'NONE', ( #335, #6347, #54, #2918 ) ) ;
#10922 = LINE ( 'NONE', #7936, #5804 ) ;
#10923 = DIRECTION ( 'NONE',  ( -0.0000000000000000000, -1.000000000000000000, -0.0000000000000000000 ) ) ;
#10924 = CARTESIAN_POINT ( 'NONE',  ( 0.1807789363790551496, 0.9810000000000003162, 0.2418738492965728792 ) ) ;
#10925 = MECHANICAL_DESIGN_GEOMETRIC_PRESENTATION_REPRESENTATION (  '', ( #10737 ), #1497 ) ;
#10926 = CARTESIAN_POINT ( 'NONE',  ( 0.1549441181133584255, 0.9810000000000003162, 0.2145776506308751386 ) ) ;
#10927 = ADVANCED_FACE ( 'NONE', ( #5210 ), #8052, .T. ) ;
#10928 = ORIENTED_EDGE ( 'NONE', *, *, #4914, .F. ) ;
#10929 = ORIENTED_EDGE ( 'NONE', *, *, #5907, .T. ) ;
#10930 = UNCERTAINTY_MEASURE_WITH_UNIT (LENGTH_MEASURE( 1.000000000000000082E-05 ), #230, 'distance_accuracy_value', 'NONE');
#10931 = CARTESIAN_POINT ( 'NONE',  ( 0.04484162001813838533, 0.9810000000000003162, 0.2944125876853339041 ) ) ;
#10932 = PRESENTATION_STYLE_ASSIGNMENT (( #8239 ) ) ;
#10933 =( LENGTH_UNIT ( ) NAMED_UNIT ( * ) SI_UNIT ( .MILLI., .METRE. ) );
#10934 = CARTESIAN_POINT ( 'NONE',  ( -0.2919442581832067951, 0.9810000000000003162, 0.2581003468908734111 ) ) ;
#10935 = EDGE_LOOP ( 'NONE', ( #7163, #8259, #6509, #9081 ) ) ;
#10936 = CARTESIAN_POINT ( 'NONE',  ( -0.1144412211968475201, 0.9800000000000004263, 0.3040699766448613506 ) ) ;
#10937 =( NAMED_UNIT ( * ) PLANE_ANGLE_UNIT ( ) SI_UNIT ( $, .RADIAN. ) );
#10938 = ORIENTED_EDGE ( 'NONE', *, *, #5433, .T. ) ;
#10939 = CARTESIAN_POINT ( 'NONE',  ( -0.2760727641810146182, 0.9810000000000003162, 0.2138661227464017933 ) ) ;
#10940 = EDGE_CURVE ( 'NONE', #3301, #8258, #9900, .T. ) ;
#10941 = MECHANICAL_DESIGN_GEOMETRIC_PRESENTATION_REPRESENTATION (  '', ( #11886 ), #8089 ) ;
#10942 = ORIENTED_EDGE ( 'NONE', *, *, #1313, .F. ) ;
#10943 = COLOUR_RGB ( '',0.2235294117647058654, 0.2235294117647058654, 0.2235294117647058654 ) ;
#10944 = FACE_OUTER_BOUND ( 'NONE', #6259, .T. ) ;
#10945 =( LENGTH_UNIT ( ) NAMED_UNIT ( * ) SI_UNIT ( .MILLI., .METRE. ) );
#10946 = PRESENTATION_STYLE_ASSIGNMENT (( #9384 ) ) ;
#10947 = CARTESIAN_POINT ( 'NONE',  ( -0.1032296201172143435, 0.9810000000000003162, 0.2333142037774335042 ) ) ;
#10948 = EDGE_CURVE ( 'NONE', #10364, #205, #4117, .T. ) ;
#10949 = ORIENTED_EDGE ( 'NONE', *, *, #6561, .T. ) ;
#10950 = AXIS2_PLACEMENT_3D ( 'NONE', #1341, #5693, #9357 ) ;
#10951 = SURFACE_SIDE_STYLE ('',( #10179 ) ) ;
#10952 = UNCERTAINTY_MEASURE_WITH_UNIT (LENGTH_MEASURE( 1.000000000000000082E-05 ), #8711, 'distance_accuracy_value', 'NONE');
#10953 = ORIENTED_EDGE ( 'NONE', *, *, #3894, .T. ) ;
#10954 = SURFACE_STYLE_USAGE ( .BOTH. , #4576 ) ;
#10955 = ORIENTED_EDGE ( 'NONE', *, *, #4809, .T. ) ;
#10957 = PRESENTATION_LAYER_ASSIGNMENT (  '', '', ( #941 ) ) ;
#10956 = DIRECTION ( 'NONE',  ( -0.9999748501857349536, 0.0000000000000000000, -0.007092178509948729274 ) ) ;
#10958 = DIRECTION ( 'NONE',  ( 1.000000000000000000, 0.0000000000000000000, 0.0000000000000000000 ) ) ;
#10959 = COLOUR_RGB ( '',0.2235294117647058654, 0.2235294117647058654, 0.2235294117647058654 ) ;
#10960 = CARTESIAN_POINT ( 'NONE',  ( -0.2150426304200010463, 0.9800000000000004263, 0.2200957664073498743 ) ) ;
#10961 = EDGE_CURVE ( 'NONE', #7862, #10658, #11697, .T. ) ;
#10962 = CARTESIAN_POINT ( 'NONE',  ( -0.2499999999999994171, 0.9799999999999995381, 0.01999999999999999695 ) ) ;
#10963 =( GEOMETRIC_REPRESENTATION_CONTEXT ( 3 ) GLOBAL_UNCERTAINTY_ASSIGNED_CONTEXT ( ( #5162 ) ) GLOBAL_UNIT_ASSIGNED_CONTEXT ( ( #11196, #8618, #5667 ) ) REPRESENTATION_CONTEXT ( 'NONE', 'WORKASPACE' ) );
#10964 = DIRECTION ( 'NONE',  ( -0.3475765303544178786, 0.0000000000000000000, 0.9376516173647782004 ) ) ;
#10965 = CARTESIAN_POINT ( 'NONE',  ( -0.2129742397133229659, 0.9810000000000003162, 0.2949748889742561664 ) ) ;
#10966 =( NAMED_UNIT ( * ) PLANE_ANGLE_UNIT ( ) SI_UNIT ( $, .RADIAN. ) );
#10967 = CARTESIAN_POINT ( 'NONE',  ( -0.09249217796259767699, 0.9810000000000003162, 0.2367436611642648736 ) ) ;
#10968 =( NAMED_UNIT ( * ) PLANE_ANGLE_UNIT ( ) SI_UNIT ( $, .RADIAN. ) );
#10969 = CARTESIAN_POINT ( 'NONE',  ( 0.1107400636383502196, 0.9810000000000003162, 0.2287244026595042778 ) ) ;
#10970 = VECTOR ( 'NONE', #10958, 1000.000000000000000 ) ;
#10971 = DIRECTION ( 'NONE',  ( 0.007092178509958830569, -0.0000000000000000000, -0.9999748501857349536 ) ) ;
#10972 =( GEOMETRIC_REPRESENTATION_CONTEXT ( 3 ) GLOBAL_UNCERTAINTY_ASSIGNED_CONTEXT ( ( #8766 ) ) GLOBAL_UNIT_ASSIGNED_CONTEXT ( ( #5216, #11811, #4420 ) ) REPRESENTATION_CONTEXT ( 'NONE', 'WORKASPACE' ) );
#10973 =( GEOMETRIC_REPRESENTATION_CONTEXT ( 3 ) GLOBAL_UNCERTAINTY_ASSIGNED_CONTEXT ( ( #2009 ) ) GLOBAL_UNIT_ASSIGNED_CONTEXT ( ( #6684, #4082, #4931 ) ) REPRESENTATION_CONTEXT ( 'NONE', 'WORKASPACE' ) );
#10974 = ORIENTED_EDGE ( 'NONE', *, *, #5042, .F. ) ;
#10975 = CARTESIAN_POINT ( 'NONE',  ( -0.08040833714202309801, 0.9810000000000003162, 0.2317604167506185919 ) ) ;
#10976 = CARTESIAN_POINT ( 'NONE',  ( 0.04919997201009356641, 0.9800000000000004263, 0.3425237802703828272 ) ) ;
#10977 = CARTESIAN_POINT ( 'NONE',  ( -0.1907102522281630685, 0.9810000000000003162, 0.3353464418983808093 ) ) ;
#10978 = EDGE_CURVE ( 'NONE', #4905, #11607, #5044, .T. ) ;
#10979 = STYLED_ITEM ( 'NONE', ( #2816 ), #6093 ) ;
#10980 = AXIS2_PLACEMENT_3D ( 'NONE', #5372, #3543, #8337 ) ;
#10981 =( NAMED_UNIT ( * ) PLANE_ANGLE_UNIT ( ) SI_UNIT ( $, .RADIAN. ) );
#10982 = MECHANICAL_DESIGN_GEOMETRIC_PRESENTATION_REPRESENTATION (  '', ( #5043 ), #3289 ) ;
#10983 = VERTEX_POINT ( 'NONE', #1457 ) ;
#10984 = PRESENTATION_STYLE_ASSIGNMENT (( #3867 ) ) ;
#10985 = DIRECTION ( 'NONE',  ( 0.9912876782291657474, -0.0000000000000000000, -0.1317146119116249237 ) ) ;
#10986 = B_SPLINE_SURFACE_WITH_KNOTS ( 'NONE', 3, 1, ( 
 ( #10395, #297 ),
 ( #3924, #3992 ),
 ( #3157, #11283 ),
 ( #6895, #5829 ) ),
 .UNSPECIFIED., .F., .F., .F.,
 ( 4, 4 ),
 ( 2, 2 ),
 ( 8.000000000000000000, 9.000000000000000000 ),
 ( 0.0000000000000000000, 1.000000000000000000 ),
 .UNSPECIFIED. ) ;
#10987 = CARTESIAN_POINT ( 'NONE',  ( -0.04685089958738627297, 0.9810000000000003162, 0.2154918460151248050 ) ) ;
#10988 = SURFACE_STYLE_FILL_AREA ( #1994 ) ;
#10989 = VERTEX_POINT ( 'NONE', #10677 ) ;
#10990 = EDGE_LOOP ( 'NONE', ( #10225, #8750, #744, #5541 ) ) ;
#10991 = EDGE_CURVE ( 'NONE', #9313, #10650, #10239, .T. ) ;
#10992 = CARTESIAN_POINT ( 'NONE',  ( -0.2385904339955741971, 0.9810000000000003162, 0.2141319608088242399 ) ) ;
#10993 = COLOUR_RGB ( '',0.2235294117647058654, 0.2235294117647058654, 0.2235294117647058654 ) ;
#10994 = CARTESIAN_POINT ( 'NONE',  ( -0.08741177710879574625, 0.9810000000000003162, 0.2223007000513831932 ) ) ;
#10995 = LINE ( 'NONE', #7568, #2725 ) ;
#10996 = ADVANCED_FACE ( 'NONE', ( #7932 ), #6005, .F. ) ;
#10997 = ORIENTED_EDGE ( 'NONE', *, *, #9110, .T. ) ;
#10998 =( NAMED_UNIT ( * ) SI_UNIT ( $, .STERADIAN. ) SOLID_ANGLE_UNIT ( ) );
#10999 = AXIS2_PLACEMENT_3D ( 'NONE', #1378, #8800, #7175 ) ;
#11000 = VERTEX_POINT ( 'NONE', #4298 ) ;
#11001 = CARTESIAN_POINT ( 'NONE',  ( -0.1420095865402139501, 0.9810000000000003162, 0.2290879829622765040 ) ) ;
#11002 = B_SPLINE_CURVE_WITH_KNOTS ( 'NONE', 3,
 ( #9307, #4495, #1047, #1708 ),
 .UNSPECIFIED., .F., .F.,
 ( 4, 4 ),
 ( 14.00000000000000000, 15.00000000000000000 ),
 .UNSPECIFIED. ) ;
#11003 = VECTOR ( 'NONE', #8642, 1000.000000000000114 ) ;
#11004 = ORIENTED_EDGE ( 'NONE', *, *, #7820, .T. ) ;
#11005 = CARTESIAN_POINT ( 'NONE',  ( -0.1507804757224739389, 0.9800000000000004263, 0.2031091588234313072 ) ) ;
#11006 = CARTESIAN_POINT ( 'NONE',  ( -0.08036022082143226553, 0.9810000000000003162, 0.2249761669736695668 ) ) ;
#11007 = MECHANICAL_DESIGN_GEOMETRIC_PRESENTATION_REPRESENTATION (  '', ( #2928 ), #2542 ) ;
#11008 = ADVANCED_FACE ( 'NONE', ( #7988 ), #11634, .F. ) ;
#11009 = DIRECTION ( 'NONE',  ( -0.0000000000000000000, -1.000000000000000000, -0.0000000000000000000 ) ) ;
#11010 = ORIENTED_EDGE ( 'NONE', *, *, #5359, .F. ) ;
#11011 = ORIENTED_EDGE ( 'NONE', *, *, #2609, .F. ) ;
#11012 = CARTESIAN_POINT ( 'NONE',  ( -0.1224614342200521788, 0.9800000000000004263, 0.2492164741168255149 ) ) ;
#11013 = EDGE_LOOP ( 'NONE', ( #6922, #3890, #4067, #10625, #5708, #10353, #1486, #1429, #10168, #11312 ) ) ;
#11014 = FILL_AREA_STYLE_COLOUR ( '', #6310 ) ;
#11015 = ORIENTED_EDGE ( 'NONE', *, *, #9448, .F. ) ;
#11016 = EDGE_CURVE ( 'NONE', #3897, #5222, #9671, .T. ) ;
#11017 = CARTESIAN_POINT ( 'NONE',  ( -0.1249186454851472783, 0.9800000000000004263, 0.3464448515351556401 ) ) ;
#11018 = DIRECTION ( 'NONE',  ( -1.000000000000000000, -0.0000000000000000000, -0.0000000000000000000 ) ) ;
#11019 = CARTESIAN_POINT ( 'NONE',  ( -0.2573962159370238312, 0.9810000000000003162, 0.2286075496288863529 ) ) ;
#11020 = EDGE_CURVE ( 'NONE', #10045, #1724, #3276, .T. ) ;
#11021 = DIRECTION ( 'NONE',  ( -0.0000000000000000000, -1.000000000000000000, -0.0000000000000000000 ) ) ;
#11022 = CARTESIAN_POINT ( 'NONE',  ( -0.2583828538324782764, 0.9800000000000004263, 0.2211141067604965316 ) ) ;
#11023 = SURFACE_STYLE_FILL_AREA ( #2644 ) ;
#11024 = DIRECTION ( 'NONE',  ( -0.0000000000000000000, -1.000000000000000000, -0.0000000000000000000 ) ) ;
#11025 =( NAMED_UNIT ( * ) SI_UNIT ( $, .STERADIAN. ) SOLID_ANGLE_UNIT ( ) );
#11026 = LINE ( 'NONE', #6456, #4204 ) ;
#11027 = LINE ( 'NONE', #5439, #141 ) ;
#11028 = ORIENTED_EDGE ( 'NONE', *, *, #3317, .F. ) ;
#11029 = DIRECTION ( 'NONE',  ( 0.9999748501857348426, -0.0000000000000000000, 0.007092178509965772933 ) ) ;
#11030 = FACE_OUTER_BOUND ( 'NONE', #11875, .T. ) ;
#11031 = SURFACE_SIDE_STYLE ('',( #5382 ) ) ;
#11032 = FILL_AREA_STYLE ('',( #9059 ) ) ;
#11033 = SURFACE_SIDE_STYLE ('',( #968 ) ) ;
#11034 = ORIENTED_EDGE ( 'NONE', *, *, #3788, .F. ) ;
#11035 = VECTOR ( 'NONE', #6631, 1000.000000000000000 ) ;
#11036 = EDGE_CURVE ( 'NONE', #8186, #4973, #6962, .T. ) ;
#11037 = LINE ( 'NONE', #1752, #3582 ) ;
#11038 = DIRECTION ( 'NONE',  ( -0.007092178509964998379, -0.0000000000000000000, 0.9999748501857348426 ) ) ;
#11039 =( NAMED_UNIT ( * ) PLANE_ANGLE_UNIT ( ) SI_UNIT ( $, .RADIAN. ) );
#11040 = ORIENTED_EDGE ( 'NONE', *, *, #4833, .T. ) ;
#11041 = ORIENTED_EDGE ( 'NONE', *, *, #11170, .F. ) ;
#11042 = CARTESIAN_POINT ( 'NONE',  ( 0.05933959860277124299, 0.9810000000000003162, 0.2381205000656923809 ) ) ;
#11043 = LINE ( 'NONE', #6485, #5020 ) ;
#11044 = VERTEX_POINT ( 'NONE', #10803 ) ;
#11045 = EDGE_CURVE ( 'NONE', #905, #10828, #7418, .T. ) ;
#11046 =( LENGTH_UNIT ( ) NAMED_UNIT ( * ) SI_UNIT ( .MILLI., .METRE. ) );
#11047 = ORIENTED_EDGE ( 'NONE', *, *, #899, .T. ) ;
#11048 = ORIENTED_EDGE ( 'NONE', *, *, #10170, .T. ) ;
#11049 = CARTESIAN_POINT ( 'NONE',  ( 0.01679171835792092615, 0.9810000000000003162, 0.2226354991997891719 ) ) ;
#11050 = ORIENTED_EDGE ( 'NONE', *, *, #5568, .T. ) ;
#11051 = ORIENTED_EDGE ( 'NONE', *, *, #2095, .T. ) ;
#11052 = PRESENTATION_STYLE_ASSIGNMENT (( #7342 ) ) ;
#11053 = CARTESIAN_POINT ( 'NONE',  ( 0.01679171835792092615, 0.9810000000000003162, 0.2226354991997891719 ) ) ;
#11054 = UNCERTAINTY_MEASURE_WITH_UNIT (LENGTH_MEASURE( 1.000000000000000082E-05 ), #3061, 'distance_accuracy_value', 'NONE');
#11055 = ORIENTED_EDGE ( 'NONE', *, *, #4847, .F. ) ;
#11056 =( GEOMETRIC_REPRESENTATION_CONTEXT ( 3 ) GLOBAL_UNCERTAINTY_ASSIGNED_CONTEXT ( ( #10465 ) ) GLOBAL_UNIT_ASSIGNED_CONTEXT ( ( #6968, #11039, #11873 ) ) REPRESENTATION_CONTEXT ( 'NONE', 'WORKASPACE' ) );
#11057 = VECTOR ( 'NONE', #8269, 1000.000000000000000 ) ;
#11058 = SURFACE_STYLE_FILL_AREA ( #83 ) ;
#11059 = EDGE_LOOP ( 'NONE', ( #3562, #11431, #2983, #437 ) ) ;
#11060 = EDGE_CURVE ( 'NONE', #3471, #2967, #441, .T. ) ;
#11061 = CARTESIAN_POINT ( 'NONE',  ( -0.2592377770877224430, 0.9800000000000004263, 0.2335334629366963288 ) ) ;
#11062 = CARTESIAN_POINT ( 'NONE',  ( -0.1318807768746755316, 0.9800000000000004263, 0.2468621438305867999 ) ) ;
#11063 = CARTESIAN_POINT ( 'NONE',  ( -0.2324659000926243002, 0.9810000000000003162, 0.3456820880238622440 ) ) ;
#11064 = CARTESIAN_POINT ( 'NONE',  ( -0.2142054138241698269, 0.9810000000000003162, 0.2651503489356676901 ) ) ;
#11065 = CARTESIAN_POINT ( 'NONE',  ( -0.1322717771878449411, 0.9800000000000004263, 0.2140281888109734909 ) ) ;
#11066 = VECTOR ( 'NONE', #2216, 1000.000000000000114 ) ;
#11067 = CARTESIAN_POINT ( 'NONE',  ( 0.04214456966764371093, 0.9800000000000004263, 0.2159466933483633611 ) ) ;
#11068 = VECTOR ( 'NONE', #3981, 1000.000000000000000 ) ;
#11069 = B_SPLINE_SURFACE_WITH_KNOTS ( 'NONE', 3, 1, ( 
 ( #9012, #2496 ),
 ( #6189, #8132 ),
 ( #2613, #9796 ),
 ( #801, #2557 ) ),
 .UNSPECIFIED., .F., .F., .F.,
 ( 4, 4 ),
 ( 2, 2 ),
 ( 4.000000000000000000, 5.000000000000000000 ),
 ( 0.0000000000000000000, 1.000000000000000000 ),
 .UNSPECIFIED. ) ;
#11070 = MECHANICAL_DESIGN_GEOMETRIC_PRESENTATION_REPRESENTATION (  '', ( #871 ), #3380 ) ;
#11071 = SURFACE_STYLE_FILL_AREA ( #9103 ) ;
#11072 = CARTESIAN_POINT ( 'NONE',  ( -0.2909312565452122912, 0.9810000000000003162, 0.2545462710318336930 ) ) ;
#11073 =( NAMED_UNIT ( * ) SI_UNIT ( $, .STERADIAN. ) SOLID_ANGLE_UNIT ( ) );
#11074 = DIRECTION ( 'NONE',  ( 0.0000000000000000000, -1.000000000000000000, 0.0000000000000000000 ) ) ;
#11075 = CARTESIAN_POINT ( 'NONE',  ( -0.2278327320775205556, 0.9810000000000003162, 0.3356550372596888154 ) ) ;
#11076 = CARTESIAN_POINT ( 'NONE',  ( -0.1286046035131483412, 0.9800000000000004263, 0.2192531180488545839 ) ) ;
#11077 = PLANE ( 'NONE',  #319 ) ;
#11078 = ADVANCED_FACE ( 'NONE', ( #8173 ), #6016, .T. ) ;
#11079 = AXIS2_PLACEMENT_3D ( 'NONE', #8925, #1064, #1012 ) ;
#11080 = ORIENTED_EDGE ( 'NONE', *, *, #6232, .F. ) ;
#11081 = CARTESIAN_POINT ( 'NONE',  ( -0.2391694832240683077, 0.9800000000000004263, 0.2591245094712030239 ) ) ;
#11082 = CARTESIAN_POINT ( 'NONE',  ( -0.09660557314164537612, 0.9810000000000003162, 0.2522852538963212821 ) ) ;
#11083 = PLANE ( 'NONE',  #11583 ) ;
#11084 = DIRECTION ( 'NONE',  ( -0.0000000000000000000, -1.000000000000000000, -0.0000000000000000000 ) ) ;
#11085 =( GEOMETRIC_REPRESENTATION_CONTEXT ( 3 ) GLOBAL_UNCERTAINTY_ASSIGNED_CONTEXT ( ( #8299 ) ) GLOBAL_UNIT_ASSIGNED_CONTEXT ( ( #7168, #5526, #11565 ) ) REPRESENTATION_CONTEXT ( 'NONE', 'WORKASPACE' ) );
#11086 = ORIENTED_EDGE ( 'NONE', *, *, #3139, .F. ) ;
#11087 = EDGE_CURVE ( 'NONE', #6487, #4646, #4624, .T. ) ;
#11088 = VECTOR ( 'NONE', #202, 1000.000000000000000 ) ;
#11089 = SURFACE_STYLE_USAGE ( .BOTH. , #4722 ) ;
#11090 = SURFACE_SIDE_STYLE ('',( #10274 ) ) ;
#11091 = COLOUR_RGB ( '',0.2235294117647058654, 0.2235294117647058654, 0.2235294117647058654 ) ;
#11093 = EDGE_CURVE ( 'NONE', #2449, #5321, #10144, .T. ) ;
#11092 = CARTESIAN_POINT ( 'NONE',  ( -0.2955644245606628973, 0.9810000000000003162, 0.2645733217960050676 ) ) ;
#11094 =( NAMED_UNIT ( * ) PLANE_ANGLE_UNIT ( ) SI_UNIT ( $, .RADIAN. ) );
#11095 = ORIENTED_EDGE ( 'NONE', *, *, #6334, .F. ) ;
#11096 = ORIENTED_EDGE ( 'NONE', *, *, #8756, .T. ) ;
#11097 = CARTESIAN_POINT ( 'NONE',  ( -0.2661294102955976126, 0.9810000000000003162, 0.2321328657275964213 ) ) ;
#11098 = FACE_OUTER_BOUND ( 'NONE', #8113, .T. ) ;
#11099 = EDGE_CURVE ( 'NONE', #8186, #10760, #2830, .T. ) ;
#11100 = CARTESIAN_POINT ( 'NONE',  ( -0.2129742397133229659, 0.9810000000000003162, 0.2949748889742561664 ) ) ;
#11101 = CARTESIAN_POINT ( 'NONE',  ( -0.1410897765776967239, 0.9800000000000004263, 0.2441713755496451033 ) ) ;
#11102 = VECTOR ( 'NONE', #1505, 1000.000000000000000 ) ;
#11103 = ORIENTED_EDGE ( 'NONE', *, *, #8421, .F. ) ;
#11104 = MECHANICAL_DESIGN_GEOMETRIC_PRESENTATION_REPRESENTATION (  '', ( #3593 ), #8813 ) ;
#11105 = LINE ( 'NONE', #916, #9221 ) ;
#11106 =( LENGTH_UNIT ( ) NAMED_UNIT ( * ) SI_UNIT ( .MILLI., .METRE. ) );
#11107 = VERTEX_POINT ( 'NONE', #3554 ) ;
#11108 = FILL_AREA_STYLE_COLOUR ( '', #1110 ) ;
#11109 = ORIENTED_EDGE ( 'NONE', *, *, #4935, .F. ) ;
#11110 =( LENGTH_UNIT ( ) NAMED_UNIT ( * ) SI_UNIT ( .MILLI., .METRE. ) );
#11111 = VECTOR ( 'NONE', #6745, 1000.000000000000000 ) ;
#11112 = ADVANCED_FACE ( 'NONE', ( #6416 ), #4530, .T. ) ;
#11113 = CARTESIAN_POINT ( 'NONE',  ( -0.2385925549333033358, 0.9810000000000003162, 0.2199287419381709685 ) ) ;
#11114 = PLANE ( 'NONE',  #8276 ) ;
#11115 = B_SPLINE_CURVE_WITH_KNOTS ( 'NONE', 3,
 ( #1671, #2462, #5368, #10663 ),
 .UNSPECIFIED., .F., .F.,
 ( 4, 4 ),
 ( 20.00000000000000000, 21.00000000000000000 ),
 .UNSPECIFIED. ) ;
#11116 = SURFACE_STYLE_FILL_AREA ( #6501 ) ;
#11117 = CARTESIAN_POINT ( 'NONE',  ( 0.1521060316840670834, 0.9810000000000003162, 0.3089105867101309411 ) ) ;
#11118 = ORIENTED_EDGE ( 'NONE', *, *, #2974, .T. ) ;
#11119 = VERTEX_POINT ( 'NONE', #11150 ) ;
#11120 = LINE ( 'NONE', #1126, #2375 ) ;
#11121 = CARTESIAN_POINT ( 'NONE',  ( -0.1285643283174331131, 0.9810000000000003162, 0.2520585909991285845 ) ) ;
#11122 = VERTEX_POINT ( 'NONE', #2957 ) ;
#11123 = CARTESIAN_POINT ( 'NONE',  ( -0.2922182014269800177, 0.9800000000000004263, 0.2564087548794397042 ) ) ;
#11124 = STYLED_ITEM ( 'NONE', ( #4787 ), #327 ) ;
#11125 = LINE ( 'NONE', #6762, #3261 ) ;
#11126 = EDGE_LOOP ( 'NONE', ( #6435, #3570, #6490, #2915, #2016, #8307, #9919, #10520, #9133, #7457, #4685, #8864, #5389, #10477, #5017, #269, #100, #7515, #11593, #6070, #9303, #6630, #1004, #6571, #4479, #4814, #5657, #2734, #5856, #5089, #6795, #5980, #1155 ) ) ;
#11127 = CARTESIAN_POINT ( 'NONE',  ( -0.2699999999999994071, 0.9800000000000004263, 0.5300000000000001377 ) ) ;
#11128 = DIRECTION ( 'NONE',  ( 0.0000000000000000000, -0.0000000000000000000, 1.000000000000000000 ) ) ;
#11129 = DIRECTION ( 'NONE',  ( 0.9999748501857348426, 0.0000000000000000000, 0.007092178509976061578 ) ) ;
#11130 = DIRECTION ( 'NONE',  ( -0.0000000000000000000, -1.000000000000000000, -0.0000000000000000000 ) ) ;
#11131 = SURFACE_STYLE_FILL_AREA ( #3778 ) ;
#11132 = MECHANICAL_DESIGN_GEOMETRIC_PRESENTATION_REPRESENTATION (  '', ( #8460 ), #1697 ) ;
#11133 = CARTESIAN_POINT ( 'NONE',  ( -0.2466353585394710501, 0.9800000000000004263, 0.2140749033328748219 ) ) ;
#11134 = FACE_OUTER_BOUND ( 'NONE', #7888, .T. ) ;
#11135 = SURFACE_SIDE_STYLE ('',( #7466 ) ) ;
#11136 = EDGE_CURVE ( 'NONE', #5033, #7390, #2053, .T. ) ;
#11137 = FILL_AREA_STYLE ('',( #94 ) ) ;
#11138 = B_SPLINE_CURVE_WITH_KNOTS ( 'NONE', 3,
 ( #11271, #8508, #1077, #5742 ),
 .UNSPECIFIED., .F., .F.,
 ( 4, 4 ),
 ( 2.000000000000000000, 3.000000000000000000 ),
 .UNSPECIFIED. ) ;
#11139 =( NAMED_UNIT ( * ) SI_UNIT ( $, .STERADIAN. ) SOLID_ANGLE_UNIT ( ) );
#11140 = STYLED_ITEM ( 'NONE', ( #6778 ), #6160 ) ;
#11141 = COLOUR_RGB ( '',0.2235294117647058654, 0.2235294117647058654, 0.2235294117647058654 ) ;
#11142 = DIRECTION ( 'NONE',  ( 0.007092178509965329711, 0.0000000000000000000, -0.9999748501857348426 ) ) ;
#11143 = AXIS2_PLACEMENT_3D ( 'NONE', #9606, #9539, #1222 ) ;
#11144 = VERTEX_POINT ( 'NONE', #5871 ) ;
#11145 =( NAMED_UNIT ( * ) SI_UNIT ( $, .STERADIAN. ) SOLID_ANGLE_UNIT ( ) );
#11146 = LINE ( 'NONE', #10075, #3832 ) ;
#11147 = CARTESIAN_POINT ( 'NONE',  ( -0.1760709587560318201, 0.9810000000000003162, 0.3402332756990598117 ) ) ;
#11148 = COLOUR_RGB ( '',0.2235294117647058654, 0.2235294117647058654, 0.2235294117647058654 ) ;
#11149 = SURFACE_SIDE_STYLE ('',( #166 ) ) ;
#11150 = CARTESIAN_POINT ( 'NONE',  ( -0.07335825974568799257, 0.9810000000000003162, 0.2603005018430569195 ) ) ;
#11151 = VECTOR ( 'NONE', #683, 1000.000000000000114 ) ;
#11152 = PRESENTATION_LAYER_ASSIGNMENT (  '', '', ( #5588 ) ) ;
#11153 = EDGE_CURVE ( 'NONE', #2901, #9034, #4841, .T. ) ;
#11154 = ORIENTED_EDGE ( 'NONE', *, *, #7439, .F. ) ;
#11155 =( LENGTH_UNIT ( ) NAMED_UNIT ( * ) SI_UNIT ( .MILLI., .METRE. ) );
#11156 = VECTOR ( 'NONE', #823, 1000.000000000000000 ) ;
#11157 =( LENGTH_UNIT ( ) NAMED_UNIT ( * ) SI_UNIT ( .MILLI., .METRE. ) );
#11158 = STYLED_ITEM ( 'NONE', ( #2762 ), #2317 ) ;
#11159 =( NAMED_UNIT ( * ) PLANE_ANGLE_UNIT ( ) SI_UNIT ( $, .RADIAN. ) );
#11160 = VERTEX_POINT ( 'NONE', #1087 ) ;
#11161 = EDGE_LOOP ( 'NONE', ( #9262, #2620, #6824, #9808, #3573, #4851, #7332, #11190 ) ) ;
#11162 = UNCERTAINTY_MEASURE_WITH_UNIT (LENGTH_MEASURE( 1.000000000000000082E-05 ), #10137, 'distance_accuracy_value', 'NONE');
#11163 = CARTESIAN_POINT ( 'NONE',  ( -0.2635242728664949907, 0.9810000000000003162, 0.2258346540870750652 ) ) ;
#11164 = ADVANCED_FACE ( 'NONE', ( #4966 ), #1214, .T. ) ;
#11165 =( LENGTH_UNIT ( ) NAMED_UNIT ( * ) SI_UNIT ( .MILLI., .METRE. ) );
#11166 =( GEOMETRIC_REPRESENTATION_CONTEXT ( 3 ) GLOBAL_UNCERTAINTY_ASSIGNED_CONTEXT ( ( #3442 ) ) GLOBAL_UNIT_ASSIGNED_CONTEXT ( ( #11155, #901, #6604 ) ) REPRESENTATION_CONTEXT ( 'NONE', 'WORKASPACE' ) );
#11167 = FACE_OUTER_BOUND ( 'NONE', #8, .T. ) ;
#11168 = SURFACE_STYLE_USAGE ( .BOTH. , #1106 ) ;
#11169 = CARTESIAN_POINT ( 'NONE',  ( -0.1008707769358664214, 0.9810000000000003162, 0.2470820778170456922 ) ) ;
#11170 = EDGE_CURVE ( 'NONE', #6264, #298, #9414, .T. ) ;
#11171 = VERTEX_POINT ( 'NONE', #8577 ) ;
#11172 = CARTESIAN_POINT ( 'NONE',  ( 0.06150595553267604321, 0.9800000000000004263, 0.2384973650103970610 ) ) ;
#11173 = DIRECTION ( 'NONE',  ( -0.0000000000000000000, 1.000000000000000000, -0.0000000000000000000 ) ) ;
#11174 = CARTESIAN_POINT ( 'NONE',  ( -0.1639402752660993612, 0.9800000000000004263, 0.2223558084692126846 ) ) ;
#11175 = ORIENTED_EDGE ( 'NONE', *, *, #2960, .T. ) ;
#11176 = UNCERTAINTY_MEASURE_WITH_UNIT (LENGTH_MEASURE( 1.000000000000000082E-05 ), #3180, 'distance_accuracy_value', 'NONE');
#11177 = ORIENTED_EDGE ( 'NONE', *, *, #1751, .T. ) ;
#11178 = AXIS2_PLACEMENT_3D ( 'NONE', #6427, #4489, #3630 ) ;
#11179 = DIRECTION ( 'NONE',  ( -0.9319625762824779169, 0.0000000000000000000, -0.3625544875035016101 ) ) ;
#11180 = B_SPLINE_SURFACE_WITH_KNOTS ( 'NONE', 3, 1, ( 
 ( #8823, #6112 ),
 ( #542, #8995 ),
 ( #8885, #11695 ),
 ( #7144, #2540 ) ),
 .UNSPECIFIED., .F., .F., .F.,
 ( 4, 4 ),
 ( 2, 2 ),
 ( 0.0000000000000000000, 1.000000000000000000 ),
 ( 0.0000000000000000000, 1.000000000000000000 ),
 .UNSPECIFIED. ) ;
#11181 =( NAMED_UNIT ( * ) PLANE_ANGLE_UNIT ( ) SI_UNIT ( $, .RADIAN. ) );
#11182 = PLANE ( 'NONE',  #6881 ) ;
#11183 = CARTESIAN_POINT ( 'NONE',  ( 0.1107400636383502196, 0.9810000000000003162, 0.2287244026595042778 ) ) ;
#11184 = CARTESIAN_POINT ( 'NONE',  ( 0.07199420481020916973, 0.9800000000000004263, 0.3397933990630481182 ) ) ;
#11185 = CARTESIAN_POINT ( 'NONE',  ( -0.08882898268744554571, 0.9810000000000003162, 0.3359910364165828445 ) ) ;
#11186 = VERTEX_POINT ( 'NONE', #10324 ) ;
#11187 = ORIENTED_EDGE ( 'NONE', *, *, #11192, .F. ) ;
#11188 = STYLED_ITEM ( 'NONE', ( #3503 ), #11078 ) ;
#11189 =( NAMED_UNIT ( * ) SI_UNIT ( $, .STERADIAN. ) SOLID_ANGLE_UNIT ( ) );
#11190 = ORIENTED_EDGE ( 'NONE', *, *, #2756, .F. ) ;
#11191 = CARTESIAN_POINT ( 'NONE',  ( -0.1819533640655223161, 0.9810000000000003162, 0.3009916962669175744 ) ) ;
#11192 = EDGE_CURVE ( 'NONE', #5851, #8959, #3149, .T. ) ;
#11193 = LINE ( 'NONE', #8377, #10580 ) ;
#11194 = ORIENTED_EDGE ( 'NONE', *, *, #1881, .T. ) ;
#11195 = CARTESIAN_POINT ( 'NONE',  ( -0.005569245625948512218, 0.9800000000000004263, 0.2662191137651554462 ) ) ;
#11196 =( LENGTH_UNIT ( ) NAMED_UNIT ( * ) SI_UNIT ( .MILLI., .METRE. ) );
#11197 = CARTESIAN_POINT ( 'NONE',  ( 0.1630506780863280325, 0.9810000000000003162, 0.1929448197610338367 ) ) ;
#11198 = COLOUR_RGB ( '',0.2235294117647058654, 0.2235294117647058654, 0.2235294117647058654 ) ;
#11199 = DIRECTION ( 'NONE',  ( -0.007092178509963811828, -0.0000000000000000000, 0.9999748501857348426 ) ) ;
#11200 = CARTESIAN_POINT ( 'NONE',  ( -0.2922182014269800177, 0.9810000000000003162, 0.2564087548794397042 ) ) ;
#11201 = FILL_AREA_STYLE_COLOUR ( '', #3972 ) ;
#11202 = FACE_OUTER_BOUND ( 'NONE', #10517, .T. ) ;
#11203 = CARTESIAN_POINT ( 'NONE',  ( -0.07423503210791476681, 0.9810000000000003162, 0.2959588769480394621 ) ) ;
#11204 = SURFACE_SIDE_STYLE ('',( #4660 ) ) ;
#11205 = FACE_BOUND ( 'NONE', #4181, .T. ) ;
#11206 = PRESENTATION_LAYER_ASSIGNMENT (  '', '', ( #4477 ) ) ;
#11207 = CARTESIAN_POINT ( 'NONE',  ( -0.08337896074994888274, 0.9810000000000003162, 0.3207448641368762510 ) ) ;
#11208 = EDGE_CURVE ( 'NONE', #11253, #10826, #7490, .T. ) ;
#11209 = DIRECTION ( 'NONE',  ( -0.0000000000000000000, -1.000000000000000000, -0.0000000000000000000 ) ) ;
#11210 = SURFACE_SIDE_STYLE ('',( #5022 ) ) ;
#11211 = ORIENTED_EDGE ( 'NONE', *, *, #5836, .T. ) ;
#11212 = LINE ( 'NONE', #11477, #10006 ) ;
#11213 = DIRECTION ( 'NONE',  ( -0.007092178509965070370, 0.0000000000000000000, 0.9999748501857348426 ) ) ;
#11214 = ORIENTED_EDGE ( 'NONE', *, *, #2920, .F. ) ;
#11215 = CARTESIAN_POINT ( 'NONE',  ( -0.08854543622480952336, 0.9810000000000003162, 0.2300390510330524718 ) ) ;
#11216 = VECTOR ( 'NONE', #2880, 1000.000000000000114 ) ;
#11217 = CARTESIAN_POINT ( 'NONE',  ( 0.1471528985507288279, 0.9800000000000004263, 0.2427198625404619614 ) ) ;
#11218 = DIRECTION ( 'NONE',  ( 0.9919892169122311865, 0.0000000000000000000, -0.1263225772768200028 ) ) ;
#11219 = ORIENTED_EDGE ( 'NONE', *, *, #9479, .F. ) ;
#11220 = CARTESIAN_POINT ( 'NONE',  ( -0.09180021817302808085, 0.9810000000000003162, 0.2143152275510540883 ) ) ;
#11221 =( LENGTH_UNIT ( ) NAMED_UNIT ( * ) SI_UNIT ( .MILLI., .METRE. ) );
#11222 = CARTESIAN_POINT ( 'NONE',  ( -0.1760709587560318201, 0.9810000000000003162, 0.3402332756990598117 ) ) ;
#11223 = SURFACE_STYLE_FILL_AREA ( #11350 ) ;
#11224 = EDGE_LOOP ( 'NONE', ( #11041, #4025, #10475, #5175, #5300, #9875, #6603, #4058, #2128, #4263, #11359, #7480 ) ) ;
#11225 = ORIENTED_EDGE ( 'NONE', *, *, #6132, .T. ) ;
#11226 = CARTESIAN_POINT ( 'NONE',  ( -0.2385904339955741971, 0.9810000000000003162, 0.2141319608088242399 ) ) ;
#11227 = EDGE_CURVE ( 'NONE', #492, #1808, #7656, .T. ) ;
#11228 = PRESENTATION_STYLE_ASSIGNMENT (( #7565 ) ) ;
#11229 = B_SPLINE_CURVE_WITH_KNOTS ( 'NONE', 3,
 ( #9912, #3462, #9859, #7097 ),
 .UNSPECIFIED., .F., .F.,
 ( 4, 4 ),
 ( 5.000000000000000000, 6.000000000000000000 ),
 .UNSPECIFIED. ) ;
#11230 =( NAMED_UNIT ( * ) SI_UNIT ( $, .STERADIAN. ) SOLID_ANGLE_UNIT ( ) );
#11231 = CARTESIAN_POINT ( 'NONE',  ( -0.08682324149588735440, 0.9800000000000004263, 0.2254502209576159932 ) ) ;
#11232 = FILL_AREA_STYLE_COLOUR ( '', #998 ) ;
#11233 = ORIENTED_EDGE ( 'NONE', *, *, #10706, .F. ) ;
#11234 = FACE_OUTER_BOUND ( 'NONE', #9263, .T. ) ;
#11235 = LINE ( 'NONE', #2975, #5188 ) ;
#11236 = PRESENTATION_STYLE_ASSIGNMENT (( #4437 ) ) ;
#11237 = ORIENTED_EDGE ( 'NONE', *, *, #3020, .T. ) ;
#11238 = DIRECTION ( 'NONE',  ( 0.3625544875035015546, -0.0000000000000000000, -0.9319625762824778059 ) ) ;
#11239 = ORIENTED_EDGE ( 'NONE', *, *, #3894, .F. ) ;
#11240 = ADVANCED_FACE ( 'NONE', ( #11279 ), #3023, .F. ) ;
#11241 = ADVANCED_FACE ( 'NONE', ( #4447 ), #1555, .F. ) ;
#11242 = SURFACE_STYLE_USAGE ( .BOTH. , #4741 ) ;
#11243 = FILL_AREA_STYLE ('',( #10417 ) ) ;
#11244 = DIRECTION ( 'NONE',  ( 0.0000000000000000000, 0.0000000000000000000, 1.000000000000000000 ) ) ;
#11245 = B_SPLINE_CURVE_WITH_KNOTS ( 'NONE', 3,
 ( #1739, #6525, #10196, #7296 ),
 .UNSPECIFIED., .F., .F.,
 ( 4, 4 ),
 ( 2.000000000000000000, 3.000000000000000000 ),
 .UNSPECIFIED. ) ;
#11246 = CARTESIAN_POINT ( 'NONE',  ( -0.07339973933240424853, 0.9810000000000003162, 0.2661489930300927065 ) ) ;
#11247 = CARTESIAN_POINT ( 'NONE',  ( 0.5800000000000001821, -0.9800000000000004263, 0.01999999999999999695 ) ) ;
#11248 = CARTESIAN_POINT ( 'NONE',  ( -0.5799999999999994049, -0.9800000000000004263, 0.01999999999999999695 ) ) ;
#11249 = EDGE_LOOP ( 'NONE', ( #906, #7192, #2365, #7374 ) ) ;
#11250 = ORIENTED_EDGE ( 'NONE', *, *, #11508, .T. ) ;
#11251 = LINE ( 'NONE', #9508, #11035 ) ;
#11252 = PRESENTATION_STYLE_ASSIGNMENT (( #6759 ) ) ;
#11253 = VERTEX_POINT ( 'NONE', #4385 ) ;
#11254 = B_SPLINE_CURVE_WITH_KNOTS ( 'NONE', 3,
 ( #11761, #1577, #7984, #480 ),
 .UNSPECIFIED., .F., .F.,
 ( 4, 4 ),
 ( 19.00000000000000000, 20.00000000000000000 ),
 .UNSPECIFIED. ) ;
#11255 = PRESENTATION_STYLE_ASSIGNMENT (( #9572 ) ) ;
#11256 = SURFACE_STYLE_FILL_AREA ( #10248 ) ;
#11257 = ORIENTED_EDGE ( 'NONE', *, *, #7759, .F. ) ;
#11258 = ADVANCED_FACE ( 'NONE', ( #5418 ), #4275, .F. ) ;
#11259 = CARTESIAN_POINT ( 'NONE',  ( 0.009323531269685852996, 0.9800000000000004263, 0.3071748939432588643 ) ) ;
#11260 = SURFACE_STYLE_FILL_AREA ( #6641 ) ;
#11261 = SURFACE_STYLE_USAGE ( .BOTH. , #2335 ) ;
#11262 = LINE ( 'NONE', #2169, #10699 ) ;
#11263 = CARTESIAN_POINT ( 'NONE',  ( -0.1361282798110324543, 0.9800000000000004263, 0.2208374173563976139 ) ) ;
#11264 = ADVANCED_FACE ( 'NONE', ( #7388 ), #11892, .F. ) ;
#11265 = FACE_BOUND ( 'NONE', #3387, .T. ) ;
#11266 =( NAMED_UNIT ( * ) SI_UNIT ( $, .STERADIAN. ) SOLID_ANGLE_UNIT ( ) );
#11267 = MECHANICAL_DESIGN_GEOMETRIC_PRESENTATION_REPRESENTATION (  '', ( #9728 ), #4340 ) ;
#11268 = FILL_AREA_STYLE_COLOUR ( '', #2518 ) ;
#11269 = CARTESIAN_POINT ( 'NONE',  ( 0.2101081641215258311, 0.9810000000000003162, 0.2352132453259013212 ) ) ;
#11270 = DIRECTION ( 'NONE',  ( -0.3625544874979447774, 0.0000000000000000000, 0.9319625762846395212 ) ) ;
#11271 = CARTESIAN_POINT ( 'NONE',  ( -0.1754940304656119054, 0.9810000000000003162, 0.3010375081660242591 ) ) ;
#11272 =( NAMED_UNIT ( * ) PLANE_ANGLE_UNIT ( ) SI_UNIT ( $, .RADIAN. ) );
#11273 = FILL_AREA_STYLE_COLOUR ( '', #10900 ) ;
#11274 = STYLED_ITEM ( 'NONE', ( #979 ), #3800 ) ;
#11275 = VERTEX_POINT ( 'NONE', #9260 ) ;
#11276 = COLOUR_RGB ( '',0.2235294117647058654, 0.2235294117647058654, 0.2235294117647058654 ) ;
#11277 = LINE ( 'NONE', #359, #9935 ) ;
#11278 = EDGE_CURVE ( 'NONE', #9123, #11613, #4039, .T. ) ;
#11279 = FACE_OUTER_BOUND ( 'NONE', #4362, .T. ) ;
#11280 = ORIENTED_EDGE ( 'NONE', *, *, #11382, .T. ) ;
#11281 = LINE ( 'NONE', #3027, #11852 ) ;
#11282 = CARTESIAN_POINT ( 'NONE',  ( 0.0000000000000000000, 0.9810000000000003162, 0.0000000000000000000 ) ) ;
#11283 = CARTESIAN_POINT ( 'NONE',  ( -0.1356345043302168152, 0.9800000000000004263, 0.2520084467876314571 ) ) ;
#11284 = ORIENTED_EDGE ( 'NONE', *, *, #8165, .T. ) ;
#11285 = ORIENTED_EDGE ( 'NONE', *, *, #11382, .F. ) ;
#11286 = UNCERTAINTY_MEASURE_WITH_UNIT (LENGTH_MEASURE( 1.000000000000000082E-05 ), #2374, 'distance_accuracy_value', 'NONE');
#11287 = DIRECTION ( 'NONE',  ( 0.0000000000000000000, -1.000000000000000000, 0.0000000000000000000 ) ) ;
#11288 = FILL_AREA_STYLE_COLOUR ( '', #10959 ) ;
#11289 =( GEOMETRIC_REPRESENTATION_CONTEXT ( 3 ) GLOBAL_UNCERTAINTY_ASSIGNED_CONTEXT ( ( #11771 ) ) GLOBAL_UNIT_ASSIGNED_CONTEXT ( ( #11325, #8561, #220 ) ) REPRESENTATION_CONTEXT ( 'NONE', 'WORKASPACE' ) );
#11290 = MECHANICAL_DESIGN_GEOMETRIC_PRESENTATION_REPRESENTATION (  '', ( #6871 ), #5136 ) ;
#11291 = MECHANICAL_DESIGN_GEOMETRIC_PRESENTATION_REPRESENTATION (  '', ( #6493 ), #10712 ) ;
#11292 = EDGE_LOOP ( 'NONE', ( #10542, #10385, #1897, #8375 ) ) ;
#11293 = CARTESIAN_POINT ( 'NONE',  ( -0.1249032359946249532, 0.9810000000000003162, 0.2434803436203266669 ) ) ;
#11294 = EDGE_CURVE ( 'NONE', #5599, #2020, #9505, .T. ) ;
#11295 = CARTESIAN_POINT ( 'NONE',  ( -0.1281476051487012990, 0.9810000000000003162, 0.2464467125882329746 ) ) ;
#11296 =( NAMED_UNIT ( * ) PLANE_ANGLE_UNIT ( ) SI_UNIT ( $, .RADIAN. ) );
#11297 = ORIENTED_EDGE ( 'NONE', *, *, #9983, .T. ) ;
#11298 = CARTESIAN_POINT ( 'NONE',  ( -0.1633696208034960129, 0.9810000000000003162, 0.2206962012474259494 ) ) ;
#11299 = MECHANICAL_DESIGN_GEOMETRIC_PRESENTATION_REPRESENTATION (  '', ( #8426 ), #2441 ) ;
#11300 = DIRECTION ( 'NONE',  ( -0.9999748501857348426, 0.0000000000000000000, -0.007092178509962634818 ) ) ;
#11301 = UNCERTAINTY_MEASURE_WITH_UNIT (LENGTH_MEASURE( 1.000000000000000082E-05 ), #2038, 'distance_accuracy_value', 'NONE');
#11302 = VECTOR ( 'NONE', #6829, 1000.000000000000000 ) ;
#11303 = ORIENTED_EDGE ( 'NONE', *, *, #5356, .F. ) ;
#11304 =( NAMED_UNIT ( * ) PLANE_ANGLE_UNIT ( ) SI_UNIT ( $, .RADIAN. ) );
#11305 = STYLED_ITEM ( 'NONE', ( #4465 ), #122 ) ;
#11306 = SURFACE_STYLE_FILL_AREA ( #2148 ) ;
#11307 = SURFACE_STYLE_USAGE ( .BOTH. , #3886 ) ;
#11308 = CARTESIAN_POINT ( 'NONE',  ( -0.1188938987987478435, 0.9810000000000003162, 0.2373362487876347904 ) ) ;
#11309 = ADVANCED_FACE ( 'NONE', ( #1820 ), #3583, .F. ) ;
#11310 = CARTESIAN_POINT ( 'NONE',  ( 0.02988217082207585834, 0.9800000000000004263, 0.3138278063142558860 ) ) ;
#11311 = EDGE_LOOP ( 'NONE', ( #10504, #6442, #1130, #9647 ) ) ;
#11312 = ORIENTED_EDGE ( 'NONE', *, *, #9794, .T. ) ;
#11313 =( NAMED_UNIT ( * ) PLANE_ANGLE_UNIT ( ) SI_UNIT ( $, .RADIAN. ) );
#11314 = EDGE_CURVE ( 'NONE', #2508, #681, #3647, .T. ) ;
#11315 = DIRECTION ( 'NONE',  ( -0.007092178509963311360, 0.0000000000000000000, 0.9999748501857348426 ) ) ;
#11316 = ORIENTED_EDGE ( 'NONE', *, *, #9044, .T. ) ;
#11317 = PLANE ( 'NONE',  #898 ) ;
#11318 = CARTESIAN_POINT ( 'NONE',  ( -0.08682324149588735440, 0.9800000000000004263, 0.2254502209576159932 ) ) ;
#11319 = ORIENTED_EDGE ( 'NONE', *, *, #9466, .F. ) ;
#11320 = AXIS2_PLACEMENT_3D ( 'NONE', #9789, #1526, #10635 ) ;
#11321 = CARTESIAN_POINT ( 'NONE',  ( 0.1107144256405065141, 0.9810000000000003162, 0.2323392796703987462 ) ) ;
#11322 = EDGE_CURVE ( 'NONE', #5361, #5947, #5196, .T. ) ;
#11323 = CARTESIAN_POINT ( 'NONE',  ( -0.2885462351358029642, 0.9800000000000004263, 0.2646230973000676112 ) ) ;
#11324 = LINE ( 'NONE', #9578, #7237 ) ;
#11325 =( LENGTH_UNIT ( ) NAMED_UNIT ( * ) SI_UNIT ( .MILLI., .METRE. ) );
#11326 = FACE_OUTER_BOUND ( 'NONE', #1231, .T. ) ;
#11327 = EDGE_CURVE ( 'NONE', #6374, #10807, #8094, .T. ) ;
#11328 = STYLED_ITEM ( 'NONE', ( #9600 ), #7779 ) ;
#11329 = CARTESIAN_POINT ( 'NONE',  ( -0.08288195124660147073, 0.9800000000000004263, 0.3019802867017373771 ) ) ;
#11330 =( NAMED_UNIT ( * ) SI_UNIT ( $, .STERADIAN. ) SOLID_ANGLE_UNIT ( ) );
#11331 = DIRECTION ( 'NONE',  ( -0.0000000000000000000, -1.000000000000000000, -0.0000000000000000000 ) ) ;
#11332 = VECTOR ( 'NONE', #2292, 1000.000000000000000 ) ;
#11333 = CARTESIAN_POINT ( 'NONE',  ( -0.08985265769498364252, 0.9810000000000003162, 0.2200998419151681540 ) ) ;
#11334 = DIRECTION ( 'NONE',  ( -0.0000000000000000000, -1.000000000000000000, -0.0000000000000000000 ) ) ;
#11335 = EDGE_CURVE ( 'NONE', #9318, #3255, #7513, .T. ) ;
#11336 = CARTESIAN_POINT ( 'NONE',  ( -0.1484167451370287383, 0.9810000000000003162, 0.2033598746594020568 ) ) ;
#11337 = DIRECTION ( 'NONE',  ( -0.0000000000000000000, -1.000000000000000000, -0.0000000000000000000 ) ) ;
#11338 = CARTESIAN_POINT ( 'NONE',  ( -0.1681119349228590021, 0.9810000000000003162, 0.3010898646221462083 ) ) ;
#11339 = CARTESIAN_POINT ( 'NONE',  ( -0.04685089958738627297, 0.9810000000000003162, 0.2154918460151248050 ) ) ;
#11340 = VERTEX_POINT ( 'NONE', #10237 ) ;
#11341 = CARTESIAN_POINT ( 'NONE',  ( 0.5800000000000001821, 1.000000000000000444, 0.01999999999999999695 ) ) ;
#11342 = SURFACE_STYLE_FILL_AREA ( #3863 ) ;
#11343 = ORIENTED_EDGE ( 'NONE', *, *, #2652, .F. ) ;
#11344 = SURFACE_STYLE_FILL_AREA ( #8645 ) ;
#11345 = STYLED_ITEM ( 'NONE', ( #3887 ), #6213 ) ;
#11346 = PRESENTATION_LAYER_ASSIGNMENT (  '', '', ( #7919 ) ) ;
#11347 = STYLED_ITEM ( 'NONE', ( #10686 ), #8385 ) ;
#11348 = CARTESIAN_POINT ( 'NONE',  ( -0.08288195124660147073, 0.9810000000000003162, 0.3019802867017373771 ) ) ;
#11349 = DIRECTION ( 'NONE',  ( 0.9999748501857348426, -0.0000000000000000000, 0.007092178509963810960 ) ) ;
#11350 = FILL_AREA_STYLE ('',( #7685 ) ) ;
#11351 = ORIENTED_EDGE ( 'NONE', *, *, #3068, .T. ) ;
#11352 = ADVANCED_FACE ( 'NONE', ( #5653 ), #5827, .F. ) ;
#11353 = EDGE_LOOP ( 'NONE', ( #9667, #10032, #6027, #194 ) ) ;
#11354 = CARTESIAN_POINT ( 'NONE',  ( -0.5799999999999994049, -1.000000000000000444, 0.5500000000000000444 ) ) ;
#11355 = VECTOR ( 'NONE', #6025, 1000.000000000000000 ) ;
#11356 = LINE ( 'NONE', #1285, #3300 ) ;
#11357 = AXIS2_PLACEMENT_3D ( 'NONE', #10142, #4779, #10207 ) ;
#11358 = COLOUR_RGB ( '',0.2235294117647058654, 0.2235294117647058654, 0.2235294117647058654 ) ;
#11359 = ORIENTED_EDGE ( 'NONE', *, *, #9219, .F. ) ;
#11360 = CARTESIAN_POINT ( 'NONE',  ( -0.1268544847074608295, 0.9810000000000003162, 0.2455460728015328442 ) ) ;
#11361 = CARTESIAN_POINT ( 'NONE',  ( -0.5799999999999994049, 0.9999999999999995559, 0.02000000000000005246 ) ) ;
#11362 = B_SPLINE_CURVE_WITH_KNOTS ( 'NONE', 3,
 ( #3792, #2894, #837, #1793 ),
 .UNSPECIFIED., .F., .F.,
 ( 4, 4 ),
 ( 5.000000000000000000, 6.000000000000000000 ),
 .UNSPECIFIED. ) ;
#11363 = STYLED_ITEM ( 'NONE', ( #4864 ), #5825 ) ;
#11364 = VERTEX_POINT ( 'NONE', #447 ) ;
#11365 = STYLED_ITEM ( 'NONE', ( #2779 ), #4152 ) ;
#11366 = DIRECTION ( 'NONE',  ( -0.3382111624868761046, -0.0000000000000000000, 0.9410702468834490908 ) ) ;
#11367 = EDGE_CURVE ( 'NONE', #8907, #8913, #7709, .T. ) ;
#11368 = STYLED_ITEM ( 'NONE', ( #8121 ), #4915 ) ;
#11369 = COLOUR_RGB ( '',0.2235294117647058654, 0.2235294117647058654, 0.2235294117647058654 ) ;
#11370 = LINE ( 'NONE', #3118, #11088 ) ;
#11371 = STYLED_ITEM ( 'NONE', ( #8288 ), #4369 ) ;
#11372 = SURFACE_STYLE_FILL_AREA ( #6752 ) ;
#11373 = VERTEX_POINT ( 'NONE', #3236 ) ;
#11374 = EDGE_LOOP ( 'NONE', ( #11758, #5839, #1425, #11050 ) ) ;
#11375 = CARTESIAN_POINT ( 'NONE',  ( 0.04919997201009356641, 0.9810000000000003162, 0.3425237802703828272 ) ) ;
#11376 = VECTOR ( 'NONE', #5085, 1000.000000000000000 ) ;
#11377 = VERTEX_POINT ( 'NONE', #3946 ) ;
#11378 = SURFACE_STYLE_USAGE ( .BOTH. , #4815 ) ;
#11379 = VERTEX_POINT ( 'NONE', #1422 ) ;
#11380 =( NAMED_UNIT ( * ) PLANE_ANGLE_UNIT ( ) SI_UNIT ( $, .RADIAN. ) );
#11381 = PRESENTATION_STYLE_ASSIGNMENT (( #5858 ) ) ;
#11382 = EDGE_CURVE ( 'NONE', #11530, #10048, #9446, .T. ) ;
#11383 = CARTESIAN_POINT ( 'NONE',  ( 0.008049363051064835003, 0.9800000000000004263, 0.2319726427754881526 ) ) ;
#11384 = SURFACE_STYLE_USAGE ( .BOTH. , #4889 ) ;
#11385 = VECTOR ( 'NONE', #4178, 1000.000000000000000 ) ;
#11386 = SURFACE_STYLE_FILL_AREA ( #7724 ) ;
#11387 = LINE ( 'NONE', #11203, #5761 ) ;
#11388 = DIRECTION ( 'NONE',  ( 0.007092178509965069502, 0.0000000000000000000, -0.9999748501857348426 ) ) ;
#11389 = EDGE_LOOP ( 'NONE', ( #2921, #6896, #7594, #427 ) ) ;
#11390 = CARTESIAN_POINT ( 'NONE',  ( -0.08337896074994888274, 0.9800000000000004263, 0.3207448641368762510 ) ) ;
#11391 = EDGE_CURVE ( 'NONE', #11119, #6664, #9684, .T. ) ;
#11392 = LINE ( 'NONE', #7732, #4410 ) ;
#11393 = AXIS2_PLACEMENT_3D ( 'NONE', #2234, #7172, #2516 ) ;
#11394 = PRESENTATION_STYLE_ASSIGNMENT (( #283 ) ) ;
#11395 = LINE ( 'NONE', #9526, #9363 ) ;
#11396 = EDGE_LOOP ( 'NONE', ( #4268, #2314, #2, #3625 ) ) ;
#11397 = EDGE_CURVE ( 'NONE', #3709, #1546, #11478, .T. ) ;
#11398 = CARTESIAN_POINT ( 'NONE',  ( -0.1324238690058055501, 0.9810000000000003162, 0.2354726564968886993 ) ) ;
#11399 = PRESENTATION_STYLE_ASSIGNMENT (( #3150 ) ) ;
#11400 = COLOUR_RGB ( '',0.2235294117647058654, 0.2235294117647058654, 0.2235294117647058654 ) ;
#11401 = ORIENTED_EDGE ( 'NONE', *, *, #199, .T. ) ;
#11402 =( NAMED_UNIT ( * ) PLANE_ANGLE_UNIT ( ) SI_UNIT ( $, .RADIAN. ) );
#11403 = CARTESIAN_POINT ( 'NONE',  ( -0.1031402085636232285, 0.9810000000000003162, 0.2207074561072388530 ) ) ;
#11404 =( NAMED_UNIT ( * ) PLANE_ANGLE_UNIT ( ) SI_UNIT ( $, .RADIAN. ) );
#11405 = CARTESIAN_POINT ( 'NONE',  ( -0.1361515083795944714, 0.9800000000000004263, 0.2241125724212622294 ) ) ;
#11406 = EDGE_LOOP ( 'NONE', ( #9905, #11490, #8958, #3279 ) ) ;
#11407 = ORIENTED_EDGE ( 'NONE', *, *, #9966, .F. ) ;
#11408 = UNCERTAINTY_MEASURE_WITH_UNIT (LENGTH_MEASURE( 1.000000000000000082E-05 ), #9901, 'distance_accuracy_value', 'NONE');
#11409 = CARTESIAN_POINT ( 'NONE',  ( -0.2688206351089372781, 0.9800000000000004263, 0.2139175574339311492 ) ) ;
#11410 = DIRECTION ( 'NONE',  ( -0.9999748501857348426, 0.0000000000000000000, -0.007092178509960774327 ) ) ;
#11411 = DIRECTION ( 'NONE',  ( -0.9999748501857348426, -0.0000000000000000000, -0.007092178509963208144 ) ) ;
#11412 = CARTESIAN_POINT ( 'NONE',  ( 0.2022323288433300892, 0.9800000000000004263, 0.2752845485394986857 ) ) ;
#11413 = EDGE_CURVE ( 'NONE', #9416, #10877, #5849, .T. ) ;
#11414 = ORIENTED_EDGE ( 'NONE', *, *, #5359, .T. ) ;
#11415 = DIRECTION ( 'NONE',  ( -0.9999748501857348426, -0.0000000000000000000, -0.007092178509964853529 ) ) ;
#11416 = DIRECTION ( 'NONE',  ( -1.000000000000000000, 0.0000000000000000000, 0.0000000000000000000 ) ) ;
#11417 = ORIENTED_EDGE ( 'NONE', *, *, #1733, .F. ) ;
#11418 = DIRECTION ( 'NONE',  ( -0.9999748501857348426, 0.0000000000000000000, -0.007092178509961338979 ) ) ;
#11419 = UNCERTAINTY_MEASURE_WITH_UNIT (LENGTH_MEASURE( 1.000000000000000082E-05 ), #10727, 'distance_accuracy_value', 'NONE');
#11420 = CARTESIAN_POINT ( 'NONE',  ( 0.1196054746651321610, 0.9800000000000004263, 0.2530081763347153956 ) ) ;
#11421 = VECTOR ( 'NONE', #11611, 1000.000000000000000 ) ;
#11422 = DIRECTION ( 'NONE',  ( -0.007092178509969762797, 0.0000000000000000000, 0.9999748501857347316 ) ) ;
#11423 = CARTESIAN_POINT ( 'NONE',  ( -0.1406043819388396454, 0.9800000000000004263, 0.2307096144780721170 ) ) ;
#11424 = EDGE_CURVE ( 'NONE', #8249, #7329, #9802, .T. ) ;
#11425 = VERTEX_POINT ( 'NONE', #10527 ) ;
#11426 = ORIENTED_EDGE ( 'NONE', *, *, #4488, .F. ) ;
#11427 = PRESENTATION_STYLE_ASSIGNMENT (( #7773 ) ) ;
#11428 = CARTESIAN_POINT ( 'NONE',  ( -0.2125646057502787178, 0.9810000000000003162, 0.2372177893396844039 ) ) ;
#11429 = EDGE_LOOP ( 'NONE', ( #3758, #6865, #1987, #1124 ) ) ;
#11430 = ORIENTED_EDGE ( 'NONE', *, *, #10721, .F. ) ;
#11431 = ORIENTED_EDGE ( 'NONE', *, *, #11016, .F. ) ;
#11432 = LINE ( 'NONE', #11323, #9750 ) ;
#11433 = CARTESIAN_POINT ( 'NONE',  ( -0.2927117971955626174, 0.9800000000000004263, 0.2545336428020995578 ) ) ;
#11434 = SURFACE_SIDE_STYLE ('',( #5012 ) ) ;
#11435 = CARTESIAN_POINT ( 'NONE',  ( -0.5999999999999994227, -1.000000000000000444, 0.5500000000000000444 ) ) ;
#11436 = ORIENTED_EDGE ( 'NONE', *, *, #5581, .T. ) ;
#11437 = CARTESIAN_POINT ( 'NONE',  ( -0.1410897765776967239, 0.9800000000000004263, 0.2441713755496451033 ) ) ;
#11438 = EDGE_CURVE ( 'NONE', #1949, #3302, #4994, .T. ) ;
#11439 = CARTESIAN_POINT ( 'NONE',  ( 0.5800000000000001821, -1.000000000000000444, 0.5500000000000000444 ) ) ;
#11440 =( NAMED_UNIT ( * ) SI_UNIT ( $, .STERADIAN. ) SOLID_ANGLE_UNIT ( ) );
#11441 = CARTESIAN_POINT ( 'NONE',  ( -0.2394708957524849247, 0.9800000000000004263, 0.2649711571210510153 ) ) ;
#11442 = CARTESIAN_POINT ( 'NONE',  ( 0.1658271787583907586, 0.9800000000000004263, 0.3111769386675978244 ) ) ;
#11443 = CARTESIAN_POINT ( 'NONE',  ( -0.1183255496279410762, 0.9810000000000003162, 0.2414994159896735326 ) ) ;
#11444 = CARTESIAN_POINT ( 'NONE',  ( -0.08135865735505859453, 0.9800000000000004263, 0.2191462949316740905 ) ) ;
#11445 = ORIENTED_EDGE ( 'NONE', *, *, #4550, .T. ) ;
#11446 = CARTESIAN_POINT ( 'NONE',  ( -0.1512356340308023683, 0.9810000000000003162, 0.1976470643281151851 ) ) ;
#11447 = CARTESIAN_POINT ( 'NONE',  ( 0.05991642631702527588, 0.9800000000000004263, 0.2587304362004613778 ) ) ;
#11448 = DIRECTION ( 'NONE',  ( 0.0000000000000000000, 0.0000000000000000000, 1.000000000000000000 ) ) ;
#11449 = SURFACE_SIDE_STYLE ('',( #11344 ) ) ;
#11450 = EDGE_CURVE ( 'NONE', #4091, #681, #5962, .T. ) ;
#11451 = FILL_AREA_STYLE_COLOUR ( '', #324 ) ;
#11452 =( GEOMETRIC_REPRESENTATION_CONTEXT ( 3 ) GLOBAL_UNCERTAINTY_ASSIGNED_CONTEXT ( ( #1636 ) ) GLOBAL_UNIT_ASSIGNED_CONTEXT ( ( #4303, #11641, #2429 ) ) REPRESENTATION_CONTEXT ( 'NONE', 'WORKASPACE' ) );
#11453 = FILL_AREA_STYLE_COLOUR ( '', #1318 ) ;
#11454 =( NAMED_UNIT ( * ) SI_UNIT ( $, .STERADIAN. ) SOLID_ANGLE_UNIT ( ) );
#11455 = ORIENTED_EDGE ( 'NONE', *, *, #9636, .T. ) ;
#11456 = ORIENTED_EDGE ( 'NONE', *, *, #1775, .T. ) ;
#11457 =( LENGTH_UNIT ( ) NAMED_UNIT ( * ) SI_UNIT ( .MILLI., .METRE. ) );
#11458 = ADVANCED_FACE ( 'NONE', ( #3888 ), #7582, .F. ) ;
#11459 = SURFACE_SIDE_STYLE ('',( #5045 ) ) ;
#11460 =( GEOMETRIC_REPRESENTATION_CONTEXT ( 3 ) GLOBAL_UNCERTAINTY_ASSIGNED_CONTEXT ( ( #7432 ) ) GLOBAL_UNIT_ASSIGNED_CONTEXT ( ( #4583, #9152, #1013 ) ) REPRESENTATION_CONTEXT ( 'NONE', 'WORKASPACE' ) );
#11461 = ORIENTED_EDGE ( 'NONE', *, *, #11799, .T. ) ;
#11462 = SURFACE_SIDE_STYLE ('',( #7809 ) ) ;
#11463 = COLOUR_RGB ( '',0.2235294117647058654, 0.2235294117647058654, 0.2235294117647058654 ) ;
#11464 = EDGE_CURVE ( 'NONE', #433, #7835, #9014, .T. ) ;
#11465 = UNCERTAINTY_MEASURE_WITH_UNIT (LENGTH_MEASURE( 1.000000000000000082E-05 ), #11457, 'distance_accuracy_value', 'NONE');
#11466 = CARTESIAN_POINT ( 'NONE',  ( -0.08682324149588735440, 0.9810000000000003162, 0.2254502209576159932 ) ) ;
#11467 = ORIENTED_EDGE ( 'NONE', *, *, #1670, .T. ) ;
#11468 = CARTESIAN_POINT ( 'NONE',  ( -0.1391861806903979815, 0.9810000000000003162, 0.2323313381707252934 ) ) ;
#11469 = LINE ( 'NONE', #8599, #7080 ) ;
#11470 = ORIENTED_EDGE ( 'NONE', *, *, #4396, .F. ) ;
#11471 = MECHANICAL_DESIGN_GEOMETRIC_PRESENTATION_REPRESENTATION (  '', ( #880 ), #2621 ) ;
#11472 = EDGE_CURVE ( 'NONE', #4142, #2669, #4433, .T. ) ;
#11473 = COLOUR_RGB ( '',0.2235294117647058654, 0.2235294117647058654, 0.2235294117647058654 ) ;
#11474 = FACE_OUTER_BOUND ( 'NONE', #3688, .T. ) ;
#11475 = DIRECTION ( 'NONE',  ( -0.0000000000000000000, 1.000000000000000000, -0.0000000000000000000 ) ) ;
#11476 = DIRECTION ( 'NONE',  ( -0.0000000000000000000, -1.000000000000000000, -0.0000000000000000000 ) ) ;
#11477 = CARTESIAN_POINT ( 'NONE',  ( -0.2246060417348193505, 0.9810000000000003162, 0.2142311431095073326 ) ) ;
#11478 = LINE ( 'NONE', #6917, #5630 ) ;
#11479 = CARTESIAN_POINT ( 'NONE',  ( -0.1961842349277509723, 0.9810000000000003162, 0.3209845929408485232 ) ) ;
#11480 = VERTEX_POINT ( 'NONE', #501 ) ;
#11481 = ORIENTED_EDGE ( 'NONE', *, *, #7068, .T. ) ;
#11482 = FILL_AREA_STYLE_COLOUR ( '', #10358 ) ;
#11483 = COLOUR_RGB ( '',0.2235294117647058654, 0.2235294117647058654, 0.2235294117647058654 ) ;
#11484 = SURFACE_STYLE_USAGE ( .BOTH. , #8909 ) ;
#11485 = VECTOR ( 'NONE', #1449, 1000.000000000000000 ) ;
#11486 = ORIENTED_EDGE ( 'NONE', *, *, #8602, .T. ) ;
#11487 =( LENGTH_UNIT ( ) NAMED_UNIT ( * ) SI_UNIT ( .MILLI., .METRE. ) );
#11488 = MECHANICAL_DESIGN_GEOMETRIC_PRESENTATION_REPRESENTATION (  '', ( #7661 ), #3781 ) ;
#11489 = EDGE_LOOP ( 'NONE', ( #3756, #7892, #7339, #9799 ) ) ;
#11490 = ORIENTED_EDGE ( 'NONE', *, *, #10604, .F. ) ;
#11491 = EDGE_CURVE ( 'NONE', #254, #7771, #10820, .T. ) ;
#11492 = VECTOR ( 'NONE', #2032, 1000.000000000000000 ) ;
#11493 = LINE ( 'NONE', #3247, #2602 ) ;
#11494 =( GEOMETRIC_REPRESENTATION_CONTEXT ( 3 ) GLOBAL_UNCERTAINTY_ASSIGNED_CONTEXT ( ( #5290 ) ) GLOBAL_UNIT_ASSIGNED_CONTEXT ( ( #8761, #5262, #9776 ) ) REPRESENTATION_CONTEXT ( 'NONE', 'WORKASPACE' ) );
#11495 = CARTESIAN_POINT ( 'NONE',  ( -0.3073167037677345115, 0.9810000000000003162, 0.2136445295764712038 ) ) ;
#11496 =( NAMED_UNIT ( * ) SI_UNIT ( $, .STERADIAN. ) SOLID_ANGLE_UNIT ( ) );
#11497 = DIRECTION ( 'NONE',  ( 0.007092178509970712558, 0.0000000000000000000, -0.9999748501857348426 ) ) ;
#11498 = ORIENTED_EDGE ( 'NONE', *, *, #3020, .F. ) ;
#11499 = VECTOR ( 'NONE', #7312, 1000.000000000000000 ) ;
#11500 = CARTESIAN_POINT ( 'NONE',  ( -0.07175893125868469669, 0.9810000000000003162, 0.2382164334341081158 ) ) ;
#11501 = PLANE ( 'NONE',  #7833 ) ;
#11502 = PLANE ( 'NONE',  #685 ) ;
#11503 = FILL_AREA_STYLE_COLOUR ( '', #11548 ) ;
#11504 = LINE ( 'NONE', #5080, #4727 ) ;
#11505 = DIRECTION ( 'NONE',  ( 0.0000000000000000000, 0.0000000000000000000, 1.000000000000000000 ) ) ;
#11506 = CARTESIAN_POINT ( 'NONE',  ( -0.3817097946182765877, -1.034353464437637760, 0.5500000000000000444 ) ) ;
#11507 = VECTOR ( 'NONE', #957, 1000.000000000000114 ) ;
#11508 = EDGE_CURVE ( 'NONE', #2415, #1546, #9078, .T. ) ;
#11509 = COLOUR_RGB ( '',0.2235294117647058654, 0.2235294117647058654, 0.2235294117647058654 ) ;
#11510 = DIRECTION ( 'NONE',  ( -1.000000000000000000, 0.0000000000000000000, 0.0000000000000000000 ) ) ;
#11511 = DIRECTION ( 'NONE',  ( 1.000000000000000000, 0.0000000000000000000, -0.0000000000000000000 ) ) ;
#11512 =( LENGTH_UNIT ( ) NAMED_UNIT ( * ) SI_UNIT ( .MILLI., .METRE. ) );
#11513 =( NAMED_UNIT ( * ) PLANE_ANGLE_UNIT ( ) SI_UNIT ( $, .RADIAN. ) );
#11514 = LINE ( 'NONE', #4292, #9200 ) ;
#11515 = VECTOR ( 'NONE', #3731, 1000.000000000000000 ) ;
#11516 = ORIENTED_EDGE ( 'NONE', *, *, #8677, .F. ) ;
#11517 = VERTEX_POINT ( 'NONE', #6190 ) ;
#11518 = UNCERTAINTY_MEASURE_WITH_UNIT (LENGTH_MEASURE( 1.000000000000000082E-05 ), #5842, 'distance_accuracy_value', 'NONE');
#11519 =( NAMED_UNIT ( * ) SI_UNIT ( $, .STERADIAN. ) SOLID_ANGLE_UNIT ( ) );
#11520 = SURFACE_STYLE_FILL_AREA ( #10736 ) ;
#11521 = EDGE_CURVE ( 'NONE', #6905, #6210, #6130, .T. ) ;
#11522 = EDGE_CURVE ( 'NONE', #11561, #5887, #5229, .T. ) ;
#11523 = CARTESIAN_POINT ( 'NONE',  ( -0.5799999999999994049, 1.000000000000000444, 0.5300000000000001377 ) ) ;
#11524 = FILL_AREA_STYLE ('',( #9672 ) ) ;
#11525 = ORIENTED_EDGE ( 'NONE', *, *, #5179, .T. ) ;
#11526 = PRESENTATION_STYLE_ASSIGNMENT (( #380 ) ) ;
#11527 = ORIENTED_EDGE ( 'NONE', *, *, #803, .T. ) ;
#11528 = CARTESIAN_POINT ( 'NONE',  ( -0.1143966075969112400, 0.9800000000000004263, 0.2977795994568313565 ) ) ;
#11529 = EDGE_CURVE ( 'NONE', #6629, #10807, #6978, .T. ) ;
#11530 = VERTEX_POINT ( 'NONE', #624 ) ;
#11531 = UNCERTAINTY_MEASURE_WITH_UNIT (LENGTH_MEASURE( 1.000000000000000082E-05 ), #8734, 'distance_accuracy_value', 'NONE');
#11532 = COLOUR_RGB ( '',0.2235294117647058654, 0.2235294117647058654, 0.2235294117647058654 ) ;
#11533 = VECTOR ( 'NONE', #4729, 1000.000000000000114 ) ;
#11534 = PRESENTATION_LAYER_ASSIGNMENT (  '', '', ( #559 ) ) ;
#11535 = DIRECTION ( 'NONE',  ( 0.9693831581461865854, 0.0000000000000000000, -0.2455530343989368314 ) ) ;
#11536 = CARTESIAN_POINT ( 'NONE',  ( -0.2955644245606628973, 0.9800000000000004263, 0.2645733217960050676 ) ) ;
#11537 = VECTOR ( 'NONE', #8528, 1000.000000000000000 ) ;
#11538 = EDGE_CURVE ( 'NONE', #4003, #10045, #11229, .T. ) ;
#11539 = PRESENTATION_LAYER_ASSIGNMENT (  '', '', ( #3839 ) ) ;
#11540 = DIRECTION ( 'NONE',  ( 0.0000000000000000000, -1.000000000000000000, 0.0000000000000000000 ) ) ;
#11541 = CARTESIAN_POINT ( 'NONE',  ( -0.09669995412308492189, 0.9810000000000003162, 0.2142804768750715683 ) ) ;
#11542 = ORIENTED_EDGE ( 'NONE', *, *, #4590, .F. ) ;
#11543 = EDGE_LOOP ( 'NONE', ( #6362, #3916, #6088, #4127 ) ) ;
#11544 = AXIS2_PLACEMENT_3D ( 'NONE', #8550, #11315, #7774 ) ;
#11545 = DIRECTION ( 'NONE',  ( 0.9999748501857348426, -0.0000000000000000000, 0.007092178509964802355 ) ) ;
#11546 = ORIENTED_EDGE ( 'NONE', *, *, #9845, .T. ) ;
#11547 = LINE ( 'NONE', #4439, #5740 ) ;
#11548 = COLOUR_RGB ( '',0.2235294117647058654, 0.2235294117647058654, 0.2235294117647058654 ) ;
#11549 = AXIS2_PLACEMENT_3D ( 'NONE', #2656, #8939, #2547 ) ;
#11550 = VECTOR ( 'NONE', #10470, 1000.000000000000000 ) ;
#11551 = UNCERTAINTY_MEASURE_WITH_UNIT (LENGTH_MEASURE( 1.000000000000000082E-05 ), #2802, 'distance_accuracy_value', 'NONE');
#11552 = ORIENTED_EDGE ( 'NONE', *, *, #1533, .T. ) ;
#11553 = ORIENTED_EDGE ( 'NONE', *, *, #547, .T. ) ;
#11554 =( GEOMETRIC_REPRESENTATION_CONTEXT ( 3 ) GLOBAL_UNCERTAINTY_ASSIGNED_CONTEXT ( ( #2360 ) ) GLOBAL_UNIT_ASSIGNED_CONTEXT ( ( #6255, #10937, #10998 ) ) REPRESENTATION_CONTEXT ( 'NONE', 'WORKASPACE' ) );
#11555 = LINE ( 'NONE', #5243, #4354 ) ;
#11556 = CARTESIAN_POINT ( 'NONE',  ( -0.1411336527627564119, 0.9800000000000004263, 0.2503577795607858092 ) ) ;
#11557 = PRESENTATION_LAYER_ASSIGNMENT (  '', '', ( #785 ) ) ;
#11558 =( NAMED_UNIT ( * ) PLANE_ANGLE_UNIT ( ) SI_UNIT ( $, .RADIAN. ) );
#11559 = EDGE_CURVE ( 'NONE', #11044, #3897, #6203, .T. ) ;
#11560 = SURFACE_SIDE_STYLE ('',( #5247 ) ) ;
#11561 = VERTEX_POINT ( 'NONE', #1477 ) ;
#11562 = CARTESIAN_POINT ( 'NONE',  ( -0.2909312565452122357, 0.9810000000000003162, 0.2545462710318336930 ) ) ;
#11563 = VECTOR ( 'NONE', #8628, 1000.000000000000000 ) ;
#11564 =( NAMED_UNIT ( * ) SI_UNIT ( $, .STERADIAN. ) SOLID_ANGLE_UNIT ( ) );
#11565 =( NAMED_UNIT ( * ) SI_UNIT ( $, .STERADIAN. ) SOLID_ANGLE_UNIT ( ) );
#11566 =( LENGTH_UNIT ( ) NAMED_UNIT ( * ) SI_UNIT ( .MILLI., .METRE. ) );
#11567 = LINE ( 'NONE', #525, #4143 ) ;
#11568 = FACE_OUTER_BOUND ( 'NONE', #5771, .T. ) ;
#11569 = CARTESIAN_POINT ( 'NONE',  ( -0.1961842349277509723, 0.9810000000000003162, 0.3209845929408485232 ) ) ;
#11570 = ORIENTED_EDGE ( 'NONE', *, *, #6811, .T. ) ;
#11571 = EDGE_CURVE ( 'NONE', #6478, #3865, #11650, .T. ) ;
#11572 = FILL_AREA_STYLE_COLOUR ( '', #5816 ) ;
#11573 = MECHANICAL_DESIGN_GEOMETRIC_PRESENTATION_REPRESENTATION (  '', ( #5054 ), #6797 ) ;
#11574 = B_SPLINE_CURVE_WITH_KNOTS ( 'NONE', 3,
 ( #5906, #6817, #10476, #6693 ),
 .UNSPECIFIED., .F., .F.,
 ( 4, 4 ),
 ( 0.0000000000000000000, 1.000000000000000000 ),
 .UNSPECIFIED. ) ;
#11575 =( NAMED_UNIT ( * ) SI_UNIT ( $, .STERADIAN. ) SOLID_ANGLE_UNIT ( ) );
#11576 = CARTESIAN_POINT ( 'NONE',  ( -0.5999999999999994227, 0.9999999999999995559, 0.5300000000000000266 ) ) ;
#11577 = DIRECTION ( 'NONE',  ( -0.0000000000000000000, -1.000000000000000000, -0.0000000000000000000 ) ) ;
#11578 = ORIENTED_EDGE ( 'NONE', *, *, #7101, .F. ) ;
#11579 = ORIENTED_EDGE ( 'NONE', *, *, #6132, .F. ) ;
#11580 = SURFACE_SIDE_STYLE ('',( #8527 ) ) ;
#11581 = LINE ( 'NONE', #6170, #9432 ) ;
#11582 = CARTESIAN_POINT ( 'NONE',  ( -0.1209048728947629270, 0.9810000000000003162, 0.2148366557994072223 ) ) ;
#11583 = AXIS2_PLACEMENT_3D ( 'NONE', #1084, #7367, #7474 ) ;
#11584 = CARTESIAN_POINT ( 'NONE',  ( 0.5800000000000001821, 0.0000000000000000000, 0.5300000000000000266 ) ) ;
#11585 = SURFACE_STYLE_USAGE ( .BOTH. , #8118 ) ;
#11586 = ORIENTED_EDGE ( 'NONE', *, *, #1701, .F. ) ;
#11587 = DIRECTION ( 'NONE',  ( -0.9999748501857348426, -0.0000000000000000000, -0.007092178509963312227 ) ) ;
#11588 = UNCERTAINTY_MEASURE_WITH_UNIT (LENGTH_MEASURE( 1.000000000000000082E-05 ), #9191, 'distance_accuracy_value', 'NONE');
#11589 = FILL_AREA_STYLE ('',( #7873 ) ) ;
#11590 = SURFACE_STYLE_USAGE ( .BOTH. , #4185 ) ;
#11591 = PRESENTATION_LAYER_ASSIGNMENT (  '', '', ( #35 ) ) ;
#11592 = EDGE_CURVE ( 'NONE', #8410, #2056, #2437, .T. ) ;
#11593 = ORIENTED_EDGE ( 'NONE', *, *, #9254, .T. ) ;
#11594 = CARTESIAN_POINT ( 'NONE',  ( -0.1224614342200521788, 0.9800000000000004263, 0.2492164741168255149 ) ) ;
#11595 = FACE_OUTER_BOUND ( 'NONE', #7830, .T. ) ;
#11596 = CARTESIAN_POINT ( 'NONE',  ( -0.2142054138241698269, 0.9810000000000003162, 0.2651503489356676901 ) ) ;
#11597 = CARTESIAN_POINT ( 'NONE',  ( 0.1549441181133584255, 0.9800000000000004263, 0.2145776506308751386 ) ) ;
#11598 = CARTESIAN_POINT ( 'NONE',  ( 0.01684555845657268944, 0.9810000000000003162, 0.2660165733965533796 ) ) ;
#11599 = VERTEX_POINT ( 'NONE', #11713 ) ;
#11600 = ORIENTED_EDGE ( 'NONE', *, *, #2670, .F. ) ;
#11601 = CARTESIAN_POINT ( 'NONE',  ( 0.2250111927590992544, 0.9810000000000003162, 0.2747230760545777972 ) ) ;
#11602 = ORIENTED_EDGE ( 'NONE', *, *, #10428, .F. ) ;
#11603 = CARTESIAN_POINT ( 'NONE',  ( 0.07279154650397577642, 0.9810000000000003162, 0.2273707295474767243 ) ) ;
#11604 = ADVANCED_FACE ( 'NONE', ( #8949 ), #565, .F. ) ;
#11605 = ADVANCED_FACE ( 'NONE', ( #7379 ), #852, .T. ) ;
#11606 = VERTEX_POINT ( 'NONE', #2845 ) ;
#11607 = VERTEX_POINT ( 'NONE', #8361 ) ;
#11608 = CARTESIAN_POINT ( 'NONE',  ( 0.01695067425750637624, 0.9800000000000004263, 0.2511955762737171360 ) ) ;
#11609 = CARTESIAN_POINT ( 'NONE',  ( -0.1027234132343150808, 0.9800000000000004263, 0.3415333207181004971 ) ) ;
#11610 = STYLED_ITEM ( 'NONE', ( #10834 ), #1260 ) ;
#11611 = DIRECTION ( 'NONE',  ( 0.007092178509964274999, -0.0000000000000000000, -0.9999748501857348426 ) ) ;
#11612 = CARTESIAN_POINT ( 'NONE',  ( -0.1406043819388396454, 0.9810000000000003162, 0.2307096144780721170 ) ) ;
#11613 = VERTEX_POINT ( 'NONE', #983 ) ;
#11614 = EDGE_CURVE ( 'NONE', #7560, #6301, #8419, .T. ) ;
#11615 = CARTESIAN_POINT ( 'NONE',  ( -0.2391311463533324078, 0.9810000000000003162, 0.3086964867495653464 ) ) ;
#11616 = CARTESIAN_POINT ( 'NONE',  ( -0.2760727641810146182, 0.9810000000000003162, 0.2138661227464017933 ) ) ;
#11617 = PRESENTATION_STYLE_ASSIGNMENT (( #8031 ) ) ;
#11618 = CARTESIAN_POINT ( 'NONE',  ( -0.1471323806271166434, 0.9810000000000003162, 0.1981960580990772547 ) ) ;
#11619 = EDGE_CURVE ( 'NONE', #1756, #1811, #8242, .T. ) ;
#11620 = CARTESIAN_POINT ( 'NONE',  ( -0.09860253519461897875, 0.9810000000000003162, 0.2204796928894592334 ) ) ;
#11621 = DIRECTION ( 'NONE',  ( -1.000000000000000000, -0.0000000000000000000, -0.0000000000000000000 ) ) ;
#11622 = CARTESIAN_POINT ( 'NONE',  ( -0.1945389971430924458, 0.9810000000000003162, 0.2594410448062806629 ) ) ;
#11623 =( NAMED_UNIT ( * ) PLANE_ANGLE_UNIT ( ) SI_UNIT ( $, .RADIAN. ) );
#11624 = CARTESIAN_POINT ( 'NONE',  ( -0.2246060417348193505, 0.9800000000000004263, 0.2142311431095073326 ) ) ;
#11625 = CARTESIAN_POINT ( 'NONE',  ( -0.1353248883515932033, 0.9810000000000003162, 0.2468377169628530876 ) ) ;
#11626 = SURFACE_SIDE_STYLE ('',( #11755 ) ) ;
#11627 = ORIENTED_EDGE ( 'NONE', *, *, #5886, .F. ) ;
#11628 = EDGE_LOOP ( 'NONE', ( #5063, #5303, #1774, #11570 ) ) ;
#11629 = UNCERTAINTY_MEASURE_WITH_UNIT (LENGTH_MEASURE( 1.000000000000000082E-05 ), #3785, 'distance_accuracy_value', 'NONE');
#11630 = CARTESIAN_POINT ( 'NONE',  ( -0.08397118691812412161, 0.9800000000000004263, 0.3401066420994613426 ) ) ;
#11631 = CARTESIAN_POINT ( 'NONE',  ( -0.08403495647966546800, 0.9810000000000003162, 0.2428083957821410011 ) ) ;
#11632 = ADVANCED_FACE ( 'NONE', ( #9074 ), #11820, .F. ) ;
#11633 = CARTESIAN_POINT ( 'NONE',  ( -0.2391694832240683077, 0.9800000000000004263, 0.2591245094712030239 ) ) ;
#11634 = PLANE ( 'NONE',  #9844 ) ;
#11635 = CARTESIAN_POINT ( 'NONE',  ( -0.07423695592823374712, 0.9810000000000003162, 0.2210944105017747796 ) ) ;
#11636 = ORIENTED_EDGE ( 'NONE', *, *, #462, .F. ) ;
#11637 = CARTESIAN_POINT ( 'NONE',  ( -0.1183484094890636107, 0.9800000000000004263, 0.2447225844659209337 ) ) ;
#11638 = SURFACE_STYLE_FILL_AREA ( #5155 ) ;
#11639 = PRESENTATION_LAYER_ASSIGNMENT (  '', '', ( #4526 ) ) ;
#11640 = DIRECTION ( 'NONE',  ( 0.0000000000000000000, -1.000000000000000000, 0.0000000000000000000 ) ) ;
#11641 =( NAMED_UNIT ( * ) PLANE_ANGLE_UNIT ( ) SI_UNIT ( $, .RADIAN. ) );
#11642 = ORIENTED_EDGE ( 'NONE', *, *, #9431, .T. ) ;
#11643 = UNCERTAINTY_MEASURE_WITH_UNIT (LENGTH_MEASURE( 1.000000000000000082E-05 ), #367, 'distance_accuracy_value', 'NONE');
#11644 = CARTESIAN_POINT ( 'NONE',  ( -0.2927117971955626730, 0.9800000000000004263, 0.2545336428020995578 ) ) ;
#11645 = DIRECTION ( 'NONE',  ( 0.3427414958247868015, 0.0000000000000000000, 0.9394297563095324044 ) ) ;
#11646 = CARTESIAN_POINT ( 'NONE',  ( -0.1471725697378032105, 0.9810000000000003162, 0.2038625962271659597 ) ) ;
#11647 =( GEOMETRIC_REPRESENTATION_CONTEXT ( 3 ) GLOBAL_UNCERTAINTY_ASSIGNED_CONTEXT ( ( #2634 ) ) GLOBAL_UNIT_ASSIGNED_CONTEXT ( ( #6682, #11181, #10466 ) ) REPRESENTATION_CONTEXT ( 'NONE', 'WORKASPACE' ) );
#11648 = STYLED_ITEM ( 'NONE', ( #1262 ), #8783 ) ;
#11649 = SURFACE_SIDE_STYLE ('',( #10819 ) ) ;
#11650 = LINE ( 'NONE', #1592, #7553 ) ;
#11651 = EDGE_CURVE ( 'NONE', #6137, #5965, #1043, .T. ) ;
#11652 = CARTESIAN_POINT ( 'NONE',  ( -0.1029712521515706164, 0.9810000000000003162, 0.2207086544064105205 ) ) ;
#11653 = ORIENTED_EDGE ( 'NONE', *, *, #10295, .T. ) ;
#11654 = ORIENTED_EDGE ( 'NONE', *, *, #9513, .F. ) ;
#11655 = CARTESIAN_POINT ( 'NONE',  ( -0.08741998171941695039, 0.9800000000000004263, 0.2289552598882352019 ) ) ;
#11656 = LINE ( 'NONE', #4265, #9050 ) ;
#11657 = ORIENTED_EDGE ( 'NONE', *, *, #6266, .T. ) ;
#11658 =( GEOMETRIC_REPRESENTATION_CONTEXT ( 3 ) GLOBAL_UNCERTAINTY_ASSIGNED_CONTEXT ( ( #6363 ) ) GLOBAL_UNIT_ASSIGNED_CONTEXT ( ( #1614, #4462, #7916 ) ) REPRESENTATION_CONTEXT ( 'NONE', 'WORKASPACE' ) );
#11659 = PRESENTATION_STYLE_ASSIGNMENT (( #7104 ) ) ;
#11660 = MECHANICAL_DESIGN_GEOMETRIC_PRESENTATION_REPRESENTATION (  '', ( #2798 ), #9362 ) ;
#11661 = MECHANICAL_DESIGN_GEOMETRIC_PRESENTATION_REPRESENTATION (  '', ( #4949 ), #7622 ) ;
#11662 = VERTEX_POINT ( 'NONE', #14 ) ;
#11663 = VERTEX_POINT ( 'NONE', #6486 ) ;
#11664 = CARTESIAN_POINT ( 'NONE',  ( 0.02824395665767102243, 0.9800000000000004263, 0.2389844735709412971 ) ) ;
#11665 = CARTESIAN_POINT ( 'NONE',  ( -0.1279438937094599937, 0.9810000000000003162, 0.2140588837051433935 ) ) ;
#11666 = FILL_AREA_STYLE_COLOUR ( '', #9945 ) ;
#11667 =( LENGTH_UNIT ( ) NAMED_UNIT ( * ) SI_UNIT ( .MILLI., .METRE. ) );
#11668 = EDGE_CURVE ( 'NONE', #6207, #7546, #10162, .T. ) ;
#11669 = CARTESIAN_POINT ( 'NONE',  ( -0.07648797249033079115, 0.9810000000000003162, 0.3204038184596204597 ) ) ;
#11670 = PRESENTATION_LAYER_ASSIGNMENT (  '', '', ( #7846 ) ) ;
#11671 = CARTESIAN_POINT ( 'NONE',  ( -0.1022564371421887941, 0.9800000000000004263, 0.2243789629646361639 ) ) ;
#11672 = B_SPLINE_CURVE_WITH_KNOTS ( 'NONE', 3,
 ( #8576, #4840, #8515, #3918 ),
 .UNSPECIFIED., .F., .F.,
 ( 4, 4 ),
 ( 9.000000000000000000, 10.00000000000000000 ),
 .UNSPECIFIED. ) ;
#11673 = DIRECTION ( 'NONE',  ( 0.0000000000000000000, -1.000000000000000000, 0.0000000000000000000 ) ) ;
#11674 = CARTESIAN_POINT ( 'NONE',  ( -0.1248929121863773528, 0.9810000000000003162, 0.2420247191473610393 ) ) ;
#11675 = ORIENTED_EDGE ( 'NONE', *, *, #9254, .F. ) ;
#11676 = CARTESIAN_POINT ( 'NONE',  ( -0.1945389971430924458, 0.9800000000000004263, 0.2594410448062807184 ) ) ;
#11677 = EDGE_CURVE ( 'NONE', #3980, #2318, #713, .T. ) ;
#11678 = COLOUR_RGB ( '',0.2235294117647058654, 0.2235294117647058654, 0.2235294117647058654 ) ;
#11679 = AXIS2_PLACEMENT_3D ( 'NONE', #10546, #3937, #11300 ) ;
#11680 = CARTESIAN_POINT ( 'NONE',  ( -0.07648797249033079115, 0.9800000000000004263, 0.3204038184596204597 ) ) ;
#11681 = SURFACE_SIDE_STYLE ('',( #4513 ) ) ;
#11682 = SURFACE_STYLE_USAGE ( .BOTH. , #5192 ) ;
#11683 = EDGE_CURVE ( 'NONE', #348, #3351, #1874, .T. ) ;
#11684 = PRESENTATION_LAYER_ASSIGNMENT (  '', '', ( #322 ) ) ;
#11685 = LINE ( 'NONE', #529, #185 ) ;
#11686 = PRESENTATION_LAYER_ASSIGNMENT (  '', '', ( #4578 ) ) ;
#11687 = CARTESIAN_POINT ( 'NONE',  ( 0.09802132204498795187, 0.9810000000000003162, 0.3399779926670717933 ) ) ;
#11688 = CARTESIAN_POINT ( 'NONE',  ( -0.1519441059519627546, 0.9810000000000003162, 0.3012045326352056351 ) ) ;
#11689 = EDGE_CURVE ( 'NONE', #2163, #11377, #9220, .T. ) ;
#11690 = CARTESIAN_POINT ( 'NONE',  ( -0.1819533640655223161, 0.9800000000000004263, 0.3009916962669175744 ) ) ;
#11691 = FILL_AREA_STYLE_COLOUR ( '', #4013 ) ;
#11692 = CARTESIAN_POINT ( 'NONE',  ( 0.02929765163022962984, 0.9810000000000003162, 0.2943023443141733475 ) ) ;
#11693 = VERTEX_POINT ( 'NONE', #5456 ) ;
#11694 = CARTESIAN_POINT ( 'NONE',  ( -0.08403495647966544024, 0.9800000000000004263, 0.2428083957821409733 ) ) ;
#11695 = CARTESIAN_POINT ( 'NONE',  ( -0.1213867636525516047, 0.9800000000000004263, 0.2204740666201408517 ) ) ;
#11696 = AXIS2_PLACEMENT_3D ( 'NONE', #252, #5892, #11418 ) ;
#11697 = LINE ( 'NONE', #1519, #9459 ) ;
#11698 = CARTESIAN_POINT ( 'NONE',  ( -0.2583828538324782764, 0.9810000000000003162, 0.2211141067604965316 ) ) ;
#11699 = ORIENTED_EDGE ( 'NONE', *, *, #7385, .T. ) ;
#11700 = SURFACE_STYLE_USAGE ( .BOTH. , #7021 ) ;
#11701 =( GEOMETRIC_REPRESENTATION_CONTEXT ( 3 ) GLOBAL_UNCERTAINTY_ASSIGNED_CONTEXT ( ( #2426 ) ) GLOBAL_UNIT_ASSIGNED_CONTEXT ( ( #2188, #11404, #8468 ) ) REPRESENTATION_CONTEXT ( 'NONE', 'WORKASPACE' ) );
#11702 = B_SPLINE_CURVE_WITH_KNOTS ( 'NONE', 3,
 ( #10133, #11804, #11920, #10018 ),
 .UNSPECIFIED., .F., .F.,
 ( 4, 4 ),
 ( 23.00000000000000000, 24.00000000000000000 ),
 .UNSPECIFIED. ) ;
#11703 = EDGE_CURVE ( 'NONE', #11613, #7577, #10995, .T. ) ;
#11704 = UNCERTAINTY_MEASURE_WITH_UNIT (LENGTH_MEASURE( 1.000000000000000082E-05 ), #2749, 'distance_accuracy_value', 'NONE');
#11705 = CARTESIAN_POINT ( 'NONE',  ( -0.2592827593950957632, 0.9800000000000004263, 0.2398758267129963151 ) ) ;
#11706 = COLOUR_RGB ( '',0.2235294117647058654, 0.2235294117647058654, 0.2235294117647058654 ) ;
#11707 = PLANE ( 'NONE',  #276 ) ;
#11708 = ORIENTED_EDGE ( 'NONE', *, *, #2855, .T. ) ;
#11709 = DIRECTION ( 'NONE',  ( -0.0000000000000000000, -1.000000000000000000, -0.0000000000000000000 ) ) ;
#11710 = PRESENTATION_LAYER_ASSIGNMENT (  '', '', ( #8460 ) ) ;
#11711 = DIRECTION ( 'NONE',  ( -0.0000000000000000000, -1.000000000000000000, -0.0000000000000000000 ) ) ;
#11712 = SURFACE_STYLE_FILL_AREA ( #5342 ) ;
#11713 = CARTESIAN_POINT ( 'NONE',  ( -0.07423503210791476681, 0.9810000000000003162, 0.2959588769480394621 ) ) ;
#11714 = LINE ( 'NONE', #8843, #1549 ) ;
#11715 = VERTEX_POINT ( 'NONE', #9490 ) ;
#11716 = VERTEX_POINT ( 'NONE', #1168 ) ;
#11717 = ADVANCED_FACE ( 'NONE', ( #3878 ), #5916, .F. ) ;
#11718 = FILL_AREA_STYLE_COLOUR ( '', #3843 ) ;
#11719 = COLOUR_RGB ( '',0.2235294117647058654, 0.2235294117647058654, 0.2235294117647058654 ) ;
#11720 = ORIENTED_EDGE ( 'NONE', *, *, #1950, .F. ) ;
#11721 = VECTOR ( 'NONE', #3734, 1000.000000000000000 ) ;
#11722 =( LENGTH_UNIT ( ) NAMED_UNIT ( * ) SI_UNIT ( .MILLI., .METRE. ) );
#11723 = ORIENTED_EDGE ( 'NONE', *, *, #6092, .F. ) ;
#11724 =( GEOMETRIC_REPRESENTATION_CONTEXT ( 3 ) GLOBAL_UNCERTAINTY_ASSIGNED_CONTEXT ( ( #555 ) ) GLOBAL_UNIT_ASSIGNED_CONTEXT ( ( #10399, #7690, #7806 ) ) REPRESENTATION_CONTEXT ( 'NONE', 'WORKASPACE' ) );
#11725 = ORIENTED_EDGE ( 'NONE', *, *, #415, .T. ) ;
#11726 = CARTESIAN_POINT ( 'NONE',  ( 0.1330984642040341226, 0.9800000000000004263, 0.2364745806825882812 ) ) ;
#11727 = B_SPLINE_CURVE_WITH_KNOTS ( 'NONE', 3,
 ( #756, #11608, #11664, #9695 ),
 .UNSPECIFIED., .F., .F.,
 ( 4, 4 ),
 ( 24.00000000000000000, 25.00000000000000000 ),
 .UNSPECIFIED. ) ;
#11728 = DIRECTION ( 'NONE',  ( 0.007092178509966642896, -0.0000000000000000000, -0.9999748501857348426 ) ) ;
#11729 = MECHANICAL_DESIGN_GEOMETRIC_PRESENTATION_REPRESENTATION (  '', ( #5019 ), #4427 ) ;
#11730 = COLOUR_RGB ( '',0.2235294117647058654, 0.2235294117647058654, 0.2235294117647058654 ) ;
#11731 = CARTESIAN_POINT ( 'NONE',  ( 0.1141344337110899720, 0.9800000000000004263, 0.3617826256724412382 ) ) ;
#11732 = PRESENTATION_STYLE_ASSIGNMENT (( #7963 ) ) ;
#11733 = ORIENTED_EDGE ( 'NONE', *, *, #5695, .T. ) ;
#11734 = CARTESIAN_POINT ( 'NONE',  ( -0.1031837160412458904, 0.9800000000000004263, 0.2268418735301109546 ) ) ;
#11735 =( GEOMETRIC_REPRESENTATION_CONTEXT ( 3 ) GLOBAL_UNCERTAINTY_ASSIGNED_CONTEXT ( ( #1416 ) ) GLOBAL_UNIT_ASSIGNED_CONTEXT ( ( #4351, #5489, #6349 ) ) REPRESENTATION_CONTEXT ( 'NONE', 'WORKASPACE' ) );
#11736 = LINE ( 'NONE', #5360, #4844 ) ;
#11737 = ORIENTED_EDGE ( 'NONE', *, *, #7507, .F. ) ;
#11738 = VECTOR ( 'NONE', #11416, 1000.000000000000000 ) ;
#11739 = CARTESIAN_POINT ( 'NONE',  ( 0.1357852520302346155, 0.9810000000000003162, 0.2654141277823162670 ) ) ;
#11740 = EDGE_CURVE ( 'NONE', #4811, #3364, #6671, .T. ) ;
#11741 = CARTESIAN_POINT ( 'NONE',  ( -0.2499999999999994171, -1.000000000000000444, 0.01999999999999999695 ) ) ;
#11742 = CARTESIAN_POINT ( 'NONE',  ( -0.2514703083717731436, 0.9810000000000003162, 0.2947018611167986912 ) ) ;
#11743 =( NAMED_UNIT ( * ) PLANE_ANGLE_UNIT ( ) SI_UNIT ( $, .RADIAN. ) );
#11744 = CARTESIAN_POINT ( 'NONE',  ( -0.08764267869100149377, 0.9810000000000003162, 0.2456942039155791124 ) ) ;
#11745 = B_SPLINE_SURFACE_WITH_KNOTS ( 'NONE', 3, 1, ( 
 ( #10210, #8643 ),
 ( #5032, #9530 ),
 ( #9415, #361 ),
 ( #2182, #8464 ) ),
 .UNSPECIFIED., .F., .F., .F.,
 ( 4, 4 ),
 ( 2, 2 ),
 ( 5.000000000000000000, 6.000000000000000000 ),
 ( 0.0000000000000000000, 1.000000000000000000 ),
 .UNSPECIFIED. ) ;
#11746 =( NAMED_UNIT ( * ) PLANE_ANGLE_UNIT ( ) SI_UNIT ( $, .RADIAN. ) );
#11747 = CARTESIAN_POINT ( 'NONE',  ( -0.1471323806271166434, 0.9810000000000003162, 0.1981960580990772547 ) ) ;
#11748 = VECTOR ( 'NONE', #4720, 1000.000000000000000 ) ;
#11749 = CARTESIAN_POINT ( 'NONE',  ( -0.08968388737709657998, 0.9800000000000004263, 0.2311227500013562364 ) ) ;
#11750 = SURFACE_SIDE_STYLE ('',( #10790 ) ) ;
#11751 = CARTESIAN_POINT ( 'NONE',  ( -0.09348784744999619201, 0.9800000000000004263, 0.2195281732170089595 ) ) ;
#11752 = B_SPLINE_CURVE_WITH_KNOTS ( 'NONE', 3,
 ( #9762, #6879, #2457, #3365 ),
 .UNSPECIFIED., .F., .F.,
 ( 4, 4 ),
 ( 0.0000000000000000000, 1.000000000000000000 ),
 .UNSPECIFIED. ) ;
#11753 = AXIS2_PLACEMENT_3D ( 'NONE', #6708, #2039, #1381 ) ;
#11754 =( NAMED_UNIT ( * ) SI_UNIT ( $, .STERADIAN. ) SOLID_ANGLE_UNIT ( ) );
#11755 = SURFACE_STYLE_FILL_AREA ( #1452 ) ;
#11756 = ADVANCED_FACE ( 'NONE', ( #6740 ), #9545, .F. ) ;
#11757 = EDGE_CURVE ( 'NONE', #10424, #688, #6655, .T. ) ;
#11758 = ORIENTED_EDGE ( 'NONE', *, *, #372, .T. ) ;
#11759 = UNCERTAINTY_MEASURE_WITH_UNIT (LENGTH_MEASURE( 1.000000000000000082E-05 ), #9583, 'distance_accuracy_value', 'NONE');
#11760 = SURFACE_SIDE_STYLE ('',( #7410 ) ) ;
#11761 = CARTESIAN_POINT ( 'NONE',  ( -0.1181075522258395322, 0.9800000000000004263, 0.2162602038860722276 ) ) ;
#11762 = CARTESIAN_POINT ( 'NONE',  ( 0.1658271787583907586, 0.9800000000000004263, 0.3111769386675978244 ) ) ;
#11763 = PRESENTATION_LAYER_ASSIGNMENT (  '', '', ( #6397 ) ) ;
#11764 =( NAMED_UNIT ( * ) PLANE_ANGLE_UNIT ( ) SI_UNIT ( $, .RADIAN. ) );
#11765 = VECTOR ( 'NONE', #11411, 1000.000000000000114 ) ;
#11766 = ORIENTED_EDGE ( 'NONE', *, *, #2974, .F. ) ;
#11767 = FILL_AREA_STYLE ('',( #1691 ) ) ;
#11768 = CARTESIAN_POINT ( 'NONE',  ( -0.1471725697378032105, 0.9800000000000004263, 0.2038625962271659875 ) ) ;
#11769 = CARTESIAN_POINT ( 'NONE',  ( 0.1630506780863280325, 0.9800000000000004263, 0.1929448197610338367 ) ) ;
#11770 = EDGE_LOOP ( 'NONE', ( #7623, #21, #5349, #5560 ) ) ;
#11771 = UNCERTAINTY_MEASURE_WITH_UNIT (LENGTH_MEASURE( 1.000000000000000082E-05 ), #11325, 'distance_accuracy_value', 'NONE');
#11772 = PRESENTATION_LAYER_ASSIGNMENT (  '', '', ( #4467 ) ) ;
#11773 =( NAMED_UNIT ( * ) SI_UNIT ( $, .STERADIAN. ) SOLID_ANGLE_UNIT ( ) );
#11774 = ADVANCED_FACE ( 'NONE', ( #10076 ), #11083, .F. ) ;
#11775 = PRESENTATION_STYLE_ASSIGNMENT (( #9797 ) ) ;
#11776 = ORIENTED_EDGE ( 'NONE', *, *, #6986, .T. ) ;
#11777 = PRESENTATION_LAYER_ASSIGNMENT (  '', '', ( #5845 ) ) ;
#11778 = DIRECTION ( 'NONE',  ( 0.0000000000000000000, 1.000000000000000000, 0.0000000000000000000 ) ) ;
#11779 = EDGE_LOOP ( 'NONE', ( #5661, #6410, #4695, #1312 ) ) ;
#11780 = DIRECTION ( 'NONE',  ( -0.9999748501857348426, -0.0000000000000000000, -0.007092178509964442400 ) ) ;
#11781 = ORIENTED_EDGE ( 'NONE', *, *, #10443, .T. ) ;
#11782 = EDGE_LOOP ( 'NONE', ( #1773, #7167, #1744, #3947, #8609, #2955, #3465, #11481, #10938, #1036, #4497, #10929, #4254, #9021, #10577, #2895, #8772, #4558, #8060, #7225, #9483 ) ) ;
#11783 = CARTESIAN_POINT ( 'NONE',  ( -0.1536917246690985839, 0.9810000000000003162, 0.2030885112069311660 ) ) ;
#11784 =( NAMED_UNIT ( * ) PLANE_ANGLE_UNIT ( ) SI_UNIT ( $, .RADIAN. ) );
#11785 = EDGE_CURVE ( 'NONE', #2690, #3301, #10204, .T. ) ;
#11786 = DIRECTION ( 'NONE',  ( -1.000000000000000000, 0.0000000000000000000, 0.0000000000000000000 ) ) ;
#11787 = SURFACE_SIDE_STYLE ('',( #1713 ) ) ;
#11788 = ORIENTED_EDGE ( 'NONE', *, *, #3331, .F. ) ;
#11789 = CARTESIAN_POINT ( 'NONE',  ( -0.1345384498917537586, 0.9810000000000003162, 0.2275812948293549076 ) ) ;
#11790 = SURFACE_STYLE_USAGE ( .BOTH. , #10951 ) ;
#11791 = UNCERTAINTY_MEASURE_WITH_UNIT (LENGTH_MEASURE( 1.000000000000000082E-05 ), #8191, 'distance_accuracy_value', 'NONE');
#11792 = VERTEX_POINT ( 'NONE', #5627 ) ;
#11793 = FILL_AREA_STYLE ('',( #772 ) ) ;
#11794 = LINE ( 'NONE', #2806, #767 ) ;
#11795 = CARTESIAN_POINT ( 'NONE',  ( -0.1183255496279410762, 0.9810000000000003162, 0.2414994159896735326 ) ) ;
#11796 = SURFACE_STYLE_FILL_AREA ( #7126 ) ;
#11797 = CARTESIAN_POINT ( 'NONE',  ( -0.08403495647966544024, 0.9800000000000004263, 0.2428083957821409733 ) ) ;
#11798 = FILL_AREA_STYLE ('',( #1839 ) ) ;
#11799 = EDGE_CURVE ( 'NONE', #8610, #5649, #11362, .T. ) ;
#11800 =( LENGTH_UNIT ( ) NAMED_UNIT ( * ) SI_UNIT ( .MILLI., .METRE. ) );
#11801 =( NAMED_UNIT ( * ) SI_UNIT ( $, .STERADIAN. ) SOLID_ANGLE_UNIT ( ) );
#11802 = CARTESIAN_POINT ( 'NONE',  ( -0.1573411102404881079, 0.9800000000000004263, 0.2081835649905804664 ) ) ;
#11803 = PRESENTATION_STYLE_ASSIGNMENT (( #5317 ) ) ;
#11804 = CARTESIAN_POINT ( 'NONE',  ( 0.02929765163022962984, 0.9800000000000004263, 0.2943023443141733475 ) ) ;
#11805 = ORIENTED_EDGE ( 'NONE', *, *, #2185, .F. ) ;
#11806 = DIRECTION ( 'NONE',  ( 0.9999748501857348426, -0.0000000000000000000, 0.007092178509965098993 ) ) ;
#11807 = SURFACE_STYLE_USAGE ( .BOTH. , #4476 ) ;
#11808 = DIRECTION ( 'NONE',  ( -0.0000000000000000000, -1.000000000000000000, -0.0000000000000000000 ) ) ;
#11809 = EDGE_CURVE ( 'NONE', #1402, #5727, #2709, .T. ) ;
#11810 = ORIENTED_EDGE ( 'NONE', *, *, #11294, .F. ) ;
#11811 =( NAMED_UNIT ( * ) PLANE_ANGLE_UNIT ( ) SI_UNIT ( $, .RADIAN. ) );
#11812 = CARTESIAN_POINT ( 'NONE',  ( -0.1003002224825731981, 0.9810000000000003162, 0.2949161914606361345 ) ) ;
#11813 = LINE ( 'NONE', #1799, #5749 ) ;
#11814 = ORIENTED_EDGE ( 'NONE', *, *, #5029, .T. ) ;
#11815 = FILL_AREA_STYLE_COLOUR ( '', #5580 ) ;
#11816 = EDGE_CURVE ( 'NONE', #10983, #197, #10139, .T. ) ;
#11817 = FILL_AREA_STYLE ('',( #909 ) ) ;
#11818 = FILL_AREA_STYLE_COLOUR ( '', #1845 ) ;
#11819 = CARTESIAN_POINT ( 'NONE',  ( -0.2593277417024690279, 0.9800000000000004263, 0.2462181904892979667 ) ) ;
#11820 = PLANE ( 'NONE',  #2344 ) ;
#11821 = EDGE_LOOP ( 'NONE', ( #4554, #1125, #2324, #1046 ) ) ;
#11822 = DIRECTION ( 'NONE',  ( -1.000000000000000000, 0.0000000000000000000, 0.0000000000000000000 ) ) ;
#11823 = ORIENTED_EDGE ( 'NONE', *, *, #8333, .T. ) ;
#11824 = LINE ( 'NONE', #5410, #6899 ) ;
#11825 = EDGE_CURVE ( 'NONE', #8391, #4233, #5490, .T. ) ;
#11826 = PRESENTATION_LAYER_ASSIGNMENT (  '', '', ( #5897 ) ) ;
#11827 = ORIENTED_EDGE ( 'NONE', *, *, #6350, .F. ) ;
#11828 = PRESENTATION_LAYER_ASSIGNMENT (  '', '', ( #10327 ) ) ;
#11829 = CARTESIAN_POINT ( 'NONE',  ( -0.1573411102404881079, 0.9810000000000003162, 0.2081835649905804664 ) ) ;
#11830 = B_SPLINE_SURFACE_WITH_KNOTS ( 'NONE', 3, 1, ( 
 ( #5172, #9131 ),
 ( #9918, #1810 ),
 ( #1645, #2731 ),
 ( #2618, #6377 ) ),
 .UNSPECIFIED., .F., .F., .F.,
 ( 4, 4 ),
 ( 2, 2 ),
 ( 3.000000000000000000, 4.000000000000000000 ),
 ( 0.0000000000000000000, 1.000000000000000000 ),
 .UNSPECIFIED. ) ;
#11831 = CARTESIAN_POINT ( 'NONE',  ( -0.5799999999999994049, -0.9800000000000004263, 0.01999999999999999695 ) ) ;
#11832 =( NAMED_UNIT ( * ) SI_UNIT ( $, .STERADIAN. ) SOLID_ANGLE_UNIT ( ) );
#11833 = PRESENTATION_STYLE_ASSIGNMENT (( #814 ) ) ;
#11834 = ORIENTED_EDGE ( 'NONE', *, *, #7453, .F. ) ;
#11835 = FILL_AREA_STYLE_COLOUR ( '', #7942 ) ;
#11836 = MECHANICAL_DESIGN_GEOMETRIC_PRESENTATION_REPRESENTATION (  '', ( #8788 ), #11658 ) ;
#11837 = PLANE ( 'NONE',  #6049 ) ;
#11838 = PRESENTATION_LAYER_ASSIGNMENT (  '', '', ( #2422 ) ) ;
#11839 = CARTESIAN_POINT ( 'NONE',  ( -0.1411336527627564397, 0.9810000000000003162, 0.2503577795607858647 ) ) ;
#11840 = ORIENTED_EDGE ( 'NONE', *, *, #682, .T. ) ;
#11841 = ADVANCED_FACE ( 'NONE', ( #6532 ), #3399, .T. ) ;
#11842 = CARTESIAN_POINT ( 'NONE',  ( -0.1181075522258395322, 0.9800000000000004263, 0.2162602038860722276 ) ) ;
#11843 = EDGE_LOOP ( 'NONE', ( #3592, #7421, #4941, #5334 ) ) ;
#11844 = MECHANICAL_DESIGN_GEOMETRIC_PRESENTATION_REPRESENTATION (  '', ( #1283 ), #3013 ) ;
#11845 = DIRECTION ( 'NONE',  ( -0.007092178509962038073, -0.0000000000000000000, 0.9999748501857348426 ) ) ;
#11846 = LINE ( 'NONE', #10117, #8604 ) ;
#11847 = PRESENTATION_LAYER_ASSIGNMENT (  '', '', ( #6688 ) ) ;
#11848 = DIRECTION ( 'NONE',  ( 0.0000000000000000000, 0.0000000000000000000, 1.000000000000000000 ) ) ;
#11849 =( GEOMETRIC_REPRESENTATION_CONTEXT ( 3 ) GLOBAL_UNCERTAINTY_ASSIGNED_CONTEXT ( ( #5536 ) ) GLOBAL_UNIT_ASSIGNED_CONTEXT ( ( #4221, #11743, #8977 ) ) REPRESENTATION_CONTEXT ( 'NONE', 'WORKASPACE' ) );
#11850 = CARTESIAN_POINT ( 'NONE',  ( -0.1391861806903979815, 0.9800000000000004263, 0.2323313381707252934 ) ) ;
#11851 = CARTESIAN_POINT ( 'NONE',  ( -0.08854543622480952336, 0.9810000000000003162, 0.2300390510330524718 ) ) ;
#11852 = VECTOR ( 'NONE', #4291, 1000.000000000000000 ) ;
#11853 = SURFACE_STYLE_FILL_AREA ( #3729 ) ;
#11854 = EDGE_CURVE ( 'NONE', #6494, #9, #964, .T. ) ;
#11855 = VECTOR ( 'NONE', #2987, 1000.000000000000000 ) ;
#11856 = VECTOR ( 'NONE', #3434, 1000.000000000000000 ) ;
#11857 = DIRECTION ( 'NONE',  ( -0.0000000000000000000, -1.000000000000000000, -0.0000000000000000000 ) ) ;
#11858 = CARTESIAN_POINT ( 'NONE',  ( 0.2023374446442637586, 0.9800000000000004263, 0.2604635514166620536 ) ) ;
#11859 = EDGE_LOOP ( 'NONE', ( #8486, #9377, #788, #3524 ) ) ;
#11860 = STYLED_ITEM ( 'NONE', ( #5555 ), #104 ) ;
#11861 = DIRECTION ( 'NONE',  ( 0.3492990577959527720, -0.0000000000000000000, 0.9370112956751692757 ) ) ;
#11862 = LINE ( 'NONE', #49, #2108 ) ;
#11863 = FACE_OUTER_BOUND ( 'NONE', #7687, .T. ) ;
#11864 = EDGE_CURVE ( 'NONE', #7164, #8933, #2954, .T. ) ;
#11865 = SURFACE_STYLE_FILL_AREA ( #2956 ) ;
#11866 = VECTOR ( 'NONE', #7592, 1000.000000000000114 ) ;
#11867 = SURFACE_STYLE_FILL_AREA ( #11032 ) ;
#11868 = FACE_OUTER_BOUND ( 'NONE', #10246, .T. ) ;
#11869 = ORIENTED_EDGE ( 'NONE', *, *, #953, .T. ) ;
#11870 = LINE ( 'NONE', #7310, #1482 ) ;
#11871 = DIRECTION ( 'NONE',  ( -0.9999748501857348426, -0.0000000000000000000, -0.007092178509964442400 ) ) ;
#11872 = EDGE_CURVE ( 'NONE', #4783, #5427, #4716, .T. ) ;
#11873 =( NAMED_UNIT ( * ) SI_UNIT ( $, .STERADIAN. ) SOLID_ANGLE_UNIT ( ) );
#11874 = EDGE_LOOP ( 'NONE', ( #9784, #209, #5830, #4115 ) ) ;
#11875 = EDGE_LOOP ( 'NONE', ( #6012, #6920, #914, #10997 ) ) ;
#11876 = UNCERTAINTY_MEASURE_WITH_UNIT (LENGTH_MEASURE( 1.000000000000000082E-05 ), #9886, 'distance_accuracy_value', 'NONE');
#11877 = CARTESIAN_POINT ( 'NONE',  ( 0.5800000000000001821, 0.9999999999999995559, 0.0000000000000000000 ) ) ;
#11878 = EDGE_CURVE ( 'NONE', #8912, #936, #567, .T. ) ;
#11879 = SURFACE_SIDE_STYLE ('',( #1588 ) ) ;
#11880 = DIRECTION ( 'NONE',  ( 0.9999748501857348426, 0.0000000000000000000, 0.007092178509963911574 ) ) ;
#11881 = MECHANICAL_DESIGN_GEOMETRIC_PRESENTATION_REPRESENTATION (  '', ( #4599 ), #10743 ) ;
#11882 = ORIENTED_EDGE ( 'NONE', *, *, #4073, .T. ) ;
#11883 = EDGE_CURVE ( 'NONE', #9693, #251, #5803, .T. ) ;
#11884 = PRESENTATION_STYLE_ASSIGNMENT (( #5518 ) ) ;
#11885 = VERTEX_POINT ( 'NONE', #4584 ) ;
#11886 = STYLED_ITEM ( 'NONE', ( #8093 ), #8202 ) ;
#11887 = ORIENTED_EDGE ( 'NONE', *, *, #1230, .F. ) ;
#11888 = ADVANCED_FACE ( 'NONE', ( #10307 ), #10192, .F. ) ;
#11889 = FILL_AREA_STYLE ('',( #9134 ) ) ;
#11890 = CARTESIAN_POINT ( 'NONE',  ( -0.1318807768746755316, 0.9800000000000004263, 0.2468621438305867999 ) ) ;
#11891 = CARTESIAN_POINT ( 'NONE',  ( 0.05044595173453347153, 0.9810000000000003162, 0.3197577475172901362 ) ) ;
#11892 = PLANE ( 'NONE',  #1948 ) ;
#11893 = LINE ( 'NONE', #3828, #3278 ) ;
#11894 = ORIENTED_EDGE ( 'NONE', *, *, #5142, .F. ) ;
#11895 = ORIENTED_EDGE ( 'NONE', *, *, #10458, .F. ) ;
#11896 = PRESENTATION_LAYER_ASSIGNMENT (  '', '', ( #2666 ) ) ;
#11897 = DIRECTION ( 'NONE',  ( 0.0000000000000000000, 1.000000000000000000, 0.0000000000000000000 ) ) ;
#11898 = CARTESIAN_POINT ( 'NONE',  ( -0.1252043722825700867, 0.9810000000000003162, 0.2511206207447981842 ) ) ;
#11899 = UNCERTAINTY_MEASURE_WITH_UNIT (LENGTH_MEASURE( 1.000000000000000082E-05 ), #3367, 'distance_accuracy_value', 'NONE');
#11900 = EDGE_LOOP ( 'NONE', ( #1439, #6558, #6460, #9423 ) ) ;
#11901 = FACE_OUTER_BOUND ( 'NONE', #11374, .T. ) ;
#11902 =( NAMED_UNIT ( * ) SI_UNIT ( $, .STERADIAN. ) SOLID_ANGLE_UNIT ( ) );
#11903 = ORIENTED_EDGE ( 'NONE', *, *, #8444, .F. ) ;
#11904 = DIRECTION ( 'NONE',  ( 0.9999748501857350647, -0.0000000000000000000, 0.007092178509934082137 ) ) ;
#11905 = SURFACE_STYLE_FILL_AREA ( #7286 ) ;
#11906 = VECTOR ( 'NONE', #3677, 1000.000000000000000 ) ;
#11907 = COLOUR_RGB ( '',0.2235294117647058654, 0.2235294117647058654, 0.2235294117647058654 ) ;
#11908 = LINE ( 'NONE', #882, #5138 ) ;
#11909 = PRESENTATION_LAYER_ASSIGNMENT (  '', '', ( #5793 ) ) ;
#11910 = CARTESIAN_POINT ( 'NONE',  ( -0.1336083126399199017, 0.9800000000000004263, 0.2192176299579966792 ) ) ;
#11911 = LINE ( 'NONE', #8336, #4768 ) ;
#11912 = EDGE_CURVE ( 'NONE', #4789, #9313, #8210, .T. ) ;
#11913 = AXIS2_PLACEMENT_3D ( 'NONE', #4597, #3550, #8170 ) ;
#11914 = SURFACE_SIDE_STYLE ('',( #11071 ) ) ;
#11915 = LINE ( 'NONE', #2586, #10745 ) ;
#11916 =( NAMED_UNIT ( * ) PLANE_ANGLE_UNIT ( ) SI_UNIT ( $, .RADIAN. ) );
#11917 = STYLED_ITEM ( 'NONE', ( #856 ), #5797 ) ;
#11918 = COLOUR_RGB ( '',0.2235294117647058654, 0.2235294117647058654, 0.2235294117647058654 ) ;
#11919 = LINE ( 'NONE', #11075, #5406 ) ;
#11920 = CARTESIAN_POINT ( 'NONE',  ( 0.01673531508541209814, 0.9800000000000004263, 0.2815605417844621594 ) ) ;
#11921 = MECHANICAL_DESIGN_GEOMETRIC_PRESENTATION_REPRESENTATION (  '', ( #576 ), #378 ) ;
#11922 = ORIENTED_EDGE ( 'NONE', *, *, #7385, .F. ) ;
#11923 = CARTESIAN_POINT ( 'NONE',  ( -0.1031003881603762551, 0.9800000000000004263, 0.2150929045677676954 ) ) ;
#11924 = CARTESIAN_POINT ( 'NONE',  ( -0.1286046035131483412, 0.9810000000000003162, 0.2192531180488545839 ) ) ;
#11925 = CARTESIAN_POINT ( 'NONE',  ( -0.05361791722322011705, 0.9810000000000003162, 0.2441678867532692254 ) ) ;
#11926 = FILL_AREA_STYLE ('',( #4669 ) ) ;
#11927 = VECTOR ( 'NONE', #8696, 1000.000000000000000 ) ;
#11928 =( NAMED_UNIT ( * ) SI_UNIT ( $, .STERADIAN. ) SOLID_ANGLE_UNIT ( ) );
#11929 = AXIS2_PLACEMENT_3D ( 'NONE', #6417, #5570, #4672 ) ;
ENDSEC;
END-ISO-10303-21;
